AAto,AAfrom,Residue,BayesDel_noAF_score,rhapsodyscore,rhapsodyclass,polyphenscore,polyphenclass,Foldx_energy,Rosetta_energy,average_energy,RSA,Mindist_bindingsiteA,Mindist_hinge,score_class,Foldx_Class,Rosetta_Class,Average_Energy_Class,Mindist_Binding_Class,RSA_Class,final_class,binding_final_class,hinge_final_class
N,K,510,0.05216175,0.712,deleterious,0.765,deleterious,0.376292,0.3,0.338146,0.717073171,14.89139297,15.35936366,0,0,0,0,0,0,0,0,0
M,K,510,0.226338,0.629,neutral,0.749,deleterious,0.559204,-0.019,0.270102,0.717073171,14.89139297,15.35936366,1,0,0,0,0,0,0,0,0
R,K,510,0.0902045,0.639,prob.neutral,0.079,neutral,-0.292345,-0.738,-0.5151725,0.717073171,14.89139297,15.35936366,0,0,0,0,0,0,0,0,0
T,K,510,0.257605,0.701,prob.delet.,0.495,neutral,0.862076,1.33,1.096038,0.717073171,14.89139297,15.35936366,1,0,0,0,0,0,0,0,0
E,K,510,0.199121,0.452,neutral,0.009,neutral,0.730662,2.188,1.459331,0.717073171,14.89139297,15.35936366,1,0,0,0,0,0,0,0,0
Q,K,510,0.0617713,0.456,neutral,0.002,neutral,0.467419,2.556,1.5117095,0.717073171,14.89139297,15.35936366,0,0,0,0,0,0,0,0,0
L,P,509,0.188819,0.819,deleterious,1.0,deleterious,2.00237,3.215,2.608685,0.294117647,12.40747901,12.42486706,1,1,0,1,1,0,1,0,0
Q,P,509,0.209642,0.82,deleterious,1.0,deleterious,2.23187,0.501,1.366435,0.294117647,12.40747901,12.42486706,1,1,0,0,1,0,0,0,0
R,P,509,0.237335,0.875,deleterious,1.0,deleterious,1.75402,-1.219,0.26751,0.294117647,12.40747901,12.42486706,1,1,0,0,1,0,0,0,0
A,P,509,0.131362,0.831,deleterious,1.0,deleterious,1.52982,0.141,0.83541,0.294117647,12.40747901,12.42486706,1,1,0,0,1,0,0,0,0
S,P,509,0.135841,0.797,deleterious,1.0,deleterious,1.66629,1.209,1.437645,0.294117647,12.40747901,12.42486706,1,1,0,0,1,0,0,0,0
T,P,509,0.219684,0.792,deleterious,1.0,deleterious,4.3075,0.438,2.37275,0.294117647,12.40747901,12.42486706,1,1,0,0,1,0,0,0,0
A,G,508,0.103143,0.431,neutral,0.537,deleterious,2.2682,2.051,2.1596,0.178571429,13.57100247,8.95352282,0,1,0,0,0,0,0,0,0
D,G,508,0.333877,0.609,neutral,0.999,deleterious,2.14812,3.029,2.58856,0.178571429,13.57100247,8.95352282,1,1,0,1,0,0,1,0,0
V,G,508,0.366238,0.747,deleterious,0.999,deleterious,3.90757,0.14,2.023785,0.178571429,13.57100247,8.95352282,1,1,0,0,0,0,0,0,0
C,G,508,0.217698,0.776,deleterious,1.0,deleterious,1.81898,1.945,1.88199,0.178571429,13.57100247,8.95352282,1,1,0,0,0,0,0,0,0
R,G,508,0.264249,0.757,deleterious,1.0,deleterious,1.98276,0.354,1.16838,0.178571429,13.57100247,8.95352282,1,1,0,0,0,0,0,0,0
S,G,508,0.119142,0.585,neutral,0.992,deleterious,1.46211,2.108,1.785055,0.178571429,13.57100247,8.95352282,0,0,0,0,0,0,0,0,0
P,L,507,0.446837,0.948,deleterious,1.0,deleterious,5.50917,17.619,11.564085,0.213414634,15.11647605,6.032148733,1,1,1,1,0,0,1,0,0
Q,L,507,0.412673,0.937,deleterious,1.0,deleterious,2.42081,5.356,3.888405,0.213414634,15.11647605,6.032148733,1,1,1,1,0,0,1,0,0
R,L,507,0.398231,0.929,deleterious,1.0,deleterious,1.60315,1.095,1.349075,0.213414634,15.11647605,6.032148733,1,1,0,0,0,0,0,0,0
M,L,507,0.0568998,0.843,deleterious,0.995,deleterious,0.196299,-0.14,0.0281495,0.213414634,15.11647605,6.032148733,0,0,0,0,0,0,0,0,0
V,L,507,-0.0576501,0.703,prob.neutral,0.808,deleterious,1.88196,2.48,2.18098,0.213414634,15.11647605,6.032148733,0,1,0,0,0,0,0,0,0
I,M,506,0.3072413333333333,0.789,deleterious,0.998,deleterious,2.42396,0.871,1.64748,0.069148936,15.36027354,8.141830433,1,1,0,0,0,1,1,0,0
K,M,506,0.46621,0.873,deleterious,1.0,deleterious,1.77329,5.862,3.817645,0.069148936,15.36027354,8.141830433,1,1,1,1,0,1,1,0,0
R,M,506,0.479084,0.888,deleterious,1.0,deleterious,1.82949,5.552,3.690745,0.069148936,15.36027354,8.141830433,1,1,1,1,0,1,1,0,0
T,M,506,0.426335,0.869,deleterious,1.0,deleterious,3.2421,4.551,3.89655,0.069148936,15.36027354,8.141830433,1,1,0,1,0,1,1,0,0
L,M,506,0.226833,0.651,neutral,0.996,deleterious,1.00367,-1.775,-0.385665,0.069148936,15.36027354,8.141830433,1,0,0,0,0,1,1,0,0
V,M,506,0.395371,0.785,deleterious,0.999,deleterious,3.12249,3.198,3.160245,0.069148936,15.36027354,8.141830433,1,1,0,1,0,1,1,0,0
E,D,505,-0.3454994999999999,0.109,neutral,0.0,neutral,-0.333306,0.777,0.221847,0.63803681,18.71564022,10.63279724,0,0,0,0,0,0,0,0,0
A,D,505,0.00703723,0.326,neutral,0.033,neutral,-0.0500161,2.449,1.19949195,0.63803681,18.71564022,10.63279724,0,0,0,0,0,0,0,0,0
G,D,505,0.0695328,0.315,neutral,0.024,neutral,0.124872,3.033,1.578936,0.63803681,18.71564022,10.63279724,0,0,0,0,0,0,0,0,0
V,D,505,0.114513,0.352,neutral,0.093,neutral,0.393532,2.19,1.291766,0.63803681,18.71564022,10.63279724,0,0,0,0,0,0,0,0,0
H,D,505,0.0408934,0.335,neutral,0.609,deleterious,-0.0490509,1.02,0.48547455,0.63803681,18.71564022,10.63279724,0,0,0,0,0,0,0,0,0
N,D,505,-0.240836,0.148,neutral,0.0,neutral,-0.211858,0.82,0.304071,0.63803681,18.71564022,10.63279724,0,0,0,0,0,0,0,0,0
Y,D,505,0.145231,0.36,neutral,0.927,deleterious,-1.0784,0.707,-0.1857,0.63803681,18.71564022,10.63279724,1,0,0,0,0,0,0,0,0
N,K,504,-0.2726775,0.216,neutral,0.009,neutral,1.27046,3.16,2.21523,0.712195122,19.79394051,9.103497551,0,0,0,0,0,0,0,0,0
M,K,504,-0.0999501,0.369,neutral,0.641,deleterious,-0.0587314,0.13,0.0356343,0.712195122,19.79394051,9.103497551,0,0,0,0,0,0,0,0,0
R,K,504,-0.295394,0.237,neutral,0.026,neutral,0.0746738,0.553,0.3138369,0.712195122,19.79394051,9.103497551,0,0,0,0,0,0,0,0,0
T,K,504,-0.200993,0.257,neutral,0.003,neutral,0.979451,3.762,2.3707255,0.712195122,19.79394051,9.103497551,0,0,0,0,0,0,0,0,0
E,K,504,-0.371206,0.09,neutral,0.0,neutral,0.457188,0.496,0.476594,0.712195122,19.79394051,9.103497551,0,0,0,0,0,0,0,0,0
Q,K,504,-0.281416,0.219,neutral,0.001,neutral,0.415419,1.47,0.9427095,0.712195122,19.79394051,9.103497551,0,0,0,0,0,0,0,0,0
H,P,503,0.468923,0.907,deleterious,1.0,deleterious,4.12134,4.819,4.47017,0.205882353,17.94796454,8.875082729,1,1,1,1,0,0,1,0,0
L,P,503,0.487828,0.923,deleterious,1.0,deleterious,1.52914,2.725,2.12707,0.205882353,17.94796454,8.875082729,1,1,0,0,0,0,0,0,0
R,P,503,0.583211,0.927,deleterious,1.0,deleterious,1.8363,2.529,2.18265,0.205882353,17.94796454,8.875082729,1,1,0,0,0,0,0,0,0
A,P,503,0.359502,0.887,deleterious,1.0,deleterious,2.40906,-0.227,1.09103,0.205882353,17.94796454,8.875082729,1,1,0,0,0,0,0,0,0
S,P,503,0.389682,0.905,deleterious,1.0,deleterious,3.76425,0.424,2.094125,0.205882353,17.94796454,8.875082729,1,1,0,0,0,0,0,0,0
T,P,503,0.540159,0.901,deleterious,1.0,deleterious,2.51181,-1.549,0.481405,0.205882353,17.94796454,8.875082729,1,1,0,0,0,0,0,0,0
N,K,502,-0.03516215,0.249,neutral,0.004,neutral,1.31089,-1.607,-0.148055,0.36097561,21.36144007,12.65699769,0,0,0,0,0,0,0,0,0
I,K,502,0.20403,0.715,prob.delet.,0.066,neutral,1.30016,-2.362,-0.53092,0.36097561,21.36144007,12.65699769,1,0,0,0,0,0,0,0,0
R,K,502,-0.0659011,0.117,neutral,0.0,neutral,-0.165353,-3.074,-1.6196765,0.36097561,21.36144007,12.65699769,0,0,0,0,0,0,0,0,0
T,K,502,0.207759,0.647,neutral,0.29,neutral,2.22804,0.728,1.47802,0.36097561,21.36144007,12.65699769,1,1,0,0,0,0,0,0,0
E,K,502,0.213907,0.536,neutral,0.078,neutral,2.68829,-0.419,1.134645,0.36097561,21.36144007,12.65699769,1,1,0,0,0,0,0,0,0
Q,K,502,0.0632439,0.329,neutral,0.006,neutral,1.81664,-1.575,0.12082,0.36097561,21.36144007,12.65699769,0,1,0,0,0,0,0,0,0
A,V,501,0.276562,0.821,deleterious,0.98,deleterious,2.46045,8.603,5.531725,0.098591549,20.23947652,14.69740254,1,1,1,1,0,1,1,0,0
E,V,501,0.417604,0.881,deleterious,0.998,deleterious,2.57393,6.594,4.583965,0.098591549,20.23947652,14.69740254,1,1,1,1,0,1,1,0,0
G,V,501,0.406753,0.889,deleterious,1.0,deleterious,3.00449,10.638,6.821245,0.098591549,20.23947652,14.69740254,1,1,1,1,0,1,1,0,0
I,V,501,0.0855679,0.695,prob.neutral,0.788,deleterious,-0.0237138,4.052,2.0141431,0.098591549,20.23947652,14.69740254,0,0,0,0,0,1,1,0,0
L,V,501,0.1314104999999999,0.657,neutral,0.051,neutral,-0.824512,2.736,0.955744,0.098591549,20.23947652,14.69740254,1,0,0,0,0,1,1,0,0
C,W,500,0.385945,0.761,deleterious,1.0,deleterious,4.38628,14.29,9.33814,0.189427313,23.13029008,17.99884978,1,1,1,1,0,0,1,0,0
L,W,500,0.220323,0.827,deleterious,0.994,deleterious,2.8696,7.757,5.3133,0.189427313,23.13029008,17.99884978,1,1,1,1,0,0,1,0,0
S,W,500,0.357407,0.775,deleterious,0.999,deleterious,4.63292,12.422,8.52746,0.189427313,23.13029008,17.99884978,1,1,1,1,0,0,1,0,0
G,W,500,0.377059,0.819,deleterious,0.999,deleterious,5.22142,15.256,10.23871,0.189427313,23.13029008,17.99884978,1,1,1,1,0,0,1,0,0
R,W,500,0.3542625,0.773,deleterious,1.0,deleterious,4.32478,7.361,5.84289,0.189427313,23.13029008,17.99884978,1,1,1,1,0,0,1,0,0
D,E,499,-0.1885405,0.067,neutral,0.0,neutral,0.844609,0.786,0.8153045,0.680412371,26.05626045,19.14004387,0,0,0,0,0,0,0,0,0
A,E,499,-0.0871779,0.092,neutral,0.0,neutral,0.233099,0.886,0.5595495,0.680412371,26.05626045,19.14004387,0,0,0,0,0,0,0,0,0
G,E,499,0.0189223,0.367,neutral,0.078,neutral,1.07109,4.159,2.615045,0.680412371,26.05626045,19.14004387,0,0,0,1,0,0,1,0,0
V,E,499,0.0159379,0.467,neutral,0.037,neutral,0.970997,-0.453,0.2589985,0.680412371,26.05626045,19.14004387,0,0,0,0,0,0,0,0,0
K,E,499,-0.172037,0.094,neutral,0.004,neutral,0.194781,0.122,0.1583905,0.680412371,26.05626045,19.14004387,0,0,0,0,0,0,0,0,0
Q,E,499,-0.279706,0.062,neutral,0.002,neutral,0.0237284,0.637,0.3303642,0.680412371,26.05626045,19.14004387,0,0,0,0,0,0,0,0,0
E,D,498,-0.2209634999999999,0.179,neutral,0.0,neutral,-0.465285,1.275,0.4048575,0.668711656,24.3633275,16.1578088,0,0,0,0,0,0,0,0,0
A,D,498,0.104394,0.257,neutral,0.001,neutral,-0.0817063,3.303,1.61064685,0.668711656,24.3633275,16.1578088,0,0,0,0,0,0,0,0,0
G,D,498,0.220227,0.525,neutral,0.124,neutral,0.406868,5.124,2.765434,0.668711656,24.3633275,16.1578088,1,0,1,1,0,0,1,0,0
V,D,498,0.277327,0.644,neutral,0.109,neutral,0.299715,2.08,1.1898575,0.668711656,24.3633275,16.1578088,1,0,0,0,0,0,0,0,0
H,D,498,0.199813,0.582,neutral,0.788,deleterious,0.436001,3.47,1.9530005,0.668711656,24.3633275,16.1578088,1,0,0,0,0,0,0,0,0
N,D,498,-0.14015,0.16,neutral,0.001,neutral,-0.0964526,3.369,1.6362737,0.668711656,24.3633275,16.1578088,0,0,0,0,0,0,0,0,0
Y,D,498,0.25645,0.658,neutral,0.909,deleterious,-0.639909,4.778,2.0690455,0.668711656,24.3633275,16.1578088,1,0,1,0,0,0,0,0,0
L,F,497,0.2117105,0.627,neutral,0.235,neutral,1.30749,9.306,5.306745,0.096446701,22.76387993,16.87047739,1,0,1,1,0,1,1,0,0
C,F,497,0.424845,0.878,deleterious,1.0,deleterious,4.02512,13.279,8.65206,0.096446701,22.76387993,16.87047739,1,1,1,1,0,1,1,0,0
S,F,497,0.422239,0.877,deleterious,0.999,deleterious,4.40033,13.23,8.815165,0.096446701,22.76387993,16.87047739,1,1,1,1,0,1,1,0,0
Y,F,497,0.177351,0.52,neutral,0.573,deleterious,1.06014,-0.785,0.13757,0.096446701,22.76387993,16.87047739,1,0,0,0,0,1,1,0,0
I,F,497,0.222529,0.839,deleterious,0.987,deleterious,3.2503,9.741,6.49565,0.096446701,22.76387993,16.87047739,1,1,1,1,0,1,1,0,0
L,F,497,0.250709,0.627,neutral,0.235,neutral,1.30749,9.306,5.306745,0.096446701,22.76387993,16.87047739,1,0,1,1,0,1,1,0,0
V,F,497,0.417684,0.835,deleterious,0.982,deleterious,3.4572,8.873,6.1651,0.096446701,22.76387993,16.87047739,1,1,1,1,0,1,1,0,0
H,Q,496,0.2084444999999999,0.561,neutral,0.972,deleterious,0.573139,2.078,1.3255695,0.358585859,26.18073249,20.54093555,1,0,0,0,0,0,0,0,0
L,Q,496,0.224095,0.72,prob.delet.,0.972,deleterious,-0.313708,-0.336,-0.324854,0.358585859,26.18073249,20.54093555,1,0,0,0,0,0,0,0,0
P,Q,496,0.39845,0.655,neutral,0.963,deleterious,0.641597,15.607,8.1242985,0.358585859,26.18073249,20.54093555,1,0,1,1,0,0,1,0,0
R,Q,496,0.291469,0.582,neutral,0.917,deleterious,0.574049,3.457,2.0155245,0.358585859,26.18073249,20.54093555,1,0,0,0,0,0,0,0,0
E,Q,496,-0.130214,0.239,neutral,0.015,neutral,0.0845879,1.436,0.76029395,0.358585859,26.18073249,20.54093555,0,0,0,0,0,0,0,0,0
K,Q,496,0.175429,0.488,neutral,0.707,deleterious,0.19853,4.625,2.411765,0.358585859,26.18073249,20.54093555,1,0,0,0,0,0,0,0,0
D,E,495,-0.141399,0.345,neutral,0.0,neutral,0.8516,1.53,1.1908,0.731958763,27.98312048,20.28414201,0,0,0,0,0,0,0,0,0
A,E,495,0.0708839,0.379,neutral,0.002,neutral,1.44887,2.65,2.049435,0.731958763,27.98312048,20.28414201,0,0,0,0,0,0,0,0,0
G,E,495,0.234866,0.683,prob.neutral,0.32,neutral,1.99122,4.555,3.27311,0.731958763,27.98312048,20.28414201,1,1,0,1,0,0,1,0,0
V,E,495,0.211145,0.717,prob.delet.,0.234,neutral,1.80641,1.537,1.671705,0.731958763,27.98312048,20.28414201,1,1,0,0,0,0,0,0,0
K,E,495,0.167829,0.361,neutral,0.007,neutral,1.64347,1.641,1.642235,0.731958763,27.98312048,20.28414201,1,1,0,0,0,0,0,0,0
Q,E,495,-0.0564927,0.398,neutral,0.011,neutral,1.23374,1.491,1.36237,0.731958763,27.98312048,20.28414201,0,0,0,0,0,0,0,0,0
E,A,494,-0.262827,0.143,neutral,0.0,neutral,-0.233646,-0.371,-0.302323,0.330188679,25.79760766,18.47857241,0,0,0,0,0,0,0,0,0
G,A,494,-0.140905,0.379,neutral,0.003,neutral,0.826654,3.224,2.025327,0.330188679,25.79760766,18.47857241,0,0,0,0,0,0,0,0,0
V,A,494,-0.0335705,0.348,neutral,0.103,neutral,0.717472,0.867,0.792236,0.330188679,25.79760766,18.47857241,0,0,0,0,0,0,0,0,0
P,A,494,0.0354341,0.552,neutral,0.249,neutral,-2.07947,4.584,1.252265,0.330188679,25.79760766,18.47857241,0,0,0,0,0,0,0,0,0
S,A,494,-0.244658,0.076,neutral,0.0,neutral,0.702934,1.659,1.180967,0.330188679,25.79760766,18.47857241,0,0,0,0,0,0,0,0,0
T,A,494,-0.0609832,0.225,neutral,0.001,neutral,0.634794,1.029,0.831897,0.330188679,25.79760766,18.47857241,0,0,0,0,0,0,0,0,0
I,T,493,0.18048,0.698,prob.neutral,0.479,neutral,2.07506,2.697,2.38603,0.394366197,26.58434485,21.3361246,1,1,0,0,0,0,0,0,0
K,T,493,0.238852,0.509,neutral,0.004,neutral,1.78,1.763,1.7715,0.394366197,26.58434485,21.3361246,1,1,0,0,0,0,0,0,0
R,T,493,0.274504,0.699,prob.neutral,0.711,deleterious,1.56902,2.486,2.02751,0.394366197,26.58434485,21.3361246,1,1,0,0,0,0,0,0,0
A,T,493,0.116401,0.337,neutral,0.001,neutral,0.466601,-0.048,0.2093005,0.394366197,26.58434485,21.3361246,0,0,0,0,0,0,0,0,0
P,T,493,0.239842,0.688,prob.neutral,0.444,neutral,1.31117,5.752,3.531585,0.394366197,26.58434485,21.3361246,1,0,1,1,0,0,1,0,0
S,T,493,-0.14079,0.251,neutral,0.0,neutral,-0.610353,-1.037,-0.8236765,0.394366197,26.58434485,21.3361246,0,0,0,0,0,0,0,0,0
H,L,492,0.489454,0.862,deleterious,0.999,deleterious,48.2336,4.498,26.3658,0.079268293,24.68471092,21.81617966,1,1,0,1,0,1,1,0,0
P,L,492,0.489683,0.854,deleterious,0.998,deleterious,5.77822,15.909,10.84361,0.079268293,24.68471092,21.81617966,1,1,1,1,0,1,1,0,0
R,L,492,0.488168,0.793,deleterious,0.994,deleterious,9.86208,14.002,11.93204,0.079268293,24.68471092,21.81617966,1,1,1,1,0,1,1,0,0
F,L,492,0.421305,0.753,deleterious,0.12,neutral,12.1373,-3.477,4.33015,0.079268293,24.68471092,21.81617966,1,1,0,1,0,1,1,0,0
I,L,492,0.188765,0.356,neutral,0.003,neutral,3.47793,-0.224,1.626965,0.079268293,24.68471092,21.81617966,1,1,0,0,0,1,1,0,0
V,L,492,0.181992,0.375,neutral,0.001,neutral,3.50213,-2.432,0.535065,0.079268293,24.68471092,21.81617966,1,1,0,0,0,1,1,0,0
C,Y,491,0.218551,0.63,neutral,0.972,deleterious,2.7275,6.576,4.65175,0.243243243,23.40097647,22.8605316,1,1,1,1,0,0,1,0,0
F,Y,491,-0.237461,0.257,neutral,0.0,neutral,0.0612063,1.028,0.54460315,0.243243243,23.40097647,22.8605316,0,0,0,0,0,0,0,0,0
S,Y,491,0.143484,0.633,neutral,0.177,neutral,3.89895,7.664,5.781475,0.243243243,23.40097647,22.8605316,1,1,1,1,0,0,1,0,0
D,Y,491,0.171318,0.631,neutral,0.601,deleterious,4.22075,6.219,5.219875,0.243243243,23.40097647,22.8605316,1,1,1,1,0,0,1,0,0
H,Y,491,-0.0160686,0.411,neutral,0.0,neutral,2.60944,4.579,3.59422,0.243243243,23.40097647,22.8605316,0,1,0,1,0,0,1,0,0
N,Y,491,0.197609,0.659,neutral,0.601,deleterious,3.61551,5.183,4.399255,0.243243243,23.40097647,22.8605316,1,1,1,1,0,0,1,0,0
A,G,490,0.417008,0.811,deleterious,0.827,deleterious,3.44827,2.701,3.074635,0.738095238,25.12442577,23.73678004,1,1,0,1,0,0,1,0,0
D,G,490,0.400308,0.847,deleterious,0.947,deleterious,4.45589,1.373,2.914445,0.738095238,25.12442577,23.73678004,1,1,0,1,0,0,1,0,0
V,G,490,0.451583,0.884,deleterious,0.995,deleterious,4.52416,5.356,4.94008,0.738095238,25.12442577,23.73678004,1,1,1,1,0,0,1,0,0
C,G,490,0.448034,0.833,deleterious,0.999,deleterious,3.2552,3.587,3.4211,0.738095238,25.12442577,23.73678004,1,1,0,1,0,0,1,0,0
R,G,490,0.441665,0.889,deleterious,0.98,deleterious,0.625985,-0.915,-0.1445075,0.738095238,25.12442577,23.73678004,1,0,0,0,0,0,0,0,0
S,G,490,0.415476,0.836,deleterious,0.894,deleterious,3.08456,3.399,3.24178,0.738095238,25.12442577,23.73678004,1,1,0,1,0,0,1,0,0
H,L,489,0.403258,0.535,neutral,0.004,neutral,1.04016,6.683,3.86158,0.390243902,22.26534792,22.03830922,1,0,1,1,0,0,1,0,0
P,L,489,0.432937,0.699,prob.neutral,0.906,deleterious,4.81678,20.832,12.82439,0.390243902,22.26534792,22.03830922,1,1,1,1,0,0,1,0,0
R,L,489,0.397691,0.714,prob.delet.,0.488,neutral,0.782018,7.289,4.035509,0.390243902,22.26534792,22.03830922,1,0,1,1,0,0,1,0,0
F,L,489,0.213578,0.413,neutral,0.009,neutral,0.793913,7.936,4.3649565,0.390243902,22.26534792,22.03830922,1,0,1,1,0,0,1,0,0
I,L,489,0.130511,0.426,neutral,0.001,neutral,2.20206,5.182,3.69203,0.390243902,22.26534792,22.03830922,1,1,1,1,0,0,1,0,0
V,L,489,0.157306,0.437,neutral,0.011,neutral,1.97057,5.894,3.932285,0.390243902,22.26534792,22.03830922,1,1,1,1,0,0,1,0,0
D,E,488,-0.136157,0.237,neutral,0.0,neutral,0.364913,0.969,0.6669565,0.81443299,23.11942998,20.50155176,0,0,0,0,0,0,0,0,0
A,E,488,-0.0979429,0.247,neutral,0.0,neutral,-0.204314,-0.739,-0.471657,0.81443299,23.11942998,20.50155176,0,0,0,0,0,0,0,0,0
G,E,488,0.0248336,0.507,neutral,0.047,neutral,0.672174,1.945,1.308587,0.81443299,23.11942998,20.50155176,0,0,0,0,0,0,0,0,0
V,E,488,0.035968,0.379,neutral,0.001,neutral,0.231805,0.779,0.5054025,0.81443299,23.11942998,20.50155176,0,0,0,0,0,0,0,0,0
K,E,488,-0.241792,0.111,neutral,0.0,neutral,-0.590313,-0.444,-0.5171565,0.81443299,23.11942998,20.50155176,0,0,0,0,0,0,0,0,0
Q,E,488,-0.154086,0.292,neutral,0.003,neutral,-0.476903,1.218,0.3705485,0.81443299,23.11942998,20.50155176,0,0,0,0,0,0,0,0,0
M,I,487,-0.208945,0.543,neutral,0.637,deleterious,0.13414,2.06,1.09707,0.390532544,23.04741045,19.21773691,0,0,0,0,0,0,0,0,0
N,I,487,0.0289918,0.697,prob.neutral,0.853,deleterious,1.3619,4.608,2.98495,0.390532544,23.04741045,19.21773691,0,0,0,1,0,0,1,0,0
S,I,487,0.0233515,0.674,prob.neutral,0.853,deleterious,1.488,5.796,3.642,0.390532544,23.04741045,19.21773691,0,1,1,1,0,0,1,0,0
T,I,487,0.000346682,0.627,neutral,0.331,neutral,0.531545,4.734,2.6327725,0.390532544,23.04741045,19.21773691,0,0,0,1,0,0,1,0,0
F,I,487,-0.0775305,0.435,neutral,0.005,neutral,1.05545,3.582,2.318725,0.390532544,23.04741045,19.21773691,0,0,0,0,0,0,0,0,0
L,I,487,-0.383639,0.287,neutral,0.0,neutral,-0.516203,-0.589,-0.5526015,0.390532544,23.04741045,19.21773691,0,0,0,0,0,0,0,0,0
V,I,487,-0.363933,0.33,neutral,0.0,neutral,0.951703,0.743,0.8473515,0.390532544,23.04741045,19.21773691,0,0,0,0,0,0,0,0,0
D,A,486,0.473378,0.931,deleterious,0.993,deleterious,7.37318,17.469,12.42109,0.0,19.58686223,17.55375085,1,1,1,1,0,1,1,0,0
G,A,486,0.35395,0.593,neutral,0.028,neutral,1.97571,6.672,4.323855,0.0,19.58686223,17.55375085,1,1,1,1,0,1,1,0,0
V,A,486,0.304266,0.895,deleterious,0.998,deleterious,3.56134,2.917,3.23917,0.0,19.58686223,17.55375085,1,1,0,1,0,1,1,0,0
P,A,486,0.452972,0.9,deleterious,0.997,deleterious,7.02107,23.132,15.076535,0.0,19.58686223,17.55375085,1,1,1,1,0,1,1,0,0
S,A,486,0.231236,0.643,neutral,0.176,neutral,0.697829,5.777,3.2374145,0.0,19.58686223,17.55375085,1,0,1,1,0,1,1,0,0
T,A,486,0.332725,0.895,deleterious,0.979,deleterious,2.16451,6.151,4.157755,0.0,19.58686223,17.55375085,1,1,1,1,0,1,1,0,0
I,T,485,-0.0247352,0.637,neutral,0.267,neutral,-2.04348,-2.498,-2.27074,0.014084507,18.35577707,16.09218545,0,0,0,0,0,1,1,0,0
N,T,485,-0.0450272,0.595,neutral,0.135,neutral,1.83693,5.3,3.568465,0.014084507,18.35577707,16.09218545,0,1,1,1,0,1,1,0,0
S,T,485,-0.124235,0.205,neutral,0.0,neutral,0.501979,4.105,2.3034895,0.014084507,18.35577707,16.09218545,0,0,0,0,0,1,1,0,0
A,T,485,-0.239556,0.219,neutral,0.0,neutral,-0.372634,0.562,0.094683,0.014084507,18.35577707,16.09218545,0,0,0,0,0,1,1,0,0
P,T,485,0.159306,0.661,neutral,0.24,neutral,3.62685,19.439,11.532925,0.014084507,18.35577707,16.09218545,1,1,1,1,0,1,1,0,0
S,T,485,-0.163303,0.205,neutral,0.0,neutral,0.501979,4.105,2.3034895,0.014084507,18.35577707,16.09218545,0,0,0,0,0,1,1,0,0
D,E,484,-0.233962,0.393,neutral,0.0,neutral,0.25594,1.892,1.07397,0.489690722,20.12798049,14.49402875,0,0,0,0,0,0,0,0,0
A,E,484,-0.211406,0.394,neutral,0.001,neutral,1.21677,1.496,1.356385,0.489690722,20.12798049,14.49402875,0,0,0,0,0,0,0,0,0
G,E,484,-0.111069,0.709,prob.delet.,0.209,neutral,2.10587,4.149,3.127435,0.489690722,20.12798049,14.49402875,0,1,0,1,0,0,1,0,0
V,E,484,-0.028816,0.599,neutral,0.007,neutral,1.36234,0.459,0.91067,0.489690722,20.12798049,14.49402875,0,0,0,0,0,0,0,0,0
K,E,484,-0.0495336,0.663,neutral,0.128,neutral,1.16919,1.783,1.476095,0.489690722,20.12798049,14.49402875,0,0,0,0,0,0,0,0,0
Q,E,484,-0.234743,0.243,neutral,0.001,neutral,0.715299,0.135,0.4251495,0.489690722,20.12798049,14.49402875,0,0,0,0,0,0,0,0,0
N,K,483,-0.00964061,0.702,prob.neutral,0.989,deleterious,1.59872,6.63,4.11436,0.429268293,19.0049219,13.16316643,0,1,1,1,0,0,1,0,0
M,K,483,0.271491,0.692,prob.neutral,0.95,deleterious,-0.601345,3.779,1.5888275,0.429268293,19.0049219,13.16316643,1,0,0,0,0,0,0,0,0
R,K,483,-0.125624,0.593,neutral,0.036,neutral,0.310987,2.224,1.2674935,0.429268293,19.0049219,13.16316643,0,0,0,0,0,0,0,0,0
T,K,483,0.257255,0.744,deleterious,0.927,deleterious,0.779925,6.095,3.4374625,0.429268293,19.0049219,13.16316643,1,0,1,1,0,0,1,0,0
E,K,483,0.413206,0.548,neutral,0.101,neutral,0.320622,5.448,2.884311,0.429268293,19.0049219,13.16316643,1,0,1,1,0,0,1,0,0
Q,K,483,0.194515,0.715,prob.delet.,0.837,deleterious,0.580264,4.476,2.528132,0.429268293,19.0049219,13.16316643,1,0,0,1,0,0,1,0,0
F,L,482,0.381973,0.863,deleterious,1.0,deleterious,4.43414,16.434,10.43407,0.024390244,15.24469147,11.85797436,1,1,1,1,0,1,1,0,0
S,L,482,0.459603,0.907,deleterious,1.0,deleterious,3.58911,15.144,9.366555,0.024390244,15.24469147,11.85797436,1,1,1,1,0,1,1,0,0
I,L,482,0.132593,0.807,deleterious,0.996,deleterious,0.0814661,2.25,1.16573305,0.024390244,15.24469147,11.85797436,1,0,0,0,0,1,1,0,0
V,L,482,0.25906,0.825,deleterious,0.997,deleterious,1.02543,6.184,3.604715,0.024390244,15.24469147,11.85797436,1,0,1,1,0,1,1,0,0
I,T,481,0.402575,0.868,deleterious,0.992,deleterious,2.67879,2.617,2.647895,0.154929577,15.64689171,9.974418222,1,1,0,1,0,0,1,0,0
N,T,481,0.0187304,0.881,deleterious,0.931,deleterious,-0.126079,2.274,1.0739605,0.154929577,15.64689171,9.974418222,0,0,0,0,0,0,0,0,0
S,T,481,0.0467759,0.631,neutral,0.205,neutral,-0.54946,0.841,0.14577,0.154929577,15.64689171,9.974418222,0,0,0,0,0,0,0,0,0
A,T,481,0.314318,0.847,deleterious,0.385,neutral,0.276987,1.591,0.9339935,0.154929577,15.64689171,9.974418222,1,0,0,0,0,0,0,0,0
P,T,481,0.401746,0.864,deleterious,0.965,deleterious,-0.290785,4.791,2.2501075,0.154929577,15.64689171,9.974418222,1,0,1,0,0,0,0,0,0
S,T,481,0.0223017,0.631,neutral,0.205,neutral,-0.54946,0.841,0.14577,0.154929577,15.64689171,9.974418222,0,0,0,0,0,0,0,0,0
L,S,480,0.125097,0.168,neutral,0.0,neutral,-0.688678,-4.756,-2.722339,0.123076923,16.01007085,12.04619671,1,0,0,0,0,1,1,0,0
A,S,480,-0.12265,0.227,neutral,0.002,neutral,0.182331,-0.568,-0.1928345,0.123076923,16.01007085,12.04619671,0,0,0,0,0,1,1,0,0
P,S,480,0.212933,0.485,neutral,0.381,neutral,1.67579,11.443,6.559395,0.123076923,16.01007085,12.04619671,1,1,1,1,0,1,1,0,0
T,S,480,-0.230077,0.083,neutral,0.0,neutral,0.308723,-1.915,-0.8031385,0.123076923,16.01007085,12.04619671,0,0,0,0,0,1,1,0,0
A,G,479,0.426028,0.737,prob.delet.,0.464,neutral,3.83015,3.538,3.684075,0.547619048,14.36731682,12.96606525,1,1,0,1,0,0,1,0,0
E,G,479,0.425377,0.686,prob.neutral,0.946,deleterious,4.23913,0.866,2.552565,0.547619048,14.36731682,12.96606525,1,1,0,1,0,0,1,0,0
V,G,479,0.443511,0.682,prob.neutral,0.972,deleterious,5.80048,5.699,5.74974,0.547619048,14.36731682,12.96606525,1,1,1,1,0,0,1,0,0
R,G,479,0.3967765,0.661,neutral,0.946,deleterious,1.0728,-0.613,0.2299,0.547619048,14.36731682,12.96606525,1,0,0,0,0,0,0,0,0
K,N,478,-0.446535,0.172,neutral,0.001,neutral,0.569348,-1.928,-0.679326,0.50955414,15.55788914,16.4744659,0,0,0,0,0,0,0,0,0
I,N,478,-0.0725306,0.647,neutral,0.482,neutral,1.41803,-0.686,0.366015,0.50955414,15.55788914,16.4744659,0,0,0,0,0,0,0,0,0
S,N,478,-0.387367,0.391,neutral,0.0,neutral,0.27315,1.296,0.784575,0.50955414,15.55788914,16.4744659,0,0,0,0,0,0,0,0,0
T,N,478,-0.318264,0.487,neutral,0.021,neutral,0.499468,0.616,0.557734,0.50955414,15.55788914,16.4744659,0,0,0,0,0,0,0,0,0
D,N,478,-0.35373,0.179,neutral,0.0,neutral,1.24144,0.946,1.09372,0.50955414,15.55788914,16.4744659,0,0,0,0,0,0,0,0,0
H,N,478,-0.237878,0.464,neutral,0.002,neutral,1.09547,-0.925,0.085235,0.50955414,15.55788914,16.4744659,0,0,0,0,0,0,0,0,0
Y,N,478,-0.0711944,0.657,neutral,0.551,deleterious,1.03736,-0.426,0.30568,0.50955414,15.55788914,16.4744659,0,0,0,0,0,0,0,0,0
N,K,477,-0.0615566,0.501,neutral,0.764,deleterious,0.297791,0.193,0.2453955,0.819512195,12.73551326,17.31536759,0,0,0,0,1,0,0,0,0
I,K,477,0.145658,0.507,neutral,0.002,neutral,0.371206,-1.265,-0.446897,0.819512195,12.73551326,17.31536759,1,0,0,0,1,0,0,0,0
R,K,477,-0.126537,0.427,neutral,0.001,neutral,-0.0388096,-0.439,-0.2389048,0.819512195,12.73551326,17.31536759,0,0,0,0,1,0,0,0,0
T,K,477,0.162815,0.484,neutral,0.024,neutral,1.05182,1.149,1.10041,0.819512195,12.73551326,17.31536759,1,0,0,0,1,0,0,0,0
E,K,477,0.087236,0.423,neutral,0.001,neutral,0.546407,-1.199,-0.3262965,0.819512195,12.73551326,17.31536759,0,0,0,0,1,0,0,0,0
Q,K,477,-0.0447699,0.437,neutral,0.003,neutral,0.122002,1.317,0.719501,0.819512195,12.73551326,17.31536759,0,0,0,0,1,0,0,0,0
Q,H,476,0.0973477,0.547,neutral,0.983,deleterious,-0.8305626,1.643,0.4062187,0.407608696,10.1679355,14.10836308,0,0,0,0,1,0,0,0,0
L,H,476,0.124358,0.424,neutral,0.008,neutral,-1.9313776,-0.802,-1.3666888,0.407608696,10.1679355,14.10836308,1,0,0,0,1,0,0,0,0
P,H,476,0.402137,0.775,deleterious,0.977,deleterious,6.0083724,18.952,12.4801862,0.407608696,10.1679355,14.10836308,1,1,1,1,1,0,1,0,0
R,H,476,0.210864,0.586,neutral,0.949,deleterious,-0.6646376,0.769,0.0521812,0.407608696,10.1679355,14.10836308,1,0,0,0,1,0,0,0,0
D,H,476,0.356953,0.701,prob.neutral,0.977,deleterious,0.6386134,4.084,2.3613067,0.407608696,10.1679355,14.10836308,1,0,0,0,1,0,0,0,0
N,H,476,0.013445,0.623,neutral,0.977,deleterious,0.3600374,3.345,1.8525187,0.407608696,10.1679355,14.10836308,0,0,0,0,1,0,0,0,0
Y,H,476,0.0852912,0.268,neutral,0.046,neutral,-1.0017376,-2.236,-1.6188688,0.407608696,10.1679355,14.10836308,0,0,0,0,1,0,0,0,0
E,A,475,0.580147,0.855,deleterious,0.967,deleterious,5.95046,15.535,10.74273,0.0,13.17281419,14.14466961,1,1,1,1,1,1,1,0,0
G,A,475,0.35497,0.679,prob.neutral,0.028,neutral,1.91335,5.954,3.933675,0.0,13.17281419,14.14466961,1,1,1,1,1,1,1,0,0
V,A,475,0.57362,0.921,deleterious,0.999,deleterious,3.70894,5.443,4.57597,0.0,13.17281419,14.14466961,1,1,1,1,1,1,1,0,0
P,A,475,0.564327,0.913,deleterious,1.0,deleterious,7.7037,28.451,18.07735,0.0,13.17281419,14.14466961,1,1,1,1,1,1,1,0,0
S,A,475,0.325154,0.901,deleterious,0.989,deleterious,1.48313,6.083,3.783065,0.0,13.17281419,14.14466961,1,1,1,1,1,1,1,0,0
T,A,475,0.519268,0.917,deleterious,1.0,deleterious,1.98158,7.753,4.86729,0.0,13.17281419,14.14466961,1,1,1,1,1,1,1,0,0
I,T,474,0.066376,0.443,neutral,0.275,neutral,-1.09679,-1.42,-1.258395,0.288732394,14.10450989,17.85649583,0,0,0,0,0,0,0,0,0
K,T,474,-0.00211333,0.205,neutral,0.002,neutral,-0.719368,1.31,0.295316,0.288732394,14.10450989,17.85649583,0,0,0,0,0,0,0,0,0
R,T,474,0.102253,0.451,neutral,0.504,deleterious,-0.311342,-0.099,-0.205171,0.288732394,14.10450989,17.85649583,0,0,0,0,0,0,0,0,0
A,T,474,-0.0352121,0.087,neutral,0.0,neutral,-0.144017,0.404,0.1299915,0.288732394,14.10450989,17.85649583,0,0,0,0,0,0,0,0,0
P,T,474,0.259054,0.48,neutral,0.248,neutral,2.24126,21.417,11.82913,0.288732394,14.10450989,17.85649583,1,1,1,1,0,0,1,0,0
S,T,474,-0.0751237,0.139,neutral,0.0,neutral,0.293169,2.876,1.5845845,0.288732394,14.10450989,17.85649583,0,0,0,0,0,0,0,0,0
N,K,473,-0.09976545,0.38,neutral,0.081,neutral,-0.105704,-0.285,-0.195352,0.585365854,11.00402555,17.69396818,0,0,0,0,1,0,0,0,0
M,K,473,0.293509,0.729,prob.delet.,0.992,deleterious,-0.385894,-2.406,-1.395947,0.585365854,11.00402555,17.69396818,1,0,0,0,1,0,0,0,0
R,K,473,0.0494772,0.612,neutral,0.036,neutral,0.237442,-0.604,-0.183279,0.585365854,11.00402555,17.69396818,0,0,0,0,1,0,0,0,0
T,K,473,0.236959,0.597,neutral,0.247,neutral,0.648578,-0.112,0.268289,0.585365854,11.00402555,17.69396818,1,0,0,0,1,0,0,0,0
E,K,473,0.273573,0.713,prob.delet.,0.784,deleterious,0.315705,-0.677,-0.1806475,0.585365854,11.00402555,17.69396818,1,0,0,0,1,0,0,0,0
Q,K,473,0.0526917,0.732,prob.delet.,0.837,deleterious,0.241964,-2.305,-1.031518,0.585365854,11.00402555,17.69396818,0,0,0,0,1,0,0,0,0
D,A,472,0.568218,0.924,deleterious,1.0,deleterious,4.68328,12.331,8.50714,0.0,11.11062062,15.25946154,1,1,1,1,1,1,1,0,0
G,A,472,0.321912,0.933,deleterious,0.998,deleterious,2.09835,7.202,4.650175,0.0,11.11062062,15.25946154,1,1,1,1,1,1,1,0,0
V,A,472,0.473002,0.933,deleterious,0.999,deleterious,0.954844,-1.755,-0.400078,0.0,11.11062062,15.25946154,1,0,0,0,1,1,1,0,0
P,A,472,0.56398,0.916,deleterious,1.0,deleterious,5.86085,15.88,10.870425,0.0,11.11062062,15.25946154,1,1,1,1,1,1,1,0,0
S,A,472,0.301518,0.928,deleterious,0.991,deleterious,0.751834,4.836,2.793917,0.0,11.11062062,15.25946154,1,0,1,1,1,1,1,0,0
T,A,472,0.454519,0.938,deleterious,0.999,deleterious,2.00864,2.884,2.44632,0.0,11.11062062,15.25946154,1,1,0,1,1,1,1,0,0
M,I,471,0.232492,0.825,deleterious,0.996,deleterious,1.81916,6.583,4.20108,0.0,14.87036171,17.40479549,1,1,1,1,0,1,1,0,0
N,I,471,0.375088,0.911,deleterious,1.0,deleterious,4.75551,10.817,7.786255,0.0,14.87036171,17.40479549,1,1,1,1,0,1,1,0,0
S,I,471,0.527037,0.892,deleterious,1.0,deleterious,4.57529,14.174,9.374645,0.0,14.87036171,17.40479549,1,1,1,1,0,1,1,0,0
T,I,471,0.453984,0.883,deleterious,1.0,deleterious,3.49166,7.966,5.72883,0.0,14.87036171,17.40479549,1,1,1,1,0,1,1,0,0
F,I,471,0.249115,0.847,deleterious,0.998,deleterious,12.2003,8.712,10.45615,0.0,14.87036171,17.40479549,1,1,1,1,0,1,1,0,0
L,I,471,0.130857,0.38,neutral,0.103,neutral,1.47485,6.706,4.090425,0.0,14.87036171,17.40479549,1,1,1,1,0,1,1,0,0
V,I,471,-0.0955648,0.361,neutral,0.132,neutral,1.17302,2.671,1.92201,0.0,14.87036171,17.40479549,0,0,0,0,0,1,1,0,0
N,K,470,-0.2104035,0.441,neutral,0.812,deleterious,0.413605,-0.67,-0.1281975,0.556097561,15.04048669,20.57605059,0,0,0,0,0,0,0,0,0
M,K,470,-0.0184752,0.555,neutral,0.644,deleterious,-0.23109,0.261,0.014955,0.556097561,15.04048669,20.57605059,0,0,0,0,0,0,0,0,0
R,K,470,-0.198424,0.419,neutral,0.286,neutral,-0.00343736,-1.526,-0.76471868,0.556097561,15.04048669,20.57605059,0,0,0,0,0,0,0,0,0
T,K,470,-0.169201,0.275,neutral,0.004,neutral,1.01897,-0.325,0.346985,0.556097561,15.04048669,20.57605059,0,0,0,0,0,0,0,0,0
E,K,470,-0.18109,0.125,neutral,0.002,neutral,-0.29021,-1.738,-1.014105,0.556097561,15.04048669,20.57605059,0,0,0,0,0,0,0,0,0
Q,K,470,-0.304438,0.216,neutral,0.007,neutral,0.458056,-0.456,0.001028,0.556097561,15.04048669,20.57605059,0,0,0,0,0,0,0,0,0
E,A,469,0.459681,0.773,deleterious,0.99,deleterious,1.21949,5.981,3.600245,0.066037736,13.00568677,19.62578172,1,0,1,1,1,1,1,0,0
G,A,469,0.155996,0.744,deleterious,0.798,deleterious,1.5038,6.214,3.8589,0.066037736,13.00568677,19.62578172,1,1,1,1,1,1,1,0,0
V,A,469,0.242501,0.645,neutral,0.802,deleterious,0.857831,-1.213,-0.1775845,0.066037736,13.00568677,19.62578172,1,0,0,0,1,1,1,0,0
P,A,469,0.48953,0.766,deleterious,0.997,deleterious,4.19415,26.066,15.130075,0.066037736,13.00568677,19.62578172,1,1,1,1,1,1,1,0,0
S,A,469,0.0562228,0.479,neutral,0.085,neutral,0.679847,4.151,2.4154235,0.066037736,13.00568677,19.62578172,0,0,0,0,1,1,1,0,0
T,A,469,0.216858,0.756,deleterious,0.979,deleterious,1.27013,2.882,2.076065,0.066037736,13.00568677,19.62578172,1,0,0,0,1,1,1,0,0
E,A,468,0.520038,0.708,prob.delet.,0.913,deleterious,6.12558,15.04,10.58279,0.0,15.60245016,19.25565067,1,1,1,1,0,1,1,0,0
G,A,468,0.102058,0.521,neutral,0.01,neutral,1.94686,6.811,4.37893,0.0,15.60245016,19.25565067,0,1,1,1,0,1,1,0,0
V,A,468,0.304,0.807,deleterious,0.995,deleterious,1.69406,5.262,3.47803,0.0,15.60245016,19.25565067,1,1,1,1,0,1,1,0,0
P,A,468,0.493285,0.803,deleterious,1.0,deleterious,3.15124,16.976,10.06362,0.0,15.60245016,19.25565067,1,1,1,1,0,1,1,0,0
S,A,468,-0.0161548,0.452,neutral,0.51,deleterious,2.10888,4.648,3.37844,0.0,15.60245016,19.25565067,0,1,0,1,0,1,1,0,0
T,A,468,0.279078,0.595,neutral,0.984,deleterious,1.23838,5.089,3.16369,0.0,15.60245016,19.25565067,1,0,1,1,0,1,1,0,0
N,K,467,-0.2591925,0.731,prob.delet.,0.211,neutral,0.771468,-0.57,0.100734,0.429268293,18.39564782,22.49111233,0,0,0,0,0,0,0,0,0
M,K,467,0.309088,0.7,prob.neutral,0.997,deleterious,-0.330543,-1.563,-0.9467715,0.429268293,18.39564782,22.49111233,1,0,0,0,0,0,0,0,0
R,K,467,0.129496,0.809,deleterious,0.047,neutral,0.347234,-1.913,-0.782883,0.429268293,18.39564782,22.49111233,1,0,0,0,0,0,0,0,0
T,K,467,0.23909,0.718,prob.delet.,0.975,deleterious,2.37721,2.054,2.215605,0.429268293,18.39564782,22.49111233,1,1,0,0,0,0,0,0,0
E,K,467,0.332137,0.674,prob.neutral,0.917,deleterious,0.518255,1.856,1.1871275,0.429268293,18.39564782,22.49111233,1,0,0,0,0,0,0,0,0
Q,K,467,0.11123,0.708,prob.delet.,0.94,deleterious,0.557561,1.201,0.8792805,0.429268293,18.39564782,22.49111233,0,0,0,0,0,0,0,0,0
E,D,466,-0.00906923,0.359,neutral,0.001,neutral,-0.850846,-2.561,-1.705923,0.717791411,17.85957594,24.17910755,0,0,0,0,0,0,0,0,0
A,D,466,0.358024,0.625,neutral,0.044,neutral,0.890698,0.477,0.683849,0.717791411,17.85957594,24.17910755,1,0,0,0,0,0,0,0,0
G,D,466,0.426242,0.687,prob.neutral,0.5,neutral,1.4427,2.426,1.93435,0.717791411,17.85957594,24.17910755,1,0,0,0,0,0,0,0,0
V,D,466,0.435351,0.739,deleterious,0.752,deleterious,1.06257,-0.832,0.115285,0.717791411,17.85957594,24.17910755,1,0,0,0,0,0,0,0,0
H,D,466,0.412093,0.663,neutral,0.99,deleterious,1.17211,0.658,0.915055,0.717791411,17.85957594,24.17910755,1,0,0,0,0,0,0,0,0
N,D,466,-0.190087,0.59,neutral,0.08,neutral,1.31664,0.686,1.00132,0.717791411,17.85957594,24.17910755,0,0,0,0,0,0,0,0,0
Y,D,466,0.409927,0.735,prob.delet.,0.999,deleterious,0.888357,0.231,0.5596785,0.717791411,17.85957594,24.17910755,1,0,0,0,0,0,0,0,0
C,Y,465,0.529084,0.965,deleterious,1.0,deleterious,1.82264,7.873,4.84782,0.418918919,17.35520398,21.89645642,1,1,1,1,0,0,1,0,0
F,Y,465,0.154669,0.908,deleterious,0.994,deleterious,0.272375,0.938,0.6051875,0.418918919,17.35520398,21.89645642,1,0,0,0,0,0,0,0,0
S,Y,465,0.551755,0.963,deleterious,0.995,deleterious,1.6707,3.272,2.47135,0.418918919,17.35520398,21.89645642,1,1,0,1,0,0,1,0,0
D,Y,465,0.59659,0.961,deleterious,0.995,deleterious,1.5824,2.221,1.9017,0.418918919,17.35520398,21.89645642,1,1,0,0,0,0,0,0,0
H,Y,465,0.596056,0.948,deleterious,0.997,deleterious,1.66121,2.377,2.019105,0.418918919,17.35520398,21.89645642,1,1,0,0,0,0,0,0,0
N,Y,465,0.504906,0.961,deleterious,0.995,deleterious,1.91562,4.623,3.26931,0.418918919,17.35520398,21.89645642,1,1,0,1,0,0,1,0,0
A,G,464,0.378731,0.942,deleterious,1.0,deleterious,3.5795,6.385,4.98225,0.285714286,20.65886627,23.96381001,1,1,1,1,0,0,1,0,0
E,G,464,0.573115,0.962,deleterious,1.0,deleterious,3.09883,6.066,4.582415,0.285714286,20.65886627,23.96381001,1,1,1,1,0,0,1,0,0
V,G,464,0.573115,0.96,deleterious,1.0,deleterious,6.6586,9.076,7.8673,0.285714286,20.65886627,23.96381001,1,1,1,1,0,0,1,0,0
R,G,464,0.5752645000000001,0.962,deleterious,1.0,deleterious,4.57693,5.433,5.004965,0.285714286,20.65886627,23.96381001,1,1,1,1,0,0,1,0,0
W,G,464,0.548805,0.961,deleterious,1.0,deleterious,5.05333,5.703,5.378165,0.285714286,20.65886627,23.96381001,1,1,1,1,0,0,1,0,0
M,I,463,0.374372,0.837,deleterious,0.99,deleterious,1.29359,6.51,3.901795,0.112426036,22.26980507,23.74593108,1,0,1,1,0,1,1,0,0
K,I,463,0.534752,0.818,deleterious,0.871,deleterious,2.06328,8.935,5.49914,0.112426036,22.26980507,23.74593108,1,1,1,1,0,1,1,0,0
R,I,463,0.536736,0.853,deleterious,0.999,deleterious,1.99016,6.598,4.29408,0.112426036,22.26980507,23.74593108,1,1,1,1,0,1,1,0,0
T,I,463,0.533351,0.846,deleterious,0.971,deleterious,3.92743,5.203,4.565215,0.112426036,22.26980507,23.74593108,1,1,1,1,0,1,1,0,0
L,I,463,0.158486,0.742,deleterious,0.164,neutral,0.214467,-0.038,0.0882335,0.112426036,22.26980507,23.74593108,1,0,0,0,0,1,1,0,0
V,I,463,0.0349155,0.461,neutral,0.016,neutral,1.43668,2.589,2.01284,0.112426036,22.26980507,23.74593108,0,0,0,0,0,1,1,0,0
Q,H,462,0.286478,0.583,neutral,0.984,deleterious,0.225311,3.927,2.0761555,0.467391304,23.16950426,22.6424313,1,0,0,0,0,0,0,0,0
L,H,462,0.377316,0.673,neutral,0.823,deleterious,-0.944627,4.059,1.5571865,0.467391304,23.16950426,22.6424313,1,0,0,0,0,0,0,0,0
P,H,462,0.40952,0.703,prob.neutral,0.977,deleterious,2.13265,13.717,7.924825,0.467391304,23.16950426,22.6424313,1,1,1,1,0,0,1,0,0
R,H,462,0.35497,0.601,neutral,0.949,deleterious,0.113637,3.196,1.6548185,0.467391304,23.16950426,22.6424313,1,0,0,0,0,0,0,0,0
D,H,462,0.431172,0.627,neutral,0.977,deleterious,1.63033,5.022,3.326165,0.467391304,23.16950426,22.6424313,1,1,1,1,0,0,1,0,0
N,H,462,0.105212,0.62,neutral,0.977,deleterious,1.0268,2.111,1.5689,0.467391304,23.16950426,22.6424313,0,0,0,0,0,0,0,0,0
Y,H,462,0.331743,0.327,neutral,0.005,neutral,-1.31891,-4.619,-2.968955,0.467391304,23.16950426,22.6424313,1,0,0,0,0,0,0,0,0
H,P,461,0.425026,0.711,prob.delet.,0.99,deleterious,2.4666,-3.593,-0.5632,0.735294118,19.78683566,20.93545704,1,1,0,0,0,0,0,0,0
L,P,461,0.303064,0.723,prob.delet.,0.141,neutral,2.11721,-3.444,-0.663395,0.735294118,19.78683566,20.93545704,1,1,0,0,0,0,0,0,0
R,P,461,0.408638,0.724,prob.delet.,0.946,deleterious,1.61283,-5.034,-1.710585,0.735294118,19.78683566,20.93545704,1,1,0,0,0,0,0,0,0
A,P,461,0.192811,0.741,deleterious,0.287,neutral,2.15579,-2.305,-0.074605,0.735294118,19.78683566,20.93545704,1,1,0,0,0,0,0,0,0
S,P,461,0.0636664,0.731,prob.delet.,0.829,deleterious,2.49653,-2.211,0.142765,0.735294118,19.78683566,20.93545704,0,1,0,0,0,0,0,0,0
T,P,461,0.30083,0.668,neutral,0.08,neutral,2.86301,-1.964,0.449505,0.735294118,19.78683566,20.93545704,1,1,0,0,0,0,0,0,0
K,N,460,-0.0305894,0.845,deleterious,1.0,deleterious,-1.55734,1.571,0.00683,0.464968153,18.4560485,19.7871874,0,0,0,0,0,0,0,0,0
I,N,460,0.231235,0.92,deleterious,1.0,deleterious,-1.91305,-5.196,-3.554525,0.464968153,18.4560485,19.7871874,1,0,0,0,0,0,0,0,0
S,N,460,-0.0950415,0.68,prob.neutral,0.987,deleterious,-0.149003,3.844,1.8474985,0.464968153,18.4560485,19.7871874,0,0,0,0,0,0,0,0,0
T,N,460,0.0405902,0.847,deleterious,0.999,deleterious,-1.10888,0.973,-0.06794,0.464968153,18.4560485,19.7871874,0,0,0,0,0,0,0,0,0
D,N,460,0.0897105,0.803,deleterious,0.999,deleterious,-0.296986,2.055,0.879007,0.464968153,18.4560485,19.7871874,0,0,0,0,0,0,0,0,0
H,N,460,0.0753672,0.819,deleterious,1.0,deleterious,-0.258168,1.135,0.438416,0.464968153,18.4560485,19.7871874,0,0,0,0,0,0,0,0,0
Y,N,460,0.467736,0.936,deleterious,1.0,deleterious,-0.993456,-0.598,-0.795728,0.464968153,18.4560485,19.7871874,1,0,0,0,0,0,0,0,0
H,L,459,0.586602,0.887,deleterious,1.0,deleterious,3.98995,8.401,6.195475,0.0,18.56117684,18.34742493,1,1,1,1,0,1,1,0,0
P,L,459,0.586624,0.869,deleterious,1.0,deleterious,8.23058,22.611,15.42079,0.0,18.56117684,18.34742493,1,1,1,1,0,1,1,0,0
R,L,459,0.586133,0.891,deleterious,1.0,deleterious,6.13454,9.067,7.60077,0.0,18.56117684,18.34742493,1,1,1,1,0,1,1,0,0
F,L,459,0.608704,0.915,deleterious,1.0,deleterious,2.37542,3.038,2.70671,0.0,18.56117684,18.34742493,1,1,0,1,0,1,1,0,0
I,L,459,0.378025,0.843,deleterious,0.996,deleterious,3.49004,5.528,4.50902,0.0,18.56117684,18.34742493,1,1,1,1,0,1,1,0,0
V,L,459,0.602109,0.888,deleterious,0.997,deleterious,4.14744,6.389,5.26822,0.0,18.56117684,18.34742493,1,1,1,1,0,1,1,0,0
D,A,458,0.45849,0.909,deleterious,1.0,deleterious,0.732966,8.296,4.514483,0.160377358,17.60475659,14.72932757,1,0,1,1,0,0,1,0,0
G,A,458,0.246395,0.865,deleterious,0.999,deleterious,1.78805,5.628,3.708025,0.160377358,17.60475659,14.72932757,1,1,1,1,0,0,1,0,0
V,A,458,0.439077,0.871,deleterious,1.0,deleterious,0.527526,2.342,1.434763,0.160377358,17.60475659,14.72932757,1,0,0,0,0,0,0,0,0
P,A,458,0.473399,0.889,deleterious,1.0,deleterious,4.58605,17.696,11.141025,0.160377358,17.60475659,14.72932757,1,1,1,1,0,0,1,0,0
S,A,458,0.17674,0.859,deleterious,0.999,deleterious,0.951613,2.821,1.8863065,0.160377358,17.60475659,14.72932757,1,0,0,0,0,0,0,0,0
T,A,458,0.400012,0.859,deleterious,1.0,deleterious,1.53812,2.578,2.05806,0.160377358,17.60475659,14.72932757,1,1,0,0,0,0,0,0,0
I,T,457,0.606154,0.932,deleterious,1.0,deleterious,-1.74449,-3.293,-2.518745,0.338028169,14.33516978,14.76740885,1,0,0,0,0,0,0,0,0
K,T,457,0.605041,0.929,deleterious,1.0,deleterious,-1.58697,1.382,-0.102485,0.338028169,14.33516978,14.76740885,1,0,0,0,0,0,0,0,0
R,T,457,0.607136,0.926,deleterious,1.0,deleterious,-1.28777,-1.874,-1.580885,0.338028169,14.33516978,14.76740885,1,0,0,0,0,0,0,0,0
A,T,457,0.562763,0.823,deleterious,0.975,deleterious,-0.457676,-0.469,-0.463338,0.338028169,14.33516978,14.76740885,1,0,0,0,0,0,0,0,0
P,T,457,0.604768,0.927,deleterious,1.0,deleterious,-0.694092,1.841,0.573454,0.338028169,14.33516978,14.76740885,1,0,0,0,0,0,0,0,0
S,T,457,0.555901,0.911,deleterious,0.993,deleterious,-0.343689,1.39,0.5231555,0.338028169,14.33516978,14.76740885,1,0,0,0,0,0,0,0,0
A,V,456,0.221259,0.667,neutral,0.902,deleterious,2.26492,5.495,3.87996,0.007042254,13.27326283,13.81245611,1,1,1,1,1,1,1,0,0
E,V,456,0.548088,0.92,deleterious,1.0,deleterious,6.06508,13.138,9.60154,0.007042254,13.27326283,13.81245611,1,1,1,1,1,1,1,0,0
G,V,456,0.54793,0.926,deleterious,1.0,deleterious,3.62938,11.925,7.77719,0.007042254,13.27326283,13.81245611,1,1,1,1,1,1,1,0,0
L,V,456,0.286107,0.793,deleterious,0.979,deleterious,1.69327,5.586,3.639635,0.007042254,13.27326283,13.81245611,1,1,1,1,1,1,1,0,0
M,V,456,0.481142,0.834,deleterious,1.0,deleterious,2.54757,7.977,5.262285,0.007042254,13.27326283,13.81245611,1,1,1,1,1,1,1,0,0
F,L,455,0.3905185,0.824,deleterious,1.0,deleterious,2.69011,0.071,1.380555,0.079268293,13.3327963,11.21042117,1,1,0,0,1,1,1,0,0
S,L,455,0.437887,0.872,deleterious,1.0,deleterious,3.63564,10.153,6.89432,0.079268293,13.3327963,11.21042117,1,1,1,1,1,1,1,0,0
W,L,455,0.440889,0.841,deleterious,1.0,deleterious,10.1513,4.647,7.39915,0.079268293,13.3327963,11.21042117,1,1,0,1,1,1,1,0,0
M,L,455,0.206148,0.801,deleterious,1.0,deleterious,-0.0611283,4.843,2.39093585,0.079268293,13.3327963,11.21042117,1,0,1,0,1,1,1,0,0
V,L,455,0.255842,0.769,deleterious,0.998,deleterious,2.45426,5.482,3.96813,0.079268293,13.3327963,11.21042117,1,1,1,1,1,1,1,0,0
I,M,454,0.4914876666666667,0.657,prob.neutral,0.998,deleterious,0.498241,1.794,1.1461205,0.058510638,9.62318978,9.326931803,1,0,0,0,1,1,1,0,0
K,M,454,0.594379,0.859,deleterious,0.999,deleterious,1.74967,7.507,4.628335,0.058510638,9.62318978,9.326931803,1,1,1,1,1,1,1,0,0
R,M,454,0.595757,0.847,deleterious,1.0,deleterious,1.23448,3.462,2.34824,0.058510638,9.62318978,9.326931803,1,0,0,0,1,1,1,0,0
T,M,454,0.59585,0.863,deleterious,1.0,deleterious,2.39428,2.371,2.38264,0.058510638,9.62318978,9.326931803,1,1,0,0,1,1,1,0,0
L,M,454,0.358943,0.543,neutral,0.995,deleterious,-0.0635037,0.526,0.23124815,0.058510638,9.62318978,9.326931803,1,0,0,0,1,1,1,0,0
V,M,454,0.418116,0.621,neutral,0.999,deleterious,1.14511,3.138,2.141555,0.058510638,9.62318978,9.326931803,1,0,0,0,1,1,1,0,0
P,L,453,0.535474,0.869,deleterious,1.0,deleterious,1.12281,12.613,6.867905,0.048780488,9.367690209,9.679987039,1,0,1,1,1,1,1,0,0
Q,L,453,0.56235,0.843,deleterious,1.0,deleterious,1.85303,6.749,4.301015,0.048780488,9.367690209,9.679987039,1,1,1,1,1,1,1,0,0
R,L,453,0.581093,0.82,deleterious,1.0,deleterious,6.9561,14.563,10.75955,0.048780488,9.367690209,9.679987039,1,1,1,1,1,1,1,0,0
I,L,453,0.1474,0.638,prob.neutral,0.995,deleterious,0.577905,4.414,2.4959525,0.048780488,9.367690209,9.679987039,1,0,0,1,1,1,1,0,0
V,L,453,0.254831,0.621,neutral,0.997,deleterious,1.78229,6.214,3.998145,0.048780488,9.367690209,9.679987039,1,1,1,1,1,1,1,0,0
C,S,452,0.612085,0.827,deleterious,1.0,deleterious,0.00653365,1.83,0.918266825,0.007692308,11.43066553,5.898940714,1,0,0,0,1,1,1,0,1
F,S,452,0.613489,0.877,deleterious,1.0,deleterious,11.5093,14.375,12.94215,0.007692308,11.43066553,5.898940714,1,1,1,1,1,1,1,0,1
Y,S,452,0.613478,0.87,deleterious,1.0,deleterious,14.9835,15.992,15.48775,0.007692308,11.43066553,5.898940714,1,1,1,1,1,1,1,0,1
A,S,452,0.33018,0.688,prob.delet.,1.0,deleterious,-0.062277,-0.138,-0.1001385,0.007692308,11.43066553,5.898940714,1,0,0,0,1,1,1,0,1
P,S,452,0.573885,0.873,deleterious,1.0,deleterious,5.04418,21.747,13.39559,0.007692308,11.43066553,5.898940714,1,1,1,1,1,1,1,0,1
T,S,452,0.307212,0.759,deleterious,0.998,deleterious,0.0212971,2.194,1.10764855,0.007692308,11.43066553,5.898940714,1,0,0,0,1,1,1,0,1
D,E,451,-6.18107e-05,0.649,prob.neutral,0.502,deleterious,0.240425,0.509,0.3747125,0.510309278,14.48785764,4.887460447,0,0,0,0,0,0,1,0,1
A,E,451,0.440938,0.744,deleterious,0.94,deleterious,0.196256,2.324,1.260128,0.510309278,14.48785764,4.887460447,1,0,0,0,0,0,1,0,1
G,E,451,0.394841,0.746,deleterious,0.995,deleterious,0.508359,3.633,2.0706795,0.510309278,14.48785764,4.887460447,1,0,0,0,0,0,1,0,1
V,E,451,0.541384,0.818,deleterious,0.986,deleterious,0.315458,0.919,0.617229,0.510309278,14.48785764,4.887460447,1,0,0,0,0,0,1,0,1
K,E,451,0.376735,0.468,neutral,0.473,neutral,-0.0814493,1.293,0.60577535,0.510309278,14.48785764,4.887460447,1,0,0,0,0,0,1,0,1
Q,E,451,0.153734,0.335,neutral,0.217,neutral,0.0521334,0.894,0.4730667,0.510309278,14.48785764,4.887460447,1,0,0,0,0,0,1,0,1
K,N,450,-0.217608,0.251,neutral,0.001,neutral,-0.642353,-0.306,-0.4741765,0.72611465,17.03500717,5.357858998,0,0,0,0,0,0,1,0,1
I,N,450,-0.0327046,0.643,prob.neutral,0.559,deleterious,0.0726847,-0.82,-0.37365765,0.72611465,17.03500717,5.357858998,0,0,0,0,0,0,1,0,1
S,N,450,-0.32051,0.267,neutral,0.0,neutral,-0.0865775,1.444,0.67871125,0.72611465,17.03500717,5.357858998,0,0,0,0,0,0,1,0,1
T,N,450,-0.210545,0.369,neutral,0.029,neutral,0.0928075,0.231,0.16190375,0.72611465,17.03500717,5.357858998,0,0,0,0,0,0,1,0,1
D,N,450,-0.194258,0.413,neutral,0.0,neutral,0.518309,0.972,0.7451545,0.72611465,17.03500717,5.357858998,0,0,0,0,0,0,1,0,1
H,N,450,-0.158096,0.403,neutral,0.001,neutral,0.330063,-1.254,-0.4619685,0.72611465,17.03500717,5.357858998,0,0,0,0,0,0,1,0,1
Y,N,450,0.0640433,0.642,prob.neutral,0.625,deleterious,-0.271172,-1.687,-0.979086,0.72611465,17.03500717,5.357858998,0,0,0,0,0,0,1,0,1
I,M,449,0.2901026666666667,0.419,neutral,0.189,neutral,0.660546,1.14,0.900273,0.074468085,15.85147789,3.80317335,1,0,0,0,0,1,1,0,1
K,M,449,0.586787,0.723,deleterious,0.986,deleterious,2.10063,4.665,3.382815,0.074468085,15.85147789,3.80317335,1,1,0,1,0,1,1,0,1
R,M,449,0.525779,0.802,deleterious,0.998,deleterious,0.640053,0.112,0.3760265,0.074468085,15.85147789,3.80317335,1,0,0,0,0,1,1,0,1
T,M,449,0.529368,0.653,prob.neutral,0.646,deleterious,3.39424,3.863,3.62862,0.074468085,15.85147789,3.80317335,1,1,0,1,0,1,1,0,1
L,M,449,0.1663825,0.116,neutral,0.0,neutral,0.0266424,-0.903,-0.4381788,0.074468085,15.85147789,3.80317335,1,0,0,0,0,1,1,0,1
V,M,449,0.234329,0.173,neutral,0.014,neutral,1.91283,-0.428,0.742415,0.074468085,15.85147789,3.80317335,1,1,0,0,0,1,1,0,1
P,L,448,0.582664,0.838,deleterious,0.959,deleterious,3.32046,24.661,13.99073,0.213414634,15.7668701,0.0,1,1,1,1,0,0,1,0,1
Q,L,448,0.525213,0.813,deleterious,0.907,deleterious,0.540118,3.219,1.879559,0.213414634,15.7668701,0.0,1,0,0,0,0,0,1,0,1
R,L,448,0.508998,0.835,deleterious,0.822,deleterious,0.743456,4.421,2.582228,0.213414634,15.7668701,0.0,1,0,0,1,0,0,1,0,1
M,L,448,0.153185,0.623,neutral,0.581,deleterious,-1.36781,1.087,-0.140405,0.213414634,15.7668701,0.0,1,0,0,0,0,0,1,0,1
V,L,448,0.192896,0.687,prob.delet.,0.026,neutral,0.313071,2.428,1.3705355,0.213414634,15.7668701,0.0,1,0,0,0,0,0,1,0,1
N,K,447,-0.1256705,0.511,neutral,0.109,neutral,0.0927465,1.065,0.57887325,0.624390244,19.32745103,3.801619952,0,0,0,0,0,0,1,0,1
M,K,447,0.138637,0.517,neutral,0.705,deleterious,-0.921757,-0.565,-0.7433785,0.624390244,19.32745103,3.801619952,1,0,0,0,0,0,1,0,1
R,K,447,-0.121038,0.401,neutral,0.0,neutral,-0.342638,-0.845,-0.593819,0.624390244,19.32745103,3.801619952,0,0,0,0,0,0,1,0,1
T,K,447,0.0727694,0.566,neutral,0.035,neutral,0.712647,-0.325,0.1938235,0.624390244,19.32745103,3.801619952,0,0,0,0,0,0,1,0,1
E,K,447,0.0743957,0.449,neutral,0.001,neutral,0.284299,0.382,0.3331495,0.624390244,19.32745103,3.801619952,0,0,0,0,0,0,1,0,1
Q,K,447,-0.00942382,0.454,neutral,0.001,neutral,-0.0483862,-0.201,-0.1246931,0.624390244,19.32745103,3.801619952,0,0,0,0,0,0,1,0,1
K,N,446,-0.1782885,0.159,neutral,0.001,neutral,-0.129605,-0.327,-0.2283025,0.611464968,19.50419044,5.493457818,0,0,0,0,0,0,1,0,1
I,N,446,-0.0494174,0.621,neutral,0.53,deleterious,-0.172793,-0.069,-0.1208965,0.611464968,19.50419044,5.493457818,0,0,0,0,0,0,1,0,1
S,N,446,-0.276623,0.158,neutral,0.0,neutral,0.153753,2.339,1.2463765,0.611464968,19.50419044,5.493457818,0,0,0,0,0,0,1,0,1
T,N,446,-0.126959,0.161,neutral,0.022,neutral,0.111843,1.055,0.5834215,0.611464968,19.50419044,5.493457818,0,0,0,0,0,0,1,0,1
D,N,446,-0.253919,0.151,neutral,0.0,neutral,0.218092,1.495,0.856546,0.611464968,19.50419044,5.493457818,0,0,0,0,0,0,1,0,1
H,N,446,-0.092102,0.342,neutral,0.696,deleterious,0.232599,-1.308,-0.5377005,0.611464968,19.50419044,5.493457818,0,0,0,0,0,0,1,0,1
Y,N,446,-0.0214661,0.562,neutral,0.949,deleterious,-0.304499,-1.752,-1.0282495,0.611464968,19.50419044,5.493457818,0,0,0,0,0,0,1,0,1
M,I,445,0.23223,0.838,deleterious,0.94,deleterious,-0.229224,2.636,1.203388,0.029585799,17.31869903,5.245853182,1,0,0,0,0,1,1,0,1
N,I,445,0.492724,0.933,deleterious,1.0,deleterious,2.92478,7.842,5.38339,0.029585799,17.31869903,5.245853182,1,1,1,1,0,1,1,0,1
S,I,445,0.613703,0.893,deleterious,0.999,deleterious,4.00117,10.903,7.452085,0.029585799,17.31869903,5.245853182,1,1,1,1,0,1,1,0,1
T,I,445,0.547452,0.865,deleterious,0.996,deleterious,2.8023,8.099,5.45065,0.029585799,17.31869903,5.245853182,1,1,1,1,0,1,1,0,1
F,I,445,0.426294,0.855,deleterious,0.999,deleterious,8.53203,5.513,7.022515,0.029585799,17.31869903,5.245853182,1,1,1,1,0,1,1,0,1
L,I,445,0.187203,0.413,neutral,0.003,neutral,0.492574,3.855,2.173787,0.029585799,17.31869903,5.245853182,1,0,0,0,0,1,1,0,1
V,I,445,0.100577,0.453,neutral,0.107,neutral,1.36431,3.381,2.372655,0.029585799,17.31869903,5.245853182,0,0,0,0,0,1,1,0,1
S,R,444,0.50269,0.47,neutral,0.544,deleterious,0.876829,4.507,2.6919145,0.25,15.47846668,6.159539197,1,0,0,1,0,0,1,0,0
K,R,444,0.268238,0.113,neutral,0.002,neutral,0.268771,3.638,1.9533855,0.25,15.47846668,6.159539197,1,0,0,0,0,0,0,0,0
M,R,444,0.58505,0.497,neutral,0.988,deleterious,-0.672599,2.566,0.9467005,0.25,15.47846668,6.159539197,1,0,0,0,0,0,0,0,0
T,R,444,0.523448,0.555,neutral,0.704,deleterious,0.263833,2.383,1.3234165,0.25,15.47846668,6.159539197,1,0,0,0,0,0,0,0,0
G,R,444,0.506481,0.488,neutral,0.544,deleterious,1.11111,6.17,3.640555,0.25,15.47846668,6.159539197,1,0,1,1,0,0,1,0,0
W,R,444,0.544501,0.664,prob.neutral,0.997,deleterious,0.40942,-3.709,-1.64979,0.25,15.47846668,6.159539197,1,0,0,0,0,0,0,0,0
D,E,443,-0.1379234999999999,0.091,neutral,0.0,neutral,0.857334,0.553,0.705167,0.582474227,17.24957837,8.706130511,0,0,0,0,0,0,0,0,0
A,E,443,0.0753168,0.285,neutral,0.0,neutral,1.37055,1.81,1.590275,0.582474227,17.24957837,8.706130511,0,0,0,0,0,0,0,0,0
G,E,443,0.18148,0.31,neutral,0.001,neutral,1.86747,2.902,2.384735,0.582474227,17.24957837,8.706130511,1,1,0,0,0,0,0,0,0
V,E,443,0.240323,0.581,neutral,0.118,neutral,1.57624,0.983,1.27962,0.582474227,17.24957837,8.706130511,1,1,0,0,0,0,0,0,0
K,E,443,0.0443439,0.224,neutral,0.003,neutral,1.46349,0.878,1.170745,0.582474227,17.24957837,8.706130511,0,0,0,0,0,0,0,0,0
Q,E,443,0.065399,0.45,neutral,0.364,neutral,1.43367,2.659,2.046335,0.582474227,17.24957837,8.706130511,0,0,0,0,0,0,0,0,0
I,T,442,0.00498287,0.133,neutral,0.0,neutral,-1.36323,-2.25,-1.806615,0.38028169,17.38620566,9.794871709,0,0,0,0,0,0,0,0,0
K,T,442,-0.06357,0.161,neutral,0.0,neutral,-0.963433,-0.577,-0.7702165,0.38028169,17.38620566,9.794871709,0,0,0,0,0,0,0,0,0
R,T,442,-0.0722063,0.121,neutral,0.0,neutral,-0.569491,-0.4,-0.4847455,0.38028169,17.38620566,9.794871709,0,0,0,0,0,0,0,0,0
A,T,442,-0.0150897,0.131,neutral,0.001,neutral,-0.353435,0.771,0.2087825,0.38028169,17.38620566,9.794871709,0,0,0,0,0,0,0,0,0
P,T,442,0.194881,0.579,neutral,0.045,neutral,-0.244768,8.333,4.044116,0.38028169,17.38620566,9.794871709,1,0,1,1,0,0,1,0,0
S,T,442,-0.111153,0.123,neutral,0.0,neutral,0.441278,2.061,1.251139,0.38028169,17.38620566,9.794871709,0,0,0,0,0,0,0,0,0
K,N,441,0.0969347,0.807,deleterious,0.996,deleterious,0.459982,6.21,3.334991,0.248407643,13.59452437,10.87853114,0,0,1,1,0,0,1,0,0
I,N,441,0.336549,0.777,deleterious,0.999,deleterious,3.24056,3.458,3.34928,0.248407643,13.59452437,10.87853114,1,1,0,1,0,0,1,0,0
S,N,441,0.0944767,0.747,deleterious,0.846,deleterious,1.56396,7.758,4.66098,0.248407643,13.59452437,10.87853114,0,1,1,1,0,0,1,0,0
T,N,441,0.16989,0.811,deleterious,0.984,deleterious,1.45514,7.097,4.27607,0.248407643,13.59452437,10.87853114,1,0,1,1,0,0,1,0,0
D,N,441,0.0743893,0.511,neutral,0.017,neutral,-1.88152,1.918,0.01824,0.248407643,13.59452437,10.87853114,0,0,0,0,0,0,0,0,0
H,N,441,0.209608,0.777,deleterious,1.0,deleterious,0.630135,2.135,1.3825675,0.248407643,13.59452437,10.87853114,1,0,0,0,0,0,0,0,0
Y,N,441,0.535202,0.797,deleterious,1.0,deleterious,0.320844,2.403,1.361922,0.248407643,13.59452437,10.87853114,1,0,0,0,0,0,0,0,0
D,A,440,0.59255,0.924,deleterious,0.998,deleterious,2.88021,5.744,4.312105,0.009433962,14.15295797,13.25340925,1,1,1,1,0,1,1,0,0
G,A,440,0.366972,0.75,deleterious,0.919,deleterious,2.22235,6.882,4.552175,0.009433962,14.15295797,13.25340925,1,1,1,1,0,1,1,0,0
V,A,440,0.329977,0.807,deleterious,0.998,deleterious,-0.558345,-4.124,-2.3411725,0.009433962,14.15295797,13.25340925,1,0,0,0,0,1,1,0,0
P,A,440,0.435174,0.483,neutral,0.07,neutral,-0.463743,5.457,2.4966285,0.009433962,14.15295797,13.25340925,1,0,1,1,0,1,1,0,0
S,A,440,0.291886,0.727,deleterious,0.809,deleterious,1.94857,3.766,2.857285,0.009433962,14.15295797,13.25340925,1,1,0,1,0,1,1,0,0
T,A,440,0.503942,0.804,deleterious,0.996,deleterious,-0.117232,0.942,0.412384,0.009433962,14.15295797,13.25340925,1,0,0,0,0,1,1,0,0
H,Q,439,0.0479234,0.405,neutral,0.354,neutral,0.854298,0.185,0.519649,0.555555556,12.69680793,16.82552465,0,0,0,0,1,0,0,0,0
L,Q,439,0.0689277,0.428,neutral,0.016,neutral,-0.31587,-4.502,-2.408935,0.555555556,12.69680793,16.82552465,0,0,0,0,1,0,0,0,0
P,Q,439,0.447674,0.834,deleterious,0.106,neutral,3.74565,10.081,6.913325,0.555555556,12.69680793,16.82552465,1,1,1,1,1,0,1,0,0
R,Q,439,-0.0286948,0.385,neutral,0.0,neutral,0.0141949,-0.682,-0.33390255,0.555555556,12.69680793,16.82552465,0,0,0,0,1,0,0,0,0
E,Q,439,-0.157384,0.127,neutral,0.0,neutral,-0.0572381,0.162,0.05238095,0.555555556,12.69680793,16.82552465,0,0,0,0,1,0,0,0,0
K,Q,439,-0.147358,0.144,neutral,0.0,neutral,-0.405698,-0.448,-0.426849,0.555555556,12.69680793,16.82552465,0,0,0,0,1,0,0,0,0
M,I,438,0.0263762,0.679,prob.delet.,0.418,neutral,-0.306986,6.177,2.935007,0.00591716,11.81788533,18.26964001,0,0,1,1,1,1,1,0,0
N,I,438,0.348754,0.933,deleterious,1.0,deleterious,3.6225,8.12,5.87125,0.00591716,11.81788533,18.26964001,1,1,1,1,1,1,1,0,0
S,I,438,0.466084,0.898,deleterious,0.999,deleterious,3.90891,12.7,8.304455,0.00591716,11.81788533,18.26964001,1,1,1,1,1,1,1,0,0
T,I,438,0.409131,0.639,prob.neutral,0.961,deleterious,2.10603,5.406,3.756015,0.00591716,11.81788533,18.26964001,1,1,1,1,1,1,1,0,0
F,I,438,0.224887,0.767,deleterious,0.976,deleterious,5.18037,3.522,4.351185,0.00591716,11.81788533,18.26964001,1,1,0,1,1,1,1,0,0
L,I,438,0.0266987,0.285,neutral,0.003,neutral,0.357849,0.686,0.5219245,0.00591716,11.81788533,18.26964001,0,0,0,0,1,1,1,0,0
V,I,438,-0.0284667,0.228,neutral,0.004,neutral,0.849625,1.838,1.3438125,0.00591716,11.81788533,18.26964001,0,0,0,0,1,1,1,0,0
A,G,437,0.380664,0.861,deleterious,1.0,deleterious,0.180293,1.138,0.6591465,0.464285714,12.9385352,21.62616941,1,0,0,0,1,0,0,0,0
E,G,437,0.523299,0.839,deleterious,1.0,deleterious,-0.189479,-0.86,-0.5247395,0.464285714,12.9385352,21.62616941,1,0,0,0,1,0,0,0,0
V,G,437,0.537097,0.821,deleterious,1.0,deleterious,1.62743,0.515,1.071215,0.464285714,12.9385352,21.62616941,1,1,0,0,1,0,0,0,0
R,G,437,0.448081,0.853,deleterious,1.0,deleterious,-2.04856,-2.86,-2.45428,0.464285714,12.9385352,21.62616941,1,0,0,0,1,0,0,0,0
A,V,436,-0.113683,0.248,neutral,0.001,neutral,0.456263,-0.949,-0.2463685,0.542253521,15.77610707,21.3312682,0,0,0,0,0,0,0,0,0
E,V,436,-0.0322862,0.223,neutral,0.0,neutral,0.086314,-1.835,-0.874343,0.542253521,15.77610707,21.3312682,0,0,0,0,0,0,0,0,0
G,V,436,0.0758091,0.544,neutral,0.354,neutral,1.11516,1.966,1.54058,0.542253521,15.77610707,21.3312682,0,0,0,0,0,0,0,0,0
L,V,436,-0.169629,0.286,neutral,0.0,neutral,-0.812133,-5.091,-2.9515665,0.542253521,15.77610707,21.3312682,0,0,0,0,0,0,0,0,0
M,V,436,-0.110713,0.402,neutral,0.082,neutral,-0.739437,-1.752,-1.2457185,0.542253521,15.77610707,21.3312682,0,0,0,0,0,0,0,0,0
A,V,435,0.221684,0.375,neutral,0.438,neutral,2.48064,7.974,5.22732,0.0,13.47066564,19.80186866,1,1,1,1,1,1,1,0,0
E,V,435,0.556537,0.901,deleterious,1.0,deleterious,3.77338,8.454,6.11369,0.0,13.47066564,19.80186866,1,1,1,1,1,1,1,0,0
G,V,435,0.558736,0.905,deleterious,0.993,deleterious,4.72506,13.592,9.15853,0.0,13.47066564,19.80186866,1,1,1,1,1,1,1,0,0
L,V,435,0.1253395,0.377,neutral,0.03,neutral,-0.951207,1.099,0.0738965,0.0,13.47066564,19.80186866,1,0,0,0,1,1,1,0,0
M,V,435,0.328288,0.768,deleterious,0.998,deleterious,-0.486709,3.421,1.4671455,0.0,13.47066564,19.80186866,1,0,0,0,1,1,1,0,0
W,C,434,0.474718,0.845,deleterious,1.0,deleterious,6.7599,-3.624,1.56795,0.037037037,11.10204382,22.46336997,1,1,0,0,1,1,1,0,0
F,C,434,0.552651,0.925,deleterious,1.0,deleterious,0.0842397,-9.467,-4.69138015,0.037037037,11.10204382,22.46336997,1,0,0,0,1,1,1,0,0
S,C,434,0.568684,0.901,deleterious,1.0,deleterious,0.975798,1.744,1.359899,0.037037037,11.10204382,22.46336997,1,0,0,0,1,1,1,0,0
Y,C,434,0.571306,0.921,deleterious,1.0,deleterious,3.28016,-5.209,-0.96442,0.037037037,11.10204382,22.46336997,1,1,0,0,1,1,1,0,0
G,C,434,0.602087,0.914,deleterious,1.0,deleterious,1.84974,2.905,2.37737,0.037037037,11.10204382,22.46336997,1,1,0,0,1,1,1,0,0
R,C,434,0.602085,0.929,deleterious,1.0,deleterious,2.56105,5.4,3.980525,0.037037037,11.10204382,22.46336997,1,1,1,1,1,1,1,0,0
S,C,434,0.599446,0.901,deleterious,1.0,deleterious,0.975798,1.744,1.359899,0.037037037,11.10204382,22.46336997,1,0,0,0,1,1,1,0,0
K,N,433,-0.0370477,0.62,neutral,0.762,deleterious,-2.17855,1.198,-0.490275,0.222929936,12.33486167,26.17604201,0,0,0,0,1,0,0,0,0
I,N,433,0.371071,0.706,prob.delet.,0.992,deleterious,0.471833,3.55,2.0109165,0.222929936,12.33486167,26.17604201,1,0,0,0,1,0,0,0,0
S,N,433,-0.0398294,0.567,neutral,0.102,neutral,-0.340256,3.634,1.646872,0.222929936,12.33486167,26.17604201,0,0,0,0,1,0,0,0,0
T,N,433,0.10284,0.665,prob.neutral,0.908,deleterious,1.9052,5.623,3.7641,0.222929936,12.33486167,26.17604201,0,1,1,1,1,0,1,0,0
D,N,433,0.100587,0.716,deleterious,0.784,deleterious,0.570727,4.195,2.3828635,0.222929936,12.33486167,26.17604201,0,0,0,0,1,0,0,0,0
H,N,433,0.0348104,0.638,prob.neutral,0.219,neutral,-1.21613,-1.722,-1.469065,0.222929936,12.33486167,26.17604201,0,0,0,0,1,0,0,0,0
Y,N,433,0.429885,0.682,prob.delet.,0.994,deleterious,-1.8449,-5.404,-3.62445,0.222929936,12.33486167,26.17604201,1,0,0,0,1,0,0,0,0
D,E,432,-0.2734435,0.039,neutral,0.0,neutral,0.678523,1.097,0.8877615,0.639175258,14.81194466,26.20779297,0,0,0,0,0,0,0,0,0
A,E,432,-0.0780697,0.103,neutral,0.0,neutral,0.453039,1.617,1.0350195,0.639175258,14.81194466,26.20779297,0,0,0,0,0,0,0,0,0
G,E,432,-0.0182298,0.331,neutral,0.017,neutral,1.36749,5.044,3.205745,0.639175258,14.81194466,26.20779297,0,0,1,1,0,0,1,0,0
V,E,432,-0.0260026,0.143,neutral,0.0,neutral,0.196911,-0.808,-0.3055445,0.639175258,14.81194466,26.20779297,0,0,0,0,0,0,0,0,0
K,E,432,-0.0648889,0.035,neutral,0.0,neutral,-0.255999,0.952,0.3480005,0.639175258,14.81194466,26.20779297,0,0,0,0,0,0,0,0,0
Q,E,432,-0.117001,0.18,neutral,0.003,neutral,0.143736,0.477,0.310368,0.639175258,14.81194466,26.20779297,0,0,0,0,0,0,0,0,0
I,T,431,0.178726,0.703,prob.delet.,0.452,neutral,2.65263,3.217,2.934815,0.056338028,13.36630573,23.54394543,1,1,0,1,1,1,1,0,0
K,T,431,0.377866,0.733,deleterious,0.622,deleterious,-0.248426,1.188,0.469787,0.056338028,13.36630573,23.54394543,1,0,0,0,1,1,1,0,0
R,T,431,0.279973,0.778,deleterious,0.939,deleterious,0.499723,3.523,2.0113615,0.056338028,13.36630573,23.54394543,1,0,0,0,1,1,1,0,0
A,T,431,-0.109406,0.194,neutral,0.0,neutral,1.00102,-1.475,-0.23699,0.056338028,13.36630573,23.54394543,0,0,0,0,1,1,1,0,0
P,T,431,0.410336,0.783,deleterious,0.715,deleterious,4.69839,20.769,12.733695,0.056338028,13.36630573,23.54394543,1,1,1,1,1,1,1,0,0
S,T,431,0.00361684,0.216,neutral,0.001,neutral,1.79347,2.52,2.156735,0.056338028,13.36630573,23.54394543,0,1,0,0,1,1,1,0,0
L,F,430,0.473677,0.715,deleterious,1.0,deleterious,1.61062,4.983,3.29681,0.010152284,9.685502962,24.14109857,1,1,1,1,1,1,1,0,0
C,F,430,0.606168,0.883,deleterious,1.0,deleterious,4.60667,14.911,9.758835,0.010152284,9.685502962,24.14109857,1,1,1,1,1,1,1,0,0
S,F,430,0.606166,0.9,deleterious,1.0,deleterious,5.83772,16.214,11.02586,0.010152284,9.685502962,24.14109857,1,1,1,1,1,1,1,0,0
Y,F,430,0.291603,0.758,deleterious,1.0,deleterious,0.740667,2.196,1.4683335,0.010152284,9.685502962,24.14109857,1,0,0,0,1,1,1,0,0
I,F,430,0.404916,0.857,deleterious,1.0,deleterious,2.81961,6.606,4.712805,0.010152284,9.685502962,24.14109857,1,1,1,1,1,1,1,0,0
L,F,430,0.486444,0.715,deleterious,1.0,deleterious,1.61062,4.983,3.29681,0.010152284,9.685502962,24.14109857,1,1,1,1,1,1,1,0,0
V,F,430,0.560127,0.839,deleterious,1.0,deleterious,3.13224,9.39,6.26112,0.010152284,9.685502962,24.14109857,1,1,1,1,1,1,1,0,0
C,S,429,0.484997,0.404,neutral,0.613,deleterious,-0.0210301,-0.144,-0.08251505,0.092307692,11.49183131,22.67927114,1,0,0,0,1,1,1,0,0
F,S,429,0.595471,0.749,deleterious,1.0,deleterious,1.85663,-4.546,-1.344685,0.092307692,11.49183131,22.67927114,1,1,0,0,1,1,1,0,0
Y,S,429,0.593653,0.733,deleterious,0.999,deleterious,5.87738,2.507,4.19219,0.092307692,11.49183131,22.67927114,1,1,0,1,1,1,1,0,0
A,S,429,0.227661,0.225,neutral,0.002,neutral,-0.343075,-2.058,-1.2005375,0.092307692,11.49183131,22.67927114,1,0,0,0,1,1,1,0,0
P,S,429,0.57402,0.744,deleterious,0.984,deleterious,1.90789,13.927,7.917445,0.092307692,11.49183131,22.67927114,1,1,1,1,1,1,1,0,0
T,S,429,0.225431,0.24,neutral,0.002,neutral,0.0204656,-0.251,-0.1152672,0.092307692,11.49183131,22.67927114,1,0,0,0,1,1,1,0,0
A,V,428,0.112596,0.223,neutral,0.001,neutral,0.41838,2.484,1.45119,0.147887324,14.19074032,20.41623311,0,0,0,0,0,1,1,0,0
D,V,428,0.323855,0.577,neutral,0.4,neutral,2.09788,3.606,2.85194,0.147887324,14.19074032,20.41623311,1,1,0,1,0,1,1,0,0
G,V,428,0.348427,0.405,neutral,0.272,neutral,1.42837,4.773,3.100685,0.147887324,14.19074032,20.41623311,1,0,1,1,0,1,1,0,0
F,V,428,0.299088,0.577,neutral,0.779,deleterious,2.56446,2.404,2.48423,0.147887324,14.19074032,20.41623311,1,1,0,1,0,1,1,0,0
I,V,428,-0.137509,0.25,neutral,0.001,neutral,-0.624864,-0.391,-0.507932,0.147887324,14.19074032,20.41623311,0,0,0,0,0,1,1,0,0
L,V,428,0.160295,0.229,neutral,0.0,neutral,-0.261979,0.37,0.0540105,0.147887324,14.19074032,20.41623311,1,0,0,0,0,1,1,0,0
L,S,427,-0.0881773,0.574,neutral,0.13,neutral,-1.2065,-5.123,-3.16475,0.0,12.31991554,19.94921012,0,0,0,0,1,1,1,0,0
A,S,427,-0.286866,0.278,neutral,0.001,neutral,-0.784344,-4.663,-2.723672,0.0,12.31991554,19.94921012,0,0,0,0,1,1,1,0,0
P,S,427,0.0933552,0.854,deleterious,0.893,deleterious,2.49956,20.908,11.70378,0.0,12.31991554,19.94921012,0,1,1,1,1,1,1,0,0
T,S,427,-0.150718,0.704,prob.delet.,0.121,neutral,0.264594,-0.777,-0.256203,0.0,12.31991554,19.94921012,0,0,0,0,1,1,1,0,0
D,A,426,0.408296,0.806,deleterious,0.903,deleterious,4.56859,9.292,6.930295,0.0,10.29664479,19.45895673,1,1,1,1,1,1,1,0,0
G,A,426,-0.123332,0.225,neutral,0.0,neutral,1.98344,7.915,4.94922,0.0,10.29664479,19.45895673,0,1,1,1,1,1,1,0,0
V,A,426,-0.110937,0.487,neutral,0.064,neutral,-0.0977678,-0.613,-0.3553839,0.0,10.29664479,19.45895673,0,0,0,0,1,1,1,0,0
P,A,426,0.426594,0.812,deleterious,0.95,deleterious,7.62704,29.647,18.63702,0.0,10.29664479,19.45895673,1,1,1,1,1,1,1,0,0
S,A,426,-0.129526,0.289,neutral,0.003,neutral,2.0228,4.82,3.4214,0.0,10.29664479,19.45895673,0,1,1,1,1,1,1,0,0
T,A,426,0.107086,0.738,deleterious,0.465,neutral,0.579775,5.112,2.8458875,0.0,10.29664479,19.45895673,0,0,1,1,1,1,1,0,0
E,D,425,0.253935,0.521,neutral,0.687,deleterious,0.183477,3.012,1.5977385,0.208588957,13.83860068,16.59566412,1,0,0,0,0,0,0,0,0
A,D,425,0.554742,0.935,deleterious,0.998,deleterious,0.209432,2.313,1.261216,0.208588957,13.83860068,16.59566412,1,0,0,0,0,0,0,0,0
G,D,425,0.544346,0.911,deleterious,0.999,deleterious,1.64013,6.599,4.119565,0.208588957,13.83860068,16.59566412,1,1,1,1,0,0,1,0,0
V,D,425,0.580397,0.971,deleterious,0.997,deleterious,0.695218,5.332,3.013609,0.208588957,13.83860068,16.59566412,1,0,1,1,0,0,1,0,0
H,D,425,0.549735,0.857,deleterious,1.0,deleterious,-0.691463,-0.28,-0.4857315,0.208588957,13.83860068,16.59566412,1,0,0,0,0,0,0,0,0
N,D,425,-0.0565117,0.788,deleterious,0.998,deleterious,0.100275,3.08,1.5901375,0.208588957,13.83860068,16.59566412,0,0,0,0,0,0,0,0,0
Y,D,425,0.554047,0.925,deleterious,1.0,deleterious,-0.720117,1.746,0.5129415,0.208588957,13.83860068,16.59566412,1,0,0,0,0,0,0,0,0
A,G,424,0.237763,0.401,neutral,0.04,neutral,2.60987,2.097,2.353435,0.011904762,15.4666994,14.74743769,1,1,0,0,0,1,1,0,0
E,G,424,0.41599,0.832,deleterious,0.996,deleterious,12.0273,24.9,18.46365,0.011904762,15.4666994,14.74743769,1,1,1,1,0,1,1,0,0
V,G,424,0.405876,0.863,deleterious,0.999,deleterious,9.29697,24.264,16.780485,0.011904762,15.4666994,14.74743769,1,1,1,1,0,1,1,0,0
R,G,424,0.405084,0.877,deleterious,1.0,deleterious,9.20626,11.631,10.41863,0.011904762,15.4666994,14.74743769,1,1,1,1,0,1,1,0,0
W,G,424,0.448695,0.783,deleterious,1.0,deleterious,9.94403,8.383,9.163515,0.011904762,15.4666994,14.74743769,1,1,1,1,0,1,1,0,0
P,L,423,0.537632,0.921,deleterious,1.0,deleterious,6.05965,29.914,17.986825,0.0,13.23153872,15.8254728,1,1,1,1,1,1,1,0,0
Q,L,423,0.537009,0.904,deleterious,1.0,deleterious,2.76454,7.656,5.21027,0.0,13.23153872,15.8254728,1,1,1,1,1,1,1,0,0
R,L,423,0.536962,0.914,deleterious,1.0,deleterious,6.12934,13.703,9.91617,0.0,13.23153872,15.8254728,1,1,1,1,1,1,1,0,0
M,L,423,0.208203,0.797,deleterious,0.99,deleterious,-0.133913,2.509,1.1875435,0.0,13.23153872,15.8254728,1,0,0,0,1,1,1,0,0
V,L,423,0.229286,0.731,deleterious,0.92,deleterious,1.56244,4.294,2.92822,0.0,13.23153872,15.8254728,1,1,0,1,1,1,1,0,0
P,L,422,0.552348,0.917,deleterious,1.0,deleterious,6.14748,29.854,18.00074,0.0,13.20121187,15.06488233,1,1,1,1,1,1,1,0,0
Q,L,422,0.550701,0.887,deleterious,1.0,deleterious,4.25114,11.565,7.90807,0.0,13.20121187,15.06488233,1,1,1,1,1,1,1,0,0
R,L,422,0.550749,0.884,deleterious,1.0,deleterious,8.80553,9.508,9.156765,0.0,13.20121187,15.06488233,1,1,1,1,1,1,1,0,0
M,L,422,0.215732,0.797,deleterious,1.0,deleterious,0.422751,-1.092,-0.3346245,0.0,13.20121187,15.06488233,1,0,0,0,1,1,1,0,0
V,L,422,0.267335,0.731,deleterious,0.994,deleterious,3.41519,3.733,3.574095,0.0,13.20121187,15.06488233,1,1,0,1,1,1,1,0,0
S,R,421,0.133237,0.687,prob.delet.,0.415,neutral,1.76796,3.968,2.86798,0.141129032,16.91293662,11.50717348,1,1,0,1,0,1,1,0,0
K,R,421,-0.0562478,0.356,neutral,0.002,neutral,0.725562,2.643,1.684281,0.141129032,16.91293662,11.50717348,0,0,0,0,0,1,1,0,0
M,R,421,0.157548,0.707,prob.delet.,0.94,deleterious,0.326056,7.092,3.709028,0.141129032,16.91293662,11.50717348,1,0,1,1,0,1,1,0,0
T,R,421,0.106823,0.382,neutral,0.113,neutral,1.75802,2.95,2.35401,0.141129032,16.91293662,11.50717348,0,1,0,0,0,1,1,0,0
G,R,421,0.134072,0.7,prob.delet.,0.587,deleterious,2.42111,6.416,4.418555,0.141129032,16.91293662,11.50717348,1,1,1,1,0,1,1,0,0
W,R,421,0.169014,0.699,prob.delet.,0.994,deleterious,2.18186,-4.959,-1.38857,0.141129032,16.91293662,11.50717348,1,1,0,0,0,1,1,0,0
D,A,420,0.392198,0.836,deleterious,0.932,deleterious,6.01694,14.414,10.21547,0.018867925,17.99306866,10.75789139,1,1,1,1,0,1,1,0,0
G,A,420,-0.0246591,0.73,deleterious,0.16,neutral,1.93005,6.358,4.144025,0.018867925,17.99306866,10.75789139,0,1,1,1,0,1,1,0,0
V,A,420,-0.102741,0.327,neutral,0.018,neutral,-0.282281,-0.979,-0.6306405,0.018867925,17.99306866,10.75789139,0,0,0,0,0,1,1,0,0
P,A,420,0.356713,0.691,prob.delet.,0.027,neutral,5.92898,25.214,15.57149,0.018867925,17.99306866,10.75789139,1,1,1,1,0,1,1,0,0
S,A,420,-0.10607,0.5,neutral,0.004,neutral,0.711423,5.11,2.9107115,0.018867925,17.99306866,10.75789139,0,0,1,1,0,1,1,0,0
T,A,420,-0.109432,0.419,neutral,0.033,neutral,1.6827,1.733,1.70785,0.018867925,17.99306866,10.75789139,0,1,0,0,0,1,1,0,0
L,S,419,0.563766,0.877,deleterious,1.0,deleterious,2.34566,4.742,3.54383,0.0,16.40580067,12.39784842,1,1,0,1,0,1,1,0,0
A,S,419,0.317499,0.66,prob.neutral,1.0,deleterious,-0.0973231,-2.213,-1.15516155,0.0,16.40580067,12.39784842,1,0,0,0,0,1,1,0,0
P,S,419,0.57746,0.843,deleterious,1.0,deleterious,6.16118,20.238,13.19959,0.0,16.40580067,12.39784842,1,1,1,1,0,1,1,0,0
T,S,419,0.380087,0.757,deleterious,0.999,deleterious,1.53568,0.557,1.04634,0.0,16.40580067,12.39784842,1,1,0,0,0,1,1,0,0
Q,H,418,-0.32831,0.149,neutral,0.0,neutral,0.942147,-0.442,0.2500735,0.081521739,17.96191847,10.51351206,0,0,0,0,0,1,1,0,0
L,H,418,-0.0306016,0.484,neutral,0.093,neutral,0.621597,-1.96,-0.6692015,0.081521739,17.96191847,10.51351206,0,0,0,0,0,1,1,0,0
P,H,418,0.0387923,0.675,prob.delet.,0.276,neutral,5.12133,24.896,15.008665,0.081521739,17.96191847,10.51351206,0,1,1,1,0,1,1,0,0
R,H,418,-0.136164,0.163,neutral,0.0,neutral,2.16713,7.695,4.931065,0.081521739,17.96191847,10.51351206,0,1,1,1,0,1,1,0,0
D,H,418,-0.0698286,0.407,neutral,0.037,neutral,2.62983,-2.916,-0.143085,0.081521739,17.96191847,10.51351206,0,1,0,0,0,1,1,0,0
N,H,418,-0.33681,0.155,neutral,0.0,neutral,2.23597,2.536,2.385985,0.081521739,17.96191847,10.51351206,0,1,0,0,0,1,1,0,0
Y,H,418,-0.147748,0.554,neutral,0.683,deleterious,2.08248,1.216,1.64924,0.081521739,17.96191847,10.51351206,0,1,0,0,0,1,1,0,0
F,L,417,0.424433,0.834,deleterious,1.0,deleterious,1.89608,8.529,5.21254,0.006097561,20.23990724,7.922186339,1,1,1,1,0,1,1,0,0
S,L,417,0.603313,0.823,deleterious,1.0,deleterious,3.82834,13.264,8.54617,0.006097561,20.23990724,7.922186339,1,1,1,1,0,1,1,0,0
I,L,417,0.242443,0.472,neutral,0.75,deleterious,0.799659,3.464,2.1318295,0.006097561,20.23990724,7.922186339,1,0,0,0,0,1,1,0,0
V,L,417,0.460012,0.764,deleterious,0.985,deleterious,1.98505,6.529,4.257025,0.006097561,20.23990724,7.922186339,1,1,1,1,0,1,1,0,0
A,V,416,0.220312,0.563,neutral,0.683,deleterious,2.04407,6.503,4.273535,0.007042254,18.77618066,8.725102287,1,1,1,1,0,1,1,0,0
E,V,416,0.445617,0.839,deleterious,1.0,deleterious,4.181,9.749,6.965,0.007042254,18.77618066,8.725102287,1,1,1,1,0,1,1,0,0
G,V,416,0.450939,0.855,deleterious,0.998,deleterious,4.0547,12.86,8.45735,0.007042254,18.77618066,8.725102287,1,1,1,1,0,1,1,0,0
L,V,416,0.100197,0.647,prob.neutral,0.933,deleterious,-0.885647,3.645,1.3796765,0.007042254,18.77618066,8.725102287,0,0,0,0,0,1,1,0,0
M,V,416,0.251812,0.749,deleterious,1.0,deleterious,-0.824004,5.383,2.279498,0.007042254,18.77618066,8.725102287,1,0,1,0,0,1,1,0,0
K,N,415,-0.0109927499999999,0.871,deleterious,1.0,deleterious,3.61125,12.557,8.084125,0.012738854,16.50678689,6.356949274,0,1,1,1,0,1,1,0,0
I,N,415,0.298128,0.939,deleterious,1.0,deleterious,4.91503,10.54,7.727515,0.012738854,16.50678689,6.356949274,1,1,1,1,0,1,1,0,0
S,N,415,-0.0476568,0.751,deleterious,1.0,deleterious,2.78161,4.412,3.596805,0.012738854,16.50678689,6.356949274,0,1,0,1,0,1,1,0,0
T,N,415,0.0502211,0.877,deleterious,1.0,deleterious,2.34359,5.668,4.005795,0.012738854,16.50678689,6.356949274,0,1,1,1,0,1,1,0,0
D,N,415,0.150952,0.797,deleterious,1.0,deleterious,2.98248,7.596,5.28924,0.012738854,16.50678689,6.356949274,1,1,1,1,0,1,1,0,0
H,N,415,0.129984,0.859,deleterious,1.0,deleterious,49.3748,8.262,28.8184,0.012738854,16.50678689,6.356949274,1,1,1,1,0,1,1,0,0
Y,N,415,0.5074,0.93,deleterious,1.0,deleterious,14.3245,20.416,17.37025,0.012738854,16.50678689,6.356949274,1,1,1,1,0,1,1,0,0
N,K,414,-0.1639975,0.493,neutral,0.907,deleterious,1.30018,-3.594,-1.14691,0.156097561,15.17214913,5.101421182,0,0,0,0,0,0,1,0,1
I,K,414,0.147789,0.666,prob.neutral,0.503,deleterious,1.74076,3.122,2.43138,0.156097561,15.17214913,5.101421182,1,1,0,1,0,0,1,0,1
R,K,414,-0.138692,0.237,neutral,0.002,neutral,0.388711,-2.873,-1.2421445,0.156097561,15.17214913,5.101421182,0,0,0,0,0,0,1,0,1
T,K,414,0.113325,0.516,neutral,0.378,neutral,0.41961,-6.361,-2.970695,0.156097561,15.17214913,5.101421182,0,0,0,0,0,0,1,0,1
E,K,414,0.267983,0.399,neutral,0.548,deleterious,1.44684,-0.715,0.36592,0.156097561,15.17214913,5.101421182,1,0,0,0,0,0,1,0,1
Q,K,414,0.0882775,0.556,neutral,0.543,deleterious,-0.190955,-4.807,-2.4989775,0.156097561,15.17214913,5.101421182,0,0,0,0,0,0,1,0,1
M,I,413,0.142213,0.765,deleterious,0.804,deleterious,1.20832,7.791,4.49966,0.0,15.01170896,5.629712213,1,0,1,1,0,1,1,0,1
N,I,413,0.321778,0.914,deleterious,1.0,deleterious,3.3082,10.336,6.8221,0.0,15.01170896,5.629712213,1,1,1,1,0,1,1,0,1
S,I,413,0.360693,0.902,deleterious,0.993,deleterious,4.63728,12.074,8.35564,0.0,15.01170896,5.629712213,1,1,1,1,0,1,1,0,1
T,I,413,0.221915,0.837,deleterious,0.989,deleterious,3.78485,9.279,6.531925,0.0,15.01170896,5.629712213,1,1,1,1,0,1,1,0,1
F,I,413,0.161532,0.831,deleterious,0.932,deleterious,22.5684,6.063,14.3157,0.0,15.01170896,5.629712213,1,1,1,1,0,1,1,0,1
L,I,413,0.0372122,0.361,neutral,0.0,neutral,1.08073,8.146,4.613365,0.0,15.01170896,5.629712213,0,0,1,1,0,1,1,0,1
V,I,413,-0.181418,0.166,neutral,0.0,neutral,1.04168,3.669,2.35534,0.0,15.01170896,5.629712213,0,0,0,0,0,1,1,0,1
I,M,412,-0.2719023333333333,0.129,neutral,0.001,neutral,0.769452,3.366,2.067726,0.0,12.656,3.817115842,0,0,0,0,1,1,1,0,1
K,M,412,0.249531,0.788,deleterious,0.894,deleterious,3.09084,17.862,10.47642,0.0,12.656,3.817115842,1,1,1,1,1,1,1,0,1
R,M,412,0.280556,0.781,deleterious,0.948,deleterious,6.65589,9.745,8.200445,0.0,12.656,3.817115842,1,1,1,1,1,1,1,0,1
T,M,412,0.000596406,0.649,prob.neutral,0.919,deleterious,1.92087,2.735,2.327935,0.0,12.656,3.817115842,0,1,0,0,1,1,1,0,1
L,M,412,-0.1110065,0.181,neutral,0.0,neutral,-0.40692,-0.864,-0.63546,0.0,12.656,3.817115842,0,0,0,0,1,1,1,0,1
V,M,412,-0.194899,0.153,neutral,0.001,neutral,1.83444,3.504,2.66922,0.0,12.656,3.817115842,0,1,0,1,1,1,1,0,1
I,M,411,-0.0747073333333333,0.325,neutral,0.002,neutral,2.66616,1.235,1.95058,0.0,10.31286557,0.0,0,1,0,0,1,1,1,0,1
K,M,411,0.313525,0.715,deleterious,0.972,deleterious,4.57602,13.783,9.17951,0.0,10.31286557,0.0,1,1,1,1,1,1,1,0,1
R,M,411,0.333098,0.751,deleterious,0.996,deleterious,5.94335,9.773,7.858175,0.0,10.31286557,0.0,1,1,1,1,1,1,1,0,1
T,M,411,0.169901,0.697,prob.delet.,0.965,deleterious,3.49831,7.596,5.547155,0.0,10.31286557,0.0,1,1,1,1,1,1,1,0,1
L,M,411,-0.1645995,0.119,neutral,0.0,neutral,0.493049,2.902,1.6975245,0.0,10.31286557,0.0,0,0,0,0,1,1,1,0,1
V,M,411,-0.180071,0.191,neutral,0.006,neutral,1.83804,-0.063,0.88752,0.0,10.31286557,0.0,0,1,0,0,1,1,1,0,1
L,P,410,0.602281,0.951,deleterious,1.0,deleterious,6.48648,2.074,4.28024,0.0,10.25547899,3.80714492,1,1,0,1,1,1,1,0,1
Q,P,410,0.516219,0.945,deleterious,1.0,deleterious,7.68148,4.48,6.08074,0.0,10.25547899,3.80714492,1,1,0,1,1,1,1,0,1
R,P,410,0.602281,0.959,deleterious,1.0,deleterious,18.6459,11.778,15.21195,0.0,10.25547899,3.80714492,1,1,1,1,1,1,1,0,1
A,P,410,0.502633,0.895,deleterious,1.0,deleterious,2.76406,-3.589,-0.41247,0.0,10.25547899,3.80714492,1,1,0,0,1,1,1,0,1
S,P,410,0.412121,0.899,deleterious,1.0,deleterious,3.65219,-0.168,1.742095,0.0,10.25547899,3.80714492,1,1,0,0,1,1,1,0,1
T,P,410,0.58375,0.926,deleterious,0.999,deleterious,2.73786,-3.906,-0.58407,0.0,10.25547899,3.80714492,1,1,0,0,1,1,1,0,1
N,K,409,-0.0626691,0.863,deleterious,1.0,deleterious,6.61612,-3.021,1.79756,0.0,9.910346384,5.621951992,0,1,0,0,1,1,1,0,1
M,K,409,0.224132,0.762,deleterious,0.846,deleterious,0.768325,-8.404,-3.8178375,0.0,9.910346384,5.621951992,1,0,0,0,1,1,1,0,1
R,K,409,-0.0536926,0.367,neutral,0.407,neutral,1.06593,-7.94,-3.437035,0.0,9.910346384,5.621951992,0,0,0,0,1,1,1,0,1
T,K,409,0.286709,0.888,deleterious,0.998,deleterious,3.48784,-6.956,-1.73408,0.0,9.910346384,5.621951992,1,1,0,0,1,1,1,0,1
E,K,409,0.202597,0.784,deleterious,0.994,deleterious,3.08281,-0.266,1.408405,0.0,9.910346384,5.621951992,1,1,0,0,1,1,1,0,1
Q,K,409,0.180413,0.871,deleterious,0.995,deleterious,2.99088,-6.25,-1.62956,0.0,9.910346384,5.621951992,1,1,0,0,1,1,1,0,1
L,F,408,0.320736,0.586,neutral,0.411,neutral,1.65303,6.997,4.325015,0.0,7.184647853,5.890112337,1,1,1,1,1,1,1,0,1
C,F,408,0.493518,0.856,deleterious,1.0,deleterious,3.01252,12.301,7.65676,0.0,7.184647853,5.890112337,1,1,1,1,1,1,1,0,1
S,F,408,0.493866,0.867,deleterious,1.0,deleterious,3.38332,16.409,9.89616,0.0,7.184647853,5.890112337,1,1,1,1,1,1,1,0,1
Y,F,408,0.119323,0.493,neutral,0.237,neutral,1.07883,2.84,1.959415,0.0,7.184647853,5.890112337,0,0,0,0,1,1,1,0,1
I,F,408,0.26543,0.817,deleterious,0.994,deleterious,2.92391,13.736,8.329955,0.0,7.184647853,5.890112337,1,1,1,1,1,1,1,0,1
L,F,408,0.390453,0.586,neutral,0.411,neutral,1.65303,6.997,4.325015,0.0,7.184647853,5.890112337,1,1,1,1,1,1,1,0,1
V,F,408,0.460369,0.815,deleterious,0.992,deleterious,3.24075,11.144,7.192375,0.0,7.184647853,5.890112337,1,1,1,1,1,1,1,0,1
A,V,407,0.440613,0.4,neutral,0.304,neutral,1.9898,6.028,4.0089,0.007042254,6.75423391,6.465614603,1,1,1,1,1,1,1,0,0
D,V,407,0.549206,0.883,deleterious,1.0,deleterious,3.02487,6.417,4.720935,0.007042254,6.75423391,6.465614603,1,1,1,1,1,1,1,0,0
G,V,407,0.546604,0.844,deleterious,0.994,deleterious,2.37187,7.314,4.842935,0.007042254,6.75423391,6.465614603,1,1,1,1,1,1,1,0,0
F,V,407,0.526043,0.681,prob.delet.,0.527,deleterious,0.92085,-1.408,-0.243575,0.007042254,6.75423391,6.465614603,1,0,0,0,1,1,1,0,0
I,V,407,0.129719,0.763,deleterious,0.151,neutral,0.105356,-1.992,-0.943322,0.007042254,6.75423391,6.465614603,1,0,0,0,1,1,1,0,0
L,V,407,0.411793,0.845,deleterious,0.738,deleterious,0.193756,-1.567,-0.686622,0.007042254,6.75423391,6.465614603,1,0,0,0,1,1,1,0,0
K,N,406,0.129011,0.936,deleterious,1.0,deleterious,3.83255,14.274,9.053275,0.0,8.072356168,3.884068621,1,1,1,1,1,1,1,0,1
I,N,406,0.389159,0.953,deleterious,1.0,deleterious,2.37425,-2.878,-0.251875,0.0,8.072356168,3.884068621,1,1,0,0,1,1,1,0,1
S,N,406,0.164552,0.826,deleterious,0.998,deleterious,2.02539,5.566,3.795695,0.0,8.072356168,3.884068621,1,1,1,1,1,1,1,0,1
T,N,406,0.262187,0.929,deleterious,0.999,deleterious,1.9653,3.839,2.90215,0.0,8.072356168,3.884068621,1,1,0,1,1,1,1,0,1
D,N,406,0.179864,0.922,deleterious,0.999,deleterious,1.77626,1.613,1.69463,0.0,8.072356168,3.884068621,1,1,0,0,1,1,1,0,1
H,N,406,0.279918,0.898,deleterious,1.0,deleterious,12.6619,0.734,6.69795,0.0,8.072356168,3.884068621,1,1,0,1,1,1,1,0,1
Y,N,406,0.553439,0.944,deleterious,1.0,deleterious,16.0836,6.864,11.4738,0.0,8.072356168,3.884068621,1,1,1,1,1,1,1,0,1
F,L,405,0.495845,0.883,deleterious,0.999,deleterious,5.41987,-0.738,2.340935,0.0,5.378629665,6.184402375,1,1,0,0,1,1,1,1,0
S,L,405,0.573646,0.914,deleterious,1.0,deleterious,3.85471,7.368,5.611355,0.0,5.378629665,6.184402375,1,1,1,1,1,1,1,1,0
W,L,405,0.576894,0.727,deleterious,1.0,deleterious,14.3943,8.802,11.59815,0.0,5.378629665,6.184402375,1,1,1,1,1,1,1,1,0
M,L,405,0.230831,0.775,deleterious,0.986,deleterious,0.163242,1.667,0.915121,0.0,5.378629665,6.184402375,1,0,0,0,1,1,1,1,0
V,L,405,0.371311,0.775,deleterious,0.983,deleterious,3.102,0.884,1.993,0.0,5.378629665,6.184402375,1,1,0,0,1,1,1,1,0
D,E,404,0.449393,0.732,deleterious,0.958,deleterious,-0.0565845,-0.916,-0.48629225,0.036082474,5.652002961,7.992526165,1,0,0,0,1,1,1,1,0
A,E,404,0.580423,0.689,prob.delet.,0.999,deleterious,-0.855135,-3.77,-2.3125675,0.036082474,5.652002961,7.992526165,1,0,0,0,1,1,1,1,0
G,E,404,0.582775,0.736,deleterious,1.0,deleterious,0.0897513,1.334,0.71187565,0.036082474,5.652002961,7.992526165,1,0,0,0,1,1,1,1,0
V,E,404,0.583023,0.818,deleterious,1.0,deleterious,1.53227,-1.67,-0.068865,0.036082474,5.652002961,7.992526165,1,1,0,0,1,1,1,1,0
K,E,404,0.566773,0.511,neutral,0.985,deleterious,0.777766,9.938,5.357883,0.036082474,5.652002961,7.992526165,1,0,1,1,1,1,1,1,0
Q,E,404,0.406674,0.339,neutral,0.88,deleterious,-0.670747,-5.737,-3.2038735,0.036082474,5.652002961,7.992526165,1,0,0,0,1,1,1,1,0
L,F,403,0.3249615,0.647,prob.neutral,0.98,deleterious,2.7419,2.764,2.75295,0.020304569,6.97135133,6.671081598,1,1,0,1,1,1,1,0,0
C,F,403,0.477453,0.811,deleterious,1.0,deleterious,4.43932,6.536,5.48766,0.020304569,6.97135133,6.671081598,1,1,1,1,1,1,1,0,0
S,F,403,0.50587,0.707,prob.delet.,1.0,deleterious,4.34173,7.34,5.840865,0.020304569,6.97135133,6.671081598,1,1,1,1,1,1,1,0,0
Y,F,403,0.262003,0.447,neutral,0.416,neutral,2.29088,2.362,2.32644,0.020304569,6.97135133,6.671081598,1,1,0,0,1,1,1,0,0
I,F,403,0.449406,0.647,prob.neutral,0.615,deleterious,4.89328,8.78,6.83664,0.020304569,6.97135133,6.671081598,1,1,1,1,1,1,1,0,0
L,F,403,0.398316,0.647,prob.neutral,0.98,deleterious,2.7419,2.764,2.75295,0.020304569,6.97135133,6.671081598,1,1,0,1,1,1,1,0,0
V,F,403,0.530976,0.744,deleterious,0.923,deleterious,6.11212,11.876,8.99406,0.020304569,6.97135133,6.671081598,1,1,1,1,1,1,1,0,0
Q,H,402,0.1149475,0.436,neutral,0.996,deleterious,-1.0731,2.761,0.84395,0.027173913,7.416278317,3.817099453,0,0,0,0,1,1,1,0,1
L,H,402,0.408239,0.603,neutral,0.724,deleterious,-1.43201,-3.006,-2.219005,0.027173913,7.416278317,3.817099453,1,0,0,0,1,1,1,0,1
P,H,402,0.460328,0.641,prob.neutral,0.994,deleterious,0.930889,6.72,3.8254445,0.027173913,7.416278317,3.817099453,1,0,1,1,1,1,1,0,1
R,H,402,0.22934,0.497,neutral,1.0,deleterious,1.00886,0.131,0.56993,0.027173913,7.416278317,3.817099453,1,0,0,0,1,1,1,0,1
D,H,402,0.423355,0.439,neutral,0.978,deleterious,-0.158188,6.514,3.177906,0.027173913,7.416278317,3.817099453,1,0,1,1,1,1,1,0,1
N,H,402,-0.0489032,0.414,neutral,0.154,neutral,1.11322,2.8,1.95661,0.027173913,7.416278317,3.817099453,0,0,0,0,1,1,1,0,1
Y,H,402,0.237323,0.453,neutral,0.999,deleterious,-0.725123,-3.774,-2.2495615,0.027173913,7.416278317,3.817099453,1,0,0,0,1,1,1,0,1
A,G,401,0.573939,0.861,deleterious,1.0,deleterious,0.227384,-0.378,-0.075308,0.023809524,9.423440666,0.0,1,0,0,0,1,1,1,0,1
E,G,401,0.585581,0.861,deleterious,1.0,deleterious,8.7159,13.775,11.24545,0.023809524,9.423440666,0.0,1,1,1,1,1,1,1,0,1
V,G,401,0.585593,0.858,deleterious,1.0,deleterious,7.70268,3.302,5.50234,0.023809524,9.423440666,0.0,1,1,0,1,1,1,1,0,1
R,G,401,0.6034765,0.863,deleterious,1.0,deleterious,15.0004,18.845,16.9227,0.023809524,9.423440666,0.0,1,1,1,1,1,1,1,0,1
K,N,400,-0.0600953,0.419,neutral,0.991,deleterious,-0.917757,4.176,1.6291215,0.057324841,10.97836483,3.791467492,0,0,0,0,1,1,1,0,1
I,N,400,0.0843796,0.722,deleterious,0.956,deleterious,-0.241737,2.357,1.0576315,0.057324841,10.97836483,3.791467492,0,0,0,0,1,1,1,0,1
S,N,400,-0.265472,0.235,neutral,0.035,neutral,0.98722,4.359,2.67311,0.057324841,10.97836483,3.791467492,0,0,0,1,1,1,1,0,1
T,N,400,-0.0712685,0.291,neutral,0.112,neutral,0.869159,5.399,3.1340795,0.057324841,10.97836483,3.791467492,0,0,1,1,1,1,1,0,1
D,N,400,-0.0903858,0.513,neutral,0.725,deleterious,1.23366,5.447,3.34033,0.057324841,10.97836483,3.791467492,0,0,1,1,1,1,1,0,1
H,N,400,-0.0506857,0.471,neutral,0.169,neutral,-0.922309,-0.347,-0.6346545,0.057324841,10.97836483,3.791467492,0,0,0,0,1,1,1,0,1
Y,N,400,0.135756,0.617,neutral,0.983,deleterious,-1.5828,-1.568,-1.5754,0.057324841,10.97836483,3.791467492,1,0,0,0,1,1,1,0,1
R,S,399,0.4235765,0.584,neutral,1.0,deleterious,0.506334,-2.701,-1.097333,0.023076923,14.20012745,6.102789228,1,0,0,0,0,1,1,0,0
I,S,399,0.435999,0.665,prob.neutral,0.998,deleterious,-1.03841,2.633,0.797295,0.023076923,14.20012745,6.102789228,1,0,0,0,0,1,1,0,0
N,S,399,0.0241832,0.561,neutral,0.88,deleterious,2.49263,4.911,3.701815,0.023076923,14.20012745,6.102789228,0,1,1,1,0,1,1,0,0
T,S,399,0.0225955,0.537,neutral,0.143,neutral,1.26213,4.525,2.893565,0.023076923,14.20012745,6.102789228,0,0,0,1,0,1,1,0,0
C,S,399,0.183504,0.477,neutral,1.0,deleterious,0.231879,-0.853,-0.3105605,0.023076923,14.20012745,6.102789228,1,0,0,0,0,1,1,0,0
G,S,399,0.101662,0.439,neutral,0.891,deleterious,0.602444,2.971,1.786722,0.023076923,14.20012745,6.102789228,0,0,0,0,0,1,1,0,0
R,S,399,0.419029,0.584,neutral,1.0,deleterious,0.506334,-2.701,-1.097333,0.023076923,14.20012745,6.102789228,1,0,0,0,0,1,1,0,0
A,G,398,0.42714,0.545,neutral,0.982,deleterious,-0.223852,-5.704,-2.963926,0.011904762,13.45062345,6.374877824,1,0,0,0,1,1,1,0,0
D,G,398,0.571048,0.851,deleterious,1.0,deleterious,5.45528,4.791,5.12314,0.011904762,13.45062345,6.374877824,1,1,1,1,1,1,1,0,0
V,G,398,0.57786,0.917,deleterious,1.0,deleterious,2.10532,3.378,2.74166,0.011904762,13.45062345,6.374877824,1,1,0,1,1,1,1,0,0
C,G,398,0.564617,0.762,deleterious,1.0,deleterious,2.83098,2.695,2.76299,0.011904762,13.45062345,6.374877824,1,1,0,1,1,1,1,0,0
R,G,398,0.579414,0.892,deleterious,1.0,deleterious,11.1341,8.094,9.61405,0.011904762,13.45062345,6.374877824,1,1,1,1,1,1,1,0,0
S,G,398,0.47005,0.871,deleterious,0.998,deleterious,1.78108,3.6,2.69054,0.011904762,13.45062345,6.374877824,1,1,0,1,1,1,1,0,0
A,G,397,0.254392,0.317,neutral,0.917,deleterious,0.185373,-3.514,-1.6643135,0.0,10.71870456,7.507438108,1,0,0,0,1,1,1,0,0
E,G,397,0.504024,0.921,deleterious,1.0,deleterious,12.3443,17.173,14.75865,0.0,10.71870456,7.507438108,1,1,1,1,1,1,1,0,0
V,G,397,0.493254,0.935,deleterious,1.0,deleterious,6.58725,10.537,8.562125,0.0,10.71870456,7.507438108,1,1,1,1,1,1,1,0,0
R,G,397,0.49851,0.853,deleterious,1.0,deleterious,23.8164,13.462,18.6392,0.0,10.71870456,7.507438108,1,1,1,1,1,1,1,0,0
A,V,396,-0.0550922,0.282,neutral,0.304,neutral,1.69934,4.754,3.22667,0.021126761,13.31314686,9.729741082,0,1,0,1,1,1,1,0,0
D,V,396,0.214431,0.67,prob.neutral,1.0,deleterious,3.63542,8.16,5.89771,0.021126761,13.31314686,9.729741082,1,1,1,1,1,1,1,0,0
G,V,396,0.191519,0.731,deleterious,0.988,deleterious,3.20753,8.963,6.085265,0.021126761,13.31314686,9.729741082,1,1,1,1,1,1,1,0,0
F,V,396,-0.0364783,0.441,neutral,0.996,deleterious,-0.317324,0.124,-0.096662,0.021126761,13.31314686,9.729741082,0,0,0,0,1,1,1,0,0
I,V,396,-0.297574,0.137,neutral,0.0,neutral,-1.04799,-3.063,-2.055495,0.021126761,13.31314686,9.729741082,0,0,0,0,1,1,1,0,0
L,V,396,-0.142039,0.546,neutral,0.538,deleterious,-1.77805,-1.339,-1.558525,0.021126761,13.31314686,9.729741082,0,0,0,0,1,1,1,0,0
I,T,395,0.413442,0.681,prob.delet.,0.998,deleterious,-1.15053,-0.057,-0.603765,0.028169014,16.05609512,10.7041245,1,0,0,0,0,1,1,0,0
N,T,395,0.01081,0.619,neutral,0.952,deleterious,1.28437,5.168,3.226185,0.028169014,16.05609512,10.7041245,0,0,1,1,0,1,1,0,0
S,T,395,0.0504507,0.235,neutral,0.01,neutral,0.870831,4.678,2.7744155,0.028169014,16.05609512,10.7041245,0,0,0,1,0,1,1,0,0
A,T,395,0.167114,0.635,prob.neutral,0.491,neutral,-0.145559,1.617,0.7357205,0.028169014,16.05609512,10.7041245,1,0,0,0,0,1,1,0,0
P,T,395,0.430743,0.688,prob.delet.,0.976,deleterious,4.33361,22.184,13.258805,0.028169014,16.05609512,10.7041245,1,1,1,1,0,1,1,0,0
S,T,395,0.008924,0.235,neutral,0.01,neutral,0.870831,4.678,2.7744155,0.028169014,16.05609512,10.7041245,0,0,0,1,0,1,1,0,0
A,V,394,0.164966,0.785,deleterious,0.926,deleterious,2.19379,7.114,4.653895,0.0,14.81207312,7.437473162,1,1,1,1,0,1,1,0,0
D,V,394,0.508824,0.896,deleterious,1.0,deleterious,5.0377,13.841,9.43935,0.0,14.81207312,7.437473162,1,1,1,1,0,1,1,0,0
G,V,394,0.494297,0.885,deleterious,0.997,deleterious,3.87439,10.831,7.352695,0.0,14.81207312,7.437473162,1,1,1,1,0,1,1,0,0
F,V,394,0.248,0.86,deleterious,0.988,deleterious,14.7189,11.371,13.04495,0.0,14.81207312,7.437473162,1,1,1,1,0,1,1,0,0
I,V,394,-0.213185,0.289,neutral,0.119,neutral,-0.549135,-0.863,-0.7060675,0.0,14.81207312,7.437473162,0,0,0,0,0,1,1,0,0
L,V,394,0.176983,0.64,prob.neutral,0.446,neutral,1.0231,4.755,2.88905,0.0,14.81207312,7.437473162,1,0,0,1,0,1,1,0,0
D,A,393,0.536536,0.84,deleterious,1.0,deleterious,9.07573,21.34,15.207865,0.0,14.52663265,8.011600358,1,1,1,1,0,1,1,0,0
G,A,393,0.284636,0.452,neutral,0.157,neutral,1.49542,5.752,3.62371,0.0,14.52663265,8.011600358,1,1,1,1,0,1,1,0,0
V,A,393,0.505197,0.838,deleterious,0.999,deleterious,1.52001,10.087,5.803505,0.0,14.52663265,8.011600358,1,1,1,1,0,1,1,0,0
P,A,393,0.52462,0.769,deleterious,1.0,deleterious,3.71507,26.042,14.878535,0.0,14.52663265,8.011600358,1,1,1,1,0,1,1,0,0
S,A,393,0.223244,0.493,neutral,0.977,deleterious,1.91818,4.043,2.98059,0.0,14.52663265,8.011600358,1,1,0,1,0,1,1,0,0
T,A,393,0.336135,0.54,neutral,0.997,deleterious,2.31772,7.708,5.01286,0.0,14.52663265,8.011600358,1,1,1,1,0,1,1,0,0
A,V,392,0.292107,0.533,neutral,0.876,deleterious,1.79964,6.112,3.95582,0.063380282,17.89599191,11.58319361,1,1,1,1,0,1,1,0,0
D,V,392,0.439734,0.721,deleterious,0.996,deleterious,3.42699,8.824,6.125495,0.063380282,17.89599191,11.58319361,1,1,1,1,0,1,1,0,0
G,V,392,0.42955,0.716,deleterious,0.994,deleterious,3.52495,9.561,6.542975,0.063380282,17.89599191,11.58319361,1,1,1,1,0,1,1,0,0
F,V,392,0.407215,0.535,neutral,0.303,neutral,-0.957893,-2.697,-1.8274465,0.063380282,17.89599191,11.58319361,1,0,0,0,0,1,1,0,0
I,V,392,0.0239797,0.623,neutral,0.523,deleterious,-0.336076,0.021,-0.157538,0.063380282,17.89599191,11.58319361,0,0,0,0,0,1,1,0,0
L,V,392,0.293166,0.293,neutral,0.016,neutral,-1.44271,-0.775,-1.108855,0.063380282,17.89599191,11.58319361,1,0,0,0,0,1,1,0,0
Q,H,391,0.187074,0.209,neutral,0.049,neutral,-0.255984,7.583,3.663508,0.005434783,19.37046071,11.24336383,1,0,1,1,0,1,1,0,0
L,H,391,0.392532,0.486,neutral,0.409,neutral,-1.52845,-1.374,-1.451225,0.005434783,19.37046071,11.24336383,1,0,0,0,0,1,1,0,0
P,H,391,0.425143,0.75,deleterious,0.979,deleterious,3.57957,28.675,16.127285,0.005434783,19.37046071,11.24336383,1,1,1,1,0,1,1,0,0
R,H,391,0.364266,0.639,prob.neutral,0.993,deleterious,1.32532,6.088,3.70666,0.005434783,19.37046071,11.24336383,1,0,1,1,0,1,1,0,0
D,H,391,0.0769004,0.723,deleterious,0.768,deleterious,0.704825,3.889,2.2969125,0.005434783,19.37046071,11.24336383,0,0,0,0,0,1,1,0,0
N,H,391,0.0349748,0.289,neutral,0.02,neutral,0.630625,4.066,2.3483125,0.005434783,19.37046071,11.24336383,0,0,0,0,0,1,1,0,0
Y,H,391,0.352123,0.593,neutral,0.999,deleterious,0.578705,1.332,0.9553525,0.005434783,19.37046071,11.24336383,1,0,0,0,0,1,1,0,0
K,N,390,0.115619,0.859,deleterious,1.0,deleterious,3.55871,8.227,5.892855,0.0,18.2554219,9.843904532,0,1,1,1,0,1,1,0,0
I,N,390,0.37983,0.919,deleterious,1.0,deleterious,2.16754,3.339,2.75327,0.0,18.2554219,9.843904532,1,1,0,1,0,1,1,0,0
S,N,390,0.140294,0.681,prob.delet.,0.986,deleterious,2.12896,5.692,3.91048,0.0,18.2554219,9.843904532,1,1,1,1,0,1,1,0,0
T,N,390,0.202503,0.859,deleterious,0.999,deleterious,3.00049,3.178,3.089245,0.0,18.2554219,9.843904532,1,1,0,1,0,1,1,0,0
D,N,390,0.26485,0.82,deleterious,0.99,deleterious,2.27294,5.635,3.95397,0.0,18.2554219,9.843904532,1,1,1,1,0,1,1,0,0
H,N,390,0.148451,0.396,neutral,0.846,deleterious,3.49887,-0.501,1.498935,0.0,18.2554219,9.843904532,1,1,0,0,0,1,1,0,0
Y,N,390,0.575052,0.878,deleterious,1.0,deleterious,5.61411,-5.697,-0.041445,0.0,18.2554219,9.843904532,1,1,0,0,0,1,1,0,0
A,G,389,0.520882,0.812,deleterious,0.965,deleterious,4.08736,6.27,5.17868,0.0,16.87679855,13.02780137,1,1,1,1,0,1,1,0,0
E,G,389,0.573573,0.955,deleterious,1.0,deleterious,18.9415,34.977,26.95925,0.0,16.87679855,13.02780137,1,1,1,1,0,1,1,0,0
V,G,389,0.541885,0.845,deleterious,0.997,deleterious,14.5966,32.766,23.6813,0.0,16.87679855,13.02780137,1,1,1,1,0,1,1,0,0
R,G,389,0.6010120000000001,0.966,deleterious,1.0,deleterious,24.8885,41.048,32.96825,0.0,16.87679855,13.02780137,1,1,1,1,0,1,1,0,0
W,G,389,0.601953,0.942,deleterious,1.0,deleterious,46.6711,48.09,47.38055,0.0,16.87679855,13.02780137,1,1,1,1,0,1,1,0,0
I,M,388,0.441393,0.399,neutral,0.105,neutral,0.40138,-0.027,0.18719,0.015957447,15.64488856,15.21570873,1,0,0,0,0,1,1,0,0
K,M,388,0.565767,0.736,prob.delet.,0.999,deleterious,2.38733,11.34,6.863665,0.015957447,15.64488856,15.21570873,1,1,1,1,0,1,1,0,0
R,M,388,0.567051,0.715,prob.delet.,1.0,deleterious,4.00601,10.288,7.147005,0.015957447,15.64488856,15.21570873,1,1,1,1,0,1,1,0,0
T,M,388,0.559122,0.717,prob.delet.,0.98,deleterious,2.33474,7.319,4.82687,0.015957447,15.64488856,15.21570873,1,1,1,1,0,1,1,0,0
L,M,388,0.432647,0.251,neutral,0.027,neutral,0.647487,4.616,2.6317435,0.015957447,15.64488856,15.21570873,1,0,0,1,0,1,1,0,0
V,M,388,0.488167,0.651,neutral,0.803,deleterious,1.40222,0.608,1.00511,0.015957447,15.64488856,15.21570873,1,0,0,0,0,1,1,0,0
A,V,387,0.548968,0.748,deleterious,0.993,deleterious,2.14987,7.108,4.628935,0.0,14.31105618,14.04801217,1,1,1,1,0,1,1,0,0
D,V,387,0.594131,0.924,deleterious,1.0,deleterious,4.78883,11.723,8.255915,0.0,14.31105618,14.04801217,1,1,1,1,0,1,1,0,0
G,V,387,0.594131,0.911,deleterious,1.0,deleterious,3.88579,13.129,8.507395,0.0,14.31105618,14.04801217,1,1,1,1,0,1,1,0,0
F,V,387,0.598349,0.852,deleterious,0.999,deleterious,7.15909,16.911,12.035045,0.0,14.31105618,14.04801217,1,1,1,1,0,1,1,0,0
I,V,387,0.245541,0.428,neutral,0.65,deleterious,0.517083,1.342,0.9295415,0.0,14.31105618,14.04801217,1,0,0,0,0,1,1,0,0
L,V,387,0.539011,0.519,neutral,0.145,neutral,0.777929,5.23,3.0039645,0.0,14.31105618,14.04801217,1,0,1,1,0,1,1,0,0
H,Q,386,0.4509324999999999,0.821,deleterious,1.0,deleterious,2.95619,5.402,4.179095,0.025252525,12.30625813,14.89176888,1,1,1,1,1,1,1,0,0
L,Q,386,0.545024,0.847,deleterious,1.0,deleterious,1.81028,13.429,7.61964,0.025252525,12.30625813,14.89176888,1,1,1,1,1,1,1,0,0
P,Q,386,0.553907,0.839,deleterious,1.0,deleterious,8.33628,32.134,20.23514,0.025252525,12.30625813,14.89176888,1,1,1,1,1,1,1,0,0
R,Q,386,0.474148,0.577,neutral,0.684,deleterious,2.25472,6.289,4.27186,0.025252525,12.30625813,14.89176888,1,1,1,1,1,1,1,0,0
E,Q,386,0.508514,0.745,deleterious,0.995,deleterious,2.89311,0.256,1.574555,0.025252525,12.30625813,14.89176888,1,1,0,0,1,1,1,0,0
K,Q,386,0.516354,0.812,deleterious,1.0,deleterious,0.708176,14.023,7.365588,0.025252525,12.30625813,14.89176888,1,0,1,1,1,1,1,0,0
D,A,385,0.564818,0.925,deleterious,1.0,deleterious,5.72554,10.747,8.23627,0.0,10.706727,18.24258065,1,1,1,1,1,1,1,0,0
G,A,385,0.351249,0.772,deleterious,0.875,deleterious,1.81205,7.087,4.449525,0.0,10.706727,18.24258065,1,1,1,1,1,1,1,0,0
V,A,385,0.448228,0.561,neutral,0.811,deleterious,2.98131,2.336,2.658655,0.0,10.706727,18.24258065,1,1,0,1,1,1,1,0,0
P,A,385,0.55388,0.839,deleterious,1.0,deleterious,6.25674,20.68,13.46837,0.0,10.706727,18.24258065,1,1,1,1,1,1,1,0,0
S,A,385,0.266279,0.58,neutral,0.921,deleterious,1.09776,5.443,3.27038,0.0,10.706727,18.24258065,1,0,1,1,1,1,1,0,0
T,A,385,0.292012,0.565,neutral,0.99,deleterious,2.07307,8.247,5.160035,0.0,10.706727,18.24258065,1,1,1,1,1,1,1,0,0
E,A,384,0.610014,0.882,deleterious,1.0,deleterious,4.61313,10.124,7.368565,0.0,9.837292429,19.08630378,1,1,1,1,1,1,1,0,0
G,A,384,0.354333,0.737,prob.delet.,0.48,neutral,1.56007,7.37,4.465035,0.0,9.837292429,19.08630378,1,1,1,1,1,1,1,0,0
V,A,384,0.499583,0.737,prob.delet.,0.986,deleterious,1.16292,1.848,1.50546,0.0,9.837292429,19.08630378,1,0,0,0,1,1,1,0,0
P,A,384,0.588769,0.87,deleterious,1.0,deleterious,1.56458,19.721,10.64279,0.0,9.837292429,19.08630378,1,1,1,1,1,1,1,0,0
S,A,384,0.194946,0.308,neutral,0.572,deleterious,1.23105,5.692,3.461525,0.0,9.837292429,19.08630378,1,0,1,1,1,1,1,0,0
T,A,384,0.554683,0.736,prob.delet.,0.995,deleterious,1.22823,5.242,3.235115,0.0,9.837292429,19.08630378,1,0,1,1,1,1,1,0,0
A,V,383,0.275484,0.735,prob.delet.,0.968,deleterious,2.24445,6.996,4.620225,0.0,8.499992094,18.41306274,1,1,1,1,1,1,1,0,0
D,V,383,0.56002,0.781,deleterious,1.0,deleterious,5.03997,11.318,8.178985,0.0,8.499992094,18.41306274,1,1,1,1,1,1,1,0,0
G,V,383,0.559826,0.796,deleterious,0.999,deleterious,4.44249,13.951,9.196745,0.0,8.499992094,18.41306274,1,1,1,1,1,1,1,0,0
F,V,383,0.596367,0.774,deleterious,0.995,deleterious,15.0015,14.98,14.99075,0.0,8.499992094,18.41306274,1,1,1,1,1,1,1,0,0
I,V,383,0.0789434,0.225,neutral,0.064,neutral,0.503635,-3.014,-1.2551825,0.0,8.499992094,18.41306274,0,0,0,0,1,1,1,0,0
L,V,383,0.422288,0.296,neutral,0.015,neutral,0.985931,5.949,3.4674655,0.0,8.499992094,18.41306274,1,0,1,1,1,1,1,0,0
I,M,382,0.5935039999999999,0.783,deleterious,1.0,deleterious,3.42576,4.024,3.72488,0.0,6.065678138,20.80680348,1,1,0,1,1,1,1,0,0
K,M,382,0.608883,0.842,deleterious,1.0,deleterious,2.36882,9.684,6.02641,0.0,6.065678138,20.80680348,1,1,1,1,1,1,1,0,0
R,M,382,0.608953,0.834,deleterious,1.0,deleterious,8.9662,13.559,11.2626,0.0,6.065678138,20.80680348,1,1,1,1,1,1,1,0,0
T,M,382,0.608953,0.845,deleterious,1.0,deleterious,1.88341,11.379,6.631205,0.0,6.065678138,20.80680348,1,1,1,1,1,1,1,0,0
L,M,382,0.557414,0.649,neutral,0.992,deleterious,0.26614,2.904,1.58507,0.0,6.065678138,20.80680348,1,0,0,0,1,1,1,0,0
V,M,382,0.595201,0.751,deleterious,1.0,deleterious,3.19853,20.334,11.766265,0.0,6.065678138,20.80680348,1,1,1,1,1,1,1,0,0
I,T,381,0.552022,0.835,deleterious,1.0,deleterious,1.85369,-0.627,0.613345,0.0,5.280244051,22.81234567,1,1,0,0,1,1,1,1,0
N,T,381,0.157707,0.841,deleterious,1.0,deleterious,2.7243,1.604,2.16415,0.0,5.280244051,22.81234567,1,1,0,0,1,1,1,1,0
S,T,381,0.318788,0.52,neutral,0.815,deleterious,1.61408,2.567,2.09054,0.0,5.280244051,22.81234567,1,1,0,0,1,1,1,1,0
A,T,381,0.503263,0.81,deleterious,0.997,deleterious,1.09096,-1.78,-0.34452,0.0,5.280244051,22.81234567,1,0,0,0,1,1,1,1,0
P,T,381,0.600825,0.837,deleterious,0.999,deleterious,5.03211,23.513,14.272555,0.0,5.280244051,22.81234567,1,1,1,1,1,1,1,1,0
S,T,381,0.317901,0.52,neutral,0.815,deleterious,1.61408,2.567,2.09054,0.0,5.280244051,22.81234567,1,1,0,0,1,1,1,1,0
I,M,380,-0.0214482333333333,0.124,neutral,0.001,neutral,1.99164,0.628,1.30982,0.010638298,5.402340611,23.27875018,0,1,0,0,1,1,1,1,0
K,M,380,0.486192,0.777,deleterious,0.987,deleterious,2.55906,11.01,6.78453,0.010638298,5.402340611,23.27875018,1,1,1,1,1,1,1,1,0
R,M,380,0.490222,0.809,deleterious,0.998,deleterious,3.84849,9.333,6.590745,0.010638298,5.402340611,23.27875018,1,1,1,1,1,1,1,1,0
T,M,380,0.215238,0.629,neutral,0.442,neutral,2.42358,6.303,4.36329,0.010638298,5.402340611,23.27875018,1,1,1,1,1,1,1,1,0
L,M,380,-0.1351895,0.113,neutral,0.001,neutral,-0.157528,-0.94,-0.548764,0.010638298,5.402340611,23.27875018,0,0,0,0,1,1,1,1,0
V,M,380,-0.153158,0.119,neutral,0.001,neutral,1.58198,1.622,1.60199,0.010638298,5.402340611,23.27875018,0,1,0,0,1,1,1,1,0
E,A,379,0.598851,0.831,deleterious,1.0,deleterious,7.84827,9.098,8.473135,0.0,3.794395844,23.80417143,1,1,1,1,1,1,1,1,0
G,A,379,0.493557,0.827,deleterious,0.907,deleterious,1.52804,5.662,3.59502,0.0,3.794395844,23.80417143,1,1,1,1,1,1,1,1,0
V,A,379,0.516515,0.852,deleterious,1.0,deleterious,2.06357,1.369,1.716285,0.0,3.794395844,23.80417143,1,1,0,0,1,1,1,1,0
P,A,379,0.590164,0.821,deleterious,1.0,deleterious,4.42758,19.257,11.84229,0.0,3.794395844,23.80417143,1,1,1,1,1,1,1,1,0
S,A,379,0.278016,0.496,neutral,0.859,deleterious,0.560412,4.933,2.746706,0.0,3.794395844,23.80417143,1,0,1,1,1,1,1,1,0
T,A,379,0.57012,0.821,deleterious,1.0,deleterious,0.559164,3.363,1.961082,0.0,3.794395844,23.80417143,1,0,0,0,1,1,1,1,0
D,E,378,0.5055835,0.782,deleterious,1.0,deleterious,2.43223,5.042,3.737115,0.0,0.0,23.65020756,1,1,1,1,1,1,1,1,0
A,E,378,0.604273,0.897,deleterious,1.0,deleterious,2.2518,4.591,3.4214,0.0,0.0,23.65020756,1,1,0,1,1,1,1,1,0
G,E,378,0.604631,0.906,deleterious,1.0,deleterious,3.67223,9.916,6.794115,0.0,0.0,23.65020756,1,1,1,1,1,1,1,1,0
V,E,378,0.604634,0.9,deleterious,1.0,deleterious,4.16139,5.122,4.641695,0.0,0.0,23.65020756,1,1,1,1,1,1,1,1,0
K,E,378,0.575144,0.888,deleterious,1.0,deleterious,5.50236,15.543,10.52268,0.0,0.0,23.65020756,1,1,1,1,1,1,1,1,0
Q,E,378,0.574283,0.873,deleterious,1.0,deleterious,1.64054,-0.29,0.67527,0.0,0.0,23.65020756,1,1,0,0,1,1,1,1,0
W,C,377,0.55284,0.819,deleterious,1.0,deleterious,12.7674,4.489,8.6282,0.007407407,3.808322528,21.09586337,1,1,0,1,1,1,1,1,0
F,C,377,0.602073,0.86,deleterious,1.0,deleterious,4.01819,-2.057,0.980595,0.007407407,3.808322528,21.09586337,1,1,0,0,1,1,1,1,0
S,C,377,0.496633,0.841,deleterious,1.0,deleterious,0.724299,2.101,1.4126495,0.007407407,3.808322528,21.09586337,1,0,0,0,1,1,1,1,0
Y,C,377,0.602608,0.861,deleterious,1.0,deleterious,6.13487,0.69,3.412435,0.007407407,3.808322528,21.09586337,1,1,0,1,1,1,1,1,0
G,C,377,0.559202,0.865,deleterious,0.996,deleterious,1.63528,5.45,3.54264,0.007407407,3.808322528,21.09586337,1,1,1,1,1,1,1,1,0
R,C,377,0.568987,0.865,deleterious,1.0,deleterious,8.78233,11.751,10.266665,0.007407407,3.808322528,21.09586337,1,1,1,1,1,1,1,1,0
S,C,377,0.470988,0.841,deleterious,1.0,deleterious,0.724299,2.101,1.4126495,0.007407407,3.808322528,21.09586337,1,0,0,0,1,1,1,1,0
H,Q,376,0.555268,0.834,deleterious,1.0,deleterious,39.6948,1.806,20.7504,0.02020202,5.266065821,24.1158925,1,1,0,1,1,1,1,1,0
L,Q,376,0.541179,0.849,deleterious,1.0,deleterious,-2.23848,-1.944,-2.09124,0.02020202,5.266065821,24.1158925,1,0,0,0,1,1,1,1,0
P,Q,376,0.565222,0.841,deleterious,1.0,deleterious,-0.205884,8.917,4.355558,0.02020202,5.266065821,24.1158925,1,0,1,1,1,1,1,1,0
R,Q,376,0.564077,0.856,deleterious,1.0,deleterious,1.27756,1.997,1.63728,0.02020202,5.266065821,24.1158925,1,0,0,0,1,1,1,1,0
E,Q,376,0.564046,0.779,deleterious,1.0,deleterious,0.617644,4.573,2.595322,0.02020202,5.266065821,24.1158925,1,0,0,1,1,1,1,1,0
K,Q,376,0.616177,0.815,deleterious,1.0,deleterious,0.230814,11.355,5.792907,0.02020202,5.266065821,24.1158925,1,0,1,1,1,1,1,1,0
I,T,375,0.581319,0.786,deleterious,1.0,deleterious,1.06906,-0.048,0.51053,0.035211268,4.929501932,24.63702192,1,0,0,0,1,1,1,1,0
N,T,375,0.233489,0.812,deleterious,1.0,deleterious,1.00736,-0.645,0.18118,0.035211268,4.929501932,24.63702192,1,0,0,0,1,1,1,1,0
S,T,375,0.45937,0.783,deleterious,1.0,deleterious,0.825415,0.718,0.7717075,0.035211268,4.929501932,24.63702192,1,0,0,0,1,1,1,1,0
A,T,375,0.548884,0.784,deleterious,1.0,deleterious,0.551296,1.47,1.010648,0.035211268,4.929501932,24.63702192,1,0,0,0,1,1,1,1,0
P,T,375,0.585759,0.796,deleterious,1.0,deleterious,0.667474,14.769,7.718237,0.035211268,4.929501932,24.63702192,1,0,1,1,1,1,1,1,0
S,T,375,0.441116,0.783,deleterious,1.0,deleterious,0.825415,0.718,0.7717075,0.035211268,4.929501932,24.63702192,1,0,0,0,1,1,1,1,0
H,P,374,0.617688,0.915,deleterious,1.0,deleterious,30.7209,5.5,18.11045,0.036764706,3.873623133,21.39122921,1,1,1,1,1,1,1,1,0
L,P,374,0.617688,0.915,deleterious,1.0,deleterious,2.97794,2.398,2.68797,0.036764706,3.873623133,21.39122921,1,1,0,1,1,1,1,1,0
R,P,374,0.617688,0.925,deleterious,1.0,deleterious,9.77066,11.996,10.88333,0.036764706,3.873623133,21.39122921,1,1,1,1,1,1,1,1,0
A,P,374,0.617688,0.928,deleterious,1.0,deleterious,1.96033,-0.139,0.910665,0.036764706,3.873623133,21.39122921,1,1,0,0,1,1,1,1,0
S,P,374,0.617688,0.921,deleterious,1.0,deleterious,3.32739,4.842,4.084695,0.036764706,3.873623133,21.39122921,1,1,1,1,1,1,1,1,0
T,P,374,0.617688,0.919,deleterious,1.0,deleterious,4.15558,0.927,2.54129,0.036764706,3.873623133,21.39122921,1,1,0,1,1,1,1,1,0
K,N,373,0.1867079999999999,0.967,deleterious,1.0,deleterious,-1.33918,-0.003,-0.67109,0.343949045,0.0,22.53530956,1,0,0,0,1,0,1,1,0
I,N,373,0.372159,0.966,deleterious,1.0,deleterious,-1.33449,-4.937,-3.135745,0.343949045,0.0,22.53530956,1,0,0,0,1,0,1,1,0
S,N,373,0.19729,0.969,deleterious,1.0,deleterious,0.23945,2.19,1.214725,0.343949045,0.0,22.53530956,1,0,0,0,1,0,1,1,0
T,N,373,0.306738,0.969,deleterious,1.0,deleterious,0.0419461,0.141,0.09147305,0.343949045,0.0,22.53530956,1,0,0,0,1,0,1,1,0
D,N,373,0.243453,0.962,deleterious,1.0,deleterious,0.456675,-0.23,0.1133375,0.343949045,0.0,22.53530956,1,0,0,0,1,0,1,1,0
H,N,373,0.303418,0.962,deleterious,1.0,deleterious,-0.371668,1.108,0.368166,0.343949045,0.0,22.53530956,1,0,0,0,1,0,1,1,0
Y,N,373,0.604634,0.967,deleterious,1.0,deleterious,-2.42315,0.05,-1.186575,0.343949045,0.0,22.53530956,1,0,0,0,1,0,1,1,0
A,V,372,0.458251,0.813,deleterious,0.994,deleterious,1.01774,5.918,3.46787,0.14084507,0.0,20.89708534,1,0,1,1,1,1,1,1,0
E,V,372,0.582036,0.843,deleterious,0.999,deleterious,2.08671,11.186,6.636355,0.14084507,0.0,20.89708534,1,1,1,1,1,1,1,1,0
G,V,372,0.586233,0.827,deleterious,1.0,deleterious,1.74634,10.411,6.07867,0.14084507,0.0,20.89708534,1,1,1,1,1,1,1,1,0
L,V,372,0.377216,0.774,deleterious,0.924,deleterious,0.0926895,4.912,2.50234475,0.14084507,0.0,20.89708534,1,0,1,1,1,1,1,1,0
M,V,372,0.394933,0.896,deleterious,1.0,deleterious,-0.559228,6.649,3.044886,0.14084507,0.0,20.89708534,1,0,1,1,1,1,1,1,0
N,K,371,0.228659,0.967,deleterious,1.0,deleterious,0.820046,-1.052,-0.115977,0.287804878,0.0,19.90273079,1,0,0,0,1,0,1,1,0
M,K,371,0.554755,0.974,deleterious,1.0,deleterious,-0.903124,-1.749,-1.326062,0.287804878,0.0,19.90273079,1,0,0,0,1,0,1,1,0
R,K,371,0.454365,0.943,deleterious,1.0,deleterious,-1.44021,-2.795,-2.117605,0.287804878,0.0,19.90273079,1,0,0,0,1,0,1,1,0
T,K,371,0.551937,0.971,deleterious,1.0,deleterious,0.544394,0.83,0.687197,0.287804878,0.0,19.90273079,1,0,0,0,1,0,1,1,0
E,K,371,0.571963,0.957,deleterious,1.0,deleterious,2.2256,3.022,2.6238,0.287804878,0.0,19.90273079,1,1,0,1,1,0,1,1,0
Q,K,371,0.496928,0.969,deleterious,1.0,deleterious,0.583728,-0.975,-0.195636,0.287804878,0.0,19.90273079,1,0,0,0,1,0,1,1,0
A,G,370,0.359128,0.791,deleterious,1.0,deleterious,2.2218,5.826,4.0239,0.345238095,3.814224894,18.44446209,1,1,1,1,1,0,1,1,0
D,G,370,0.381208,0.762,deleterious,1.0,deleterious,3.25274,5.492,4.37237,0.345238095,3.814224894,18.44446209,1,1,1,1,1,0,1,1,0
V,G,370,0.502504,0.783,deleterious,1.0,deleterious,7.39458,16.281,11.83779,0.345238095,3.814224894,18.44446209,1,1,1,1,1,0,1,1,0
C,G,370,0.498881,0.767,deleterious,1.0,deleterious,3.19687,8.025,5.610935,0.345238095,3.814224894,18.44446209,1,1,1,1,1,0,1,1,0
R,G,370,0.435071,0.801,deleterious,1.0,deleterious,6.27931,16.438,11.358655,0.345238095,3.814224894,18.44446209,1,1,1,1,1,0,1,1,0
S,G,370,0.492602,0.771,deleterious,1.0,deleterious,4.3859,9.067,6.72645,0.345238095,3.814224894,18.44446209,1,1,1,1,1,0,1,1,0
L,P,369,0.579119,0.95,deleterious,1.0,deleterious,2.98328,0.281,1.63214,0.110294118,5.513157339,21.53703292,1,1,0,0,1,1,1,1,0
Q,P,369,0.567045,0.969,deleterious,1.0,deleterious,4.13438,3.404,3.76919,0.110294118,5.513157339,21.53703292,1,1,0,1,1,1,1,1,0
R,P,369,0.602089,0.959,deleterious,1.0,deleterious,4.47945,3.31,3.894725,0.110294118,5.513157339,21.53703292,1,1,0,1,1,1,1,1,0
A,P,369,0.489713,0.968,deleterious,0.999,deleterious,2.64436,1.897,2.27068,0.110294118,5.513157339,21.53703292,1,1,0,0,1,1,1,1,0
S,P,369,0.602562,0.977,deleterious,1.0,deleterious,3.86891,4.141,4.004955,0.110294118,5.513157339,21.53703292,1,1,0,1,1,1,1,1,0
T,P,369,0.592724,0.975,deleterious,0.999,deleterious,3.06931,3.503,3.286155,0.110294118,5.513157339,21.53703292,1,1,0,1,1,1,1,1,0
I,M,368,0.3804506666666666,0.937,deleterious,0.991,deleterious,1.18865,1.334,1.261325,0.196808511,6.034987695,23.63913817,1,0,0,0,1,0,0,0,0
K,M,368,0.597861,0.973,deleterious,0.997,deleterious,1.48895,3.539,2.513975,0.196808511,6.034987695,23.63913817,1,1,0,1,1,0,1,0,0
R,M,368,0.59883,0.975,deleterious,0.999,deleterious,1.06099,1.634,1.347495,0.196808511,6.034987695,23.63913817,1,0,0,0,1,0,0,0,0
T,M,368,0.599679,0.977,deleterious,0.998,deleterious,2.33944,2.844,2.59172,0.196808511,6.034987695,23.63913817,1,1,0,1,1,0,1,0,0
L,M,368,0.348433,0.839,deleterious,0.979,deleterious,0.738516,-0.651,0.043758,0.196808511,6.034987695,23.63913817,1,0,0,0,1,0,0,0,0
V,M,368,0.429004,0.924,deleterious,0.996,deleterious,2.06273,1.147,1.604865,0.196808511,6.034987695,23.63913817,1,1,0,0,1,0,0,0,0
M,I,367,0.356085,0.838,deleterious,1.0,deleterious,0.0302331,-0.113,-0.04138345,0.082840237,9.786816308,26.42195223,1,0,0,0,1,1,1,0,0
N,I,367,0.564078,0.797,deleterious,1.0,deleterious,2.26084,6.101,4.18092,0.082840237,9.786816308,26.42195223,1,1,1,1,1,1,1,0,0
S,I,367,0.557081,0.774,deleterious,1.0,deleterious,2.47397,7.795,5.134485,0.082840237,9.786816308,26.42195223,1,1,1,1,1,1,1,0,0
T,I,367,0.524114,0.779,deleterious,1.0,deleterious,3.01129,6.546,4.778645,0.082840237,9.786816308,26.42195223,1,1,1,1,1,1,1,0,0
F,I,367,0.40383,0.816,deleterious,1.0,deleterious,1.54206,5.458,3.50003,0.082840237,9.786816308,26.42195223,1,1,1,1,1,1,1,0,0
L,I,367,0.350069,0.781,deleterious,0.992,deleterious,-0.230014,-2.035,-1.132507,0.082840237,9.786816308,26.42195223,1,0,0,0,1,1,1,0,0
V,I,367,0.324464,0.745,deleterious,0.994,deleterious,1.20393,2.346,1.774965,0.082840237,9.786816308,26.42195223,1,0,0,0,1,1,1,0,0
R,S,366,0.5213085,0.961,deleterious,1.0,deleterious,-0.389024,1.637,0.623988,0.469230769,9.993118139,27.49539989,1,0,0,0,1,0,0,0,0
I,S,366,0.587457,0.943,deleterious,1.0,deleterious,0.252024,2.046,1.149012,0.469230769,9.993118139,27.49539989,1,0,0,0,1,0,0,0,0
N,S,366,0.211146,0.985,deleterious,0.999,deleterious,0.537524,1.418,0.977762,0.469230769,9.993118139,27.49539989,1,0,0,0,1,0,0,0,0
T,S,366,0.495542,0.959,deleterious,0.998,deleterious,0.147772,1.602,0.874886,0.469230769,9.993118139,27.49539989,1,0,0,0,1,0,0,0,0
C,S,366,0.559861,0.942,deleterious,1.0,deleterious,0.603403,5.383,2.9932015,0.469230769,9.993118139,27.49539989,1,0,1,1,1,0,1,0,0
G,S,366,0.55792,0.952,deleterious,1.0,deleterious,0.588832,4.777,2.682916,0.469230769,9.993118139,27.49539989,1,0,1,1,1,0,1,0,0
R,S,366,0.588721,0.961,deleterious,1.0,deleterious,-0.389024,1.637,0.623988,0.469230769,9.993118139,27.49539989,1,0,0,0,1,0,0,0,0
R,S,365,0.5631675,0.974,deleterious,1.0,deleterious,-0.167597,-2.094,-1.1307985,0.415384615,8.829170653,28.0410182,1,0,0,0,1,0,0,0,0
I,S,365,0.568715,0.967,deleterious,1.0,deleterious,-0.169759,-2.721,-1.4453795,0.415384615,8.829170653,28.0410182,1,0,0,0,1,0,0,0,0
N,S,365,0.195243,0.983,deleterious,0.999,deleterious,-0.640379,-0.33,-0.4851895,0.415384615,8.829170653,28.0410182,1,0,0,0,1,0,0,0,0
T,S,365,0.510868,0.971,deleterious,0.998,deleterious,0.346527,-0.141,0.1027635,0.415384615,8.829170653,28.0410182,1,0,0,0,1,0,0,0,0
C,S,365,0.551991,0.961,deleterious,1.0,deleterious,0.368448,1.682,1.025224,0.415384615,8.829170653,28.0410182,1,0,0,0,1,0,0,0,0
G,S,365,0.567506,0.976,deleterious,1.0,deleterious,0.825561,2.448,1.6367805,0.415384615,8.829170653,28.0410182,1,0,0,0,1,0,0,0,0
R,S,365,0.568236,0.974,deleterious,1.0,deleterious,-0.167597,-2.094,-1.1307985,0.415384615,8.829170653,28.0410182,1,0,0,0,1,0,0,0,0
A,G,364,0.585212,0.939,deleterious,0.999,deleterious,0.182959,-1.477,-0.6470205,0.726190476,7.680223258,27.23574146,1,0,0,0,1,0,0,0,0
E,G,364,0.586645,0.927,deleterious,1.0,deleterious,0.401077,-2.38,-0.9894615,0.726190476,7.680223258,27.23574146,1,0,0,0,1,0,0,0,0
V,G,364,0.586654,0.921,deleterious,1.0,deleterious,0.211641,-4.486,-2.1371795,0.726190476,7.680223258,27.23574146,1,0,0,0,1,0,0,0,0
R,G,364,0.5865025,0.929,deleterious,1.0,deleterious,0.0897717,-3.684,-1.79711415,0.726190476,7.680223258,27.23574146,1,0,0,0,1,0,0,0,0
L,P,363,0.375514,0.724,prob.delet.,1.0,deleterious,2.03288,4.291,3.16194,0.352941176,9.406456709,29.52957888,1,1,0,1,1,0,1,0,0
Q,P,363,0.355925,0.713,prob.delet.,1.0,deleterious,3.67465,0.163,1.918825,0.352941176,9.406456709,29.52957888,1,1,0,0,1,0,0,0,0
R,P,363,0.522509,0.757,deleterious,1.0,deleterious,3.48275,1.302,2.392375,0.352941176,9.406456709,29.52957888,1,1,0,0,1,0,0,0,0
A,P,363,0.229142,0.736,prob.delet.,1.0,deleterious,3.24289,1.493,2.367945,0.352941176,9.406456709,29.52957888,1,1,0,0,1,0,0,0,0
S,P,363,0.333016,0.719,prob.delet.,1.0,deleterious,4.25246,2.437,3.34473,0.352941176,9.406456709,29.52957888,1,1,0,1,1,0,1,0,0
T,P,363,0.332185,0.712,prob.delet.,1.0,deleterious,4.18221,-2.304,0.939105,0.352941176,9.406456709,29.52957888,1,1,0,0,1,0,0,0,0
D,E,362,0.2205635,0.734,prob.delet.,0.997,deleterious,1.97817,3.172,2.575085,0.221649485,8.684750119,29.19087819,1,1,0,1,1,0,1,0,0
A,E,362,0.366584,0.825,deleterious,1.0,deleterious,1.44692,3.336,2.39146,0.221649485,8.684750119,29.19087819,1,0,0,0,1,0,0,0,0
G,E,362,0.399334,0.83,deleterious,1.0,deleterious,1.56849,7.168,4.368245,0.221649485,8.684750119,29.19087819,1,1,1,1,1,0,1,0,0
V,E,362,0.446077,0.829,deleterious,1.0,deleterious,0.155384,-2.219,-1.031808,0.221649485,8.684750119,29.19087819,1,0,0,0,1,0,0,0,0
K,E,362,0.48998,0.855,deleterious,1.0,deleterious,0.147265,1.936,1.0416325,0.221649485,8.684750119,29.19087819,1,0,0,0,1,0,0,0,0
Q,E,362,0.315905,0.847,deleterious,1.0,deleterious,0.0973458,-0.726,-0.3143271,0.221649485,8.684750119,29.19087819,1,0,0,0,1,0,0,0,0
K,N,361,0.09231375,0.776,deleterious,1.0,deleterious,-1.11583,1.284,0.084085,0.191082803,8.777148012,27.80267529,0,0,0,0,1,0,0,0,0
I,N,361,0.358769,0.808,deleterious,1.0,deleterious,-0.273034,0.158,-0.057517,0.191082803,8.777148012,27.80267529,1,0,0,0,1,0,0,0,0
S,N,361,0.093259,0.725,prob.delet.,1.0,deleterious,-0.247262,5.536,2.644369,0.191082803,8.777148012,27.80267529,0,0,1,1,1,0,1,0,0
T,N,361,0.16508,0.784,deleterious,1.0,deleterious,-0.334375,1.705,0.6853125,0.191082803,8.777148012,27.80267529,1,0,0,0,1,0,0,0,0
D,N,361,0.154121,0.767,deleterious,1.0,deleterious,1.49732,4.407,2.95216,0.191082803,8.777148012,27.80267529,1,1,0,1,1,0,1,0,0
H,N,361,0.196565,0.745,deleterious,1.0,deleterious,0.995353,2.266,1.6306765,0.191082803,8.777148012,27.80267529,1,0,0,0,1,0,0,0,0
Y,N,361,0.37478,0.819,deleterious,1.0,deleterious,3.38282,4.808,4.09541,0.191082803,8.777148012,27.80267529,1,1,1,1,1,0,1,0,0
D,E,360,0.0771448999999999,0.596,neutral,0.671,deleterious,0.436941,1.931,1.1839705,0.567010309,5.844529914,24.19240741,0,0,0,0,1,0,1,1,0
A,E,360,0.229792,0.515,neutral,0.047,neutral,0.924567,1.297,1.1107835,0.567010309,5.844529914,24.19240741,1,0,0,0,1,0,1,1,0
G,E,360,0.325618,0.714,prob.delet.,0.963,deleterious,1.20891,4.364,2.786455,0.567010309,5.844529914,24.19240741,1,0,0,1,1,0,1,1,0
V,E,360,0.354677,0.793,deleterious,0.972,deleterious,0.269444,-2.95,-1.340278,0.567010309,5.844529914,24.19240741,1,0,0,0,1,0,1,1,0
K,E,360,0.322984,0.715,prob.delet.,0.967,deleterious,0.371006,2.569,1.470003,0.567010309,5.844529914,24.19240741,1,0,0,0,1,0,1,1,0
Q,E,360,0.248052,0.754,deleterious,0.993,deleterious,0.266765,-1.25,-0.4916175,0.567010309,5.844529914,24.19240741,1,0,0,0,1,0,1,1,0
H,P,359,0.376349,0.843,deleterious,1.0,deleterious,1.80557,0.799,1.302285,0.242647059,7.57663265,22.37912489,1,1,0,0,1,0,0,0,0
L,P,359,0.377941,0.823,deleterious,1.0,deleterious,1.75163,-2.673,-0.460685,0.242647059,7.57663265,22.37912489,1,1,0,0,1,0,0,0,0
R,P,359,0.561092,0.862,deleterious,1.0,deleterious,1.57917,-0.54,0.519585,0.242647059,7.57663265,22.37912489,1,1,0,0,1,0,0,0,0
A,P,359,0.302968,0.846,deleterious,1.0,deleterious,2.00056,0.607,1.30378,0.242647059,7.57663265,22.37912489,1,1,0,0,1,0,0,0,0
S,P,359,0.341573,0.826,deleterious,1.0,deleterious,2.10274,1.729,1.91587,0.242647059,7.57663265,22.37912489,1,1,0,0,1,0,0,0,0
T,P,359,0.398379,0.826,deleterious,1.0,deleterious,1.77553,2.284,2.029765,0.242647059,7.57663265,22.37912489,1,1,0,0,1,0,0,0,0
F,L,358,0.2869815,0.878,deleterious,1.0,deleterious,4.2569,5.291,4.77395,0.06097561,6.910036664,19.04256324,1,1,1,1,1,1,1,0,0
S,L,358,0.576701,0.868,deleterious,1.0,deleterious,3.68222,11.861,7.77161,0.06097561,6.910036664,19.04256324,1,1,1,1,1,1,1,0,0
W,L,358,0.568781,0.849,deleterious,1.0,deleterious,9.33094,23.033,16.18197,0.06097561,6.910036664,19.04256324,1,1,1,1,1,1,1,0,0
M,L,358,0.243515,0.852,deleterious,1.0,deleterious,-0.393372,3.052,1.329314,0.06097561,6.910036664,19.04256324,1,0,0,0,1,1,1,0,0
V,L,358,0.247231,0.822,deleterious,0.979,deleterious,1.39852,4.442,2.92026,0.06097561,6.910036664,19.04256324,1,0,0,1,1,1,1,0,0
M,I,357,0.00505687,0.286,neutral,0.004,neutral,0.793021,4.498,2.6455105,0.366863905,8.158552247,15.73733285,0,0,0,1,1,0,1,0,0
N,I,357,0.0205136,0.318,neutral,0.001,neutral,0.90042,4.739,2.81971,0.366863905,8.158552247,15.73733285,0,0,0,1,1,0,1,0,0
S,I,357,0.155678,0.209,neutral,0.001,neutral,1.84318,5.619,3.73109,0.366863905,8.158552247,15.73733285,1,1,1,1,1,0,1,0,0
T,I,357,0.157391,0.274,neutral,0.001,neutral,1.49997,4.942,3.220985,0.366863905,8.158552247,15.73733285,1,1,1,1,1,0,1,0,0
F,I,357,0.038525,0.29,neutral,0.001,neutral,1.25178,0.624,0.93789,0.366863905,8.158552247,15.73733285,0,0,0,0,1,0,0,0,0
L,I,357,-0.0678837,0.101,neutral,0.0,neutral,0.33481,0.485,0.409905,0.366863905,8.158552247,15.73733285,0,0,0,0,1,0,0,0,0
V,I,357,-0.0851494,0.198,neutral,0.0,neutral,1.01268,0.238,0.62534,0.366863905,8.158552247,15.73733285,0,0,0,0,1,0,0,0,0
F,L,356,0.3826255,0.891,deleterious,1.0,deleterious,-0.568115,3.2,1.3159425,0.042682927,10.68188142,13.33590832,1,0,0,0,1,1,1,0,0
S,L,356,0.59826,0.879,deleterious,1.0,deleterious,5.65446,13.118,9.38623,0.042682927,10.68188142,13.33590832,1,1,1,1,1,1,1,0,0
W,L,356,0.598267,0.771,deleterious,1.0,deleterious,6.02286,9.251,7.63693,0.042682927,10.68188142,13.33590832,1,1,1,1,1,1,1,0,0
M,L,356,0.322231,0.881,deleterious,1.0,deleterious,0.381845,5.56,2.9709225,0.042682927,10.68188142,13.33590832,1,0,1,1,1,1,1,0,0
V,L,356,0.288597,0.857,deleterious,0.999,deleterious,2.84012,8.856,5.84806,0.042682927,10.68188142,13.33590832,1,1,1,1,1,1,1,0,0
D,E,355,0.48351,0.825,deleterious,1.0,deleterious,2.03055,-0.159,0.935775,0.041237113,13.05393808,9.658142955,1,1,0,0,1,1,1,0,0
A,E,355,0.586219,0.925,deleterious,1.0,deleterious,1.69333,4.799,3.246165,0.041237113,13.05393808,9.658142955,1,1,1,1,1,1,1,0,0
G,E,355,0.586572,0.915,deleterious,1.0,deleterious,3.11721,9.673,6.395105,0.041237113,13.05393808,9.658142955,1,1,1,1,1,1,1,0,0
V,E,355,0.586576,0.927,deleterious,1.0,deleterious,1.28575,-1.654,-0.184125,0.041237113,13.05393808,9.658142955,1,0,0,0,1,1,1,0,0
K,E,355,0.58391,0.964,deleterious,1.0,deleterious,3.01561,11.316,7.165805,0.041237113,13.05393808,9.658142955,1,1,1,1,1,1,1,0,0
Q,E,355,0.583032,0.922,deleterious,1.0,deleterious,1.0276,3.15,2.0888,0.041237113,13.05393808,9.658142955,1,0,0,0,1,1,1,0,0
A,G,354,0.264264,0.753,deleterious,1.0,deleterious,2.4843,-0.606,0.93915,0.083333333,10.80426069,10.05646309,1,1,0,0,1,1,1,0,0
E,G,354,0.525238,0.815,deleterious,1.0,deleterious,4.41952,5.414,4.91676,0.083333333,10.80426069,10.05646309,1,1,1,1,1,1,1,0,0
V,G,354,0.585455,0.794,deleterious,1.0,deleterious,3.96777,-1.213,1.377385,0.083333333,10.80426069,10.05646309,1,1,0,0,1,1,1,0,0
R,G,354,0.3089615,0.816,deleterious,1.0,deleterious,4.00802,1.581,2.79451,0.083333333,10.80426069,10.05646309,1,1,0,1,1,1,1,0,0
P,L,353,0.59869,0.817,deleterious,1.0,deleterious,3.48764,12.32,7.90382,0.036585366,13.00448796,9.780181791,1,1,1,1,1,1,1,0,0
Q,L,353,0.58421,0.797,deleterious,1.0,deleterious,3.43896,7.298,5.36848,0.036585366,13.00448796,9.780181791,1,1,1,1,1,1,1,0,0
R,L,353,0.598302,0.789,deleterious,1.0,deleterious,3.58811,8.402,5.995055,0.036585366,13.00448796,9.780181791,1,1,1,1,1,1,1,0,0
M,L,353,0.285438,0.835,deleterious,0.996,deleterious,-0.165683,2.991,1.4126585,0.036585366,13.00448796,9.780181791,1,0,0,0,1,1,1,0,0
V,L,353,0.277715,0.817,deleterious,0.857,deleterious,3.02879,4.159,3.593895,0.036585366,13.00448796,9.780181791,1,1,0,1,1,1,1,0,0
A,G,352,0.349772,0.85,deleterious,1.0,deleterious,8.74565,1.672,5.208825,0.011904762,10.94793973,12.28174617,1,1,0,1,1,1,1,0,0
D,G,352,0.519543,0.879,deleterious,1.0,deleterious,19.7145,8.377,14.04575,0.011904762,10.94793973,12.28174617,1,1,1,1,1,1,1,0,0
V,G,352,0.547203,0.879,deleterious,1.0,deleterious,19.305,12.693,15.999,0.011904762,10.94793973,12.28174617,1,1,1,1,1,1,1,0,0
C,G,352,0.509486,0.831,deleterious,1.0,deleterious,12.6258,5.33,8.9779,0.011904762,10.94793973,12.28174617,1,1,1,1,1,1,1,0,0
R,G,352,0.53639,0.891,deleterious,1.0,deleterious,25.1496,14.303,19.7263,0.011904762,10.94793973,12.28174617,1,1,1,1,1,1,1,0,0
S,G,352,0.218184,0.867,deleterious,1.0,deleterious,10.2734,4.048,7.1607,0.011904762,10.94793973,12.28174617,1,1,0,1,1,1,1,0,0
L,S,351,0.54467,0.473,neutral,0.992,deleterious,-2.6023,-5.213,-3.90765,0.061538462,11.11961864,13.17885723,1,0,0,0,1,1,1,0,0
A,S,351,0.242503,0.352,neutral,0.203,neutral,-0.56397,-3.17,-1.866985,0.061538462,11.11961864,13.17885723,1,0,0,0,1,1,1,0,0
P,S,351,0.553518,0.499,neutral,0.993,deleterious,1.69365,19.314,10.503825,0.061538462,11.11961864,13.17885723,1,1,1,1,1,1,1,0,0
T,S,351,0.24436,0.369,neutral,0.11,neutral,-1.00564,-3.365,-2.18532,0.061538462,11.11961864,13.17885723,1,0,0,0,1,1,1,0,0
L,R,350,0.560506,0.791,deleterious,1.0,deleterious,1.68244,4.324,3.00322,0.125,9.516860019,12.25400213,1,1,0,1,1,1,1,0,0
P,R,350,0.586583,0.791,deleterious,1.0,deleterious,7.6972,23.949,15.8231,0.125,9.516860019,12.25400213,1,1,1,1,1,1,1,0,0
Q,R,350,0.387224,0.81,deleterious,1.0,deleterious,2.25286,7.624,4.93843,0.125,9.516860019,12.25400213,1,1,1,1,1,1,1,0,0
G,R,350,0.574001,0.791,deleterious,1.0,deleterious,3.89001,11.379,7.634505,0.125,9.516860019,12.25400213,1,1,1,1,1,1,1,0,0
W,R,350,0.552173,0.7,prob.neutral,1.0,deleterious,3.16557,3.494,3.329785,0.125,9.516860019,12.25400213,1,1,0,1,1,1,1,0,0
H,P,349,0.555603,0.861,deleterious,1.0,deleterious,4.03085,1.388,2.709425,0.213235294,6.260556078,13.86025688,1,1,0,1,1,0,1,0,0
L,P,349,0.589265,0.865,deleterious,1.0,deleterious,4.15672,-0.288,1.93436,0.213235294,6.260556078,13.86025688,1,1,0,0,1,0,0,0,0
R,P,349,0.587141,0.889,deleterious,1.0,deleterious,4.45781,0.7,2.578905,0.213235294,6.260556078,13.86025688,1,1,0,1,1,0,1,0,0
A,P,349,0.412978,0.904,deleterious,1.0,deleterious,3.94511,3.144,3.544555,0.213235294,6.260556078,13.86025688,1,1,0,1,1,0,1,0,0
S,P,349,0.417156,0.908,deleterious,1.0,deleterious,3.49294,3.385,3.43897,0.213235294,6.260556078,13.86025688,1,1,0,1,1,0,1,0,0
T,P,349,0.567045,0.906,deleterious,1.0,deleterious,4.19051,3.419,3.804755,0.213235294,6.260556078,13.86025688,1,1,0,1,1,0,1,0,0
A,G,348,0.511287,0.832,deleterious,1.0,deleterious,5.32122,12.836,9.07861,0.011904762,7.114898037,13.98820241,1,1,1,1,1,1,1,0,0
D,G,348,0.58835,0.84,deleterious,1.0,deleterious,10.57,18.821,14.6955,0.011904762,7.114898037,13.98820241,1,1,1,1,1,1,1,0,0
V,G,348,0.588359,0.836,deleterious,1.0,deleterious,13.4482,31.839,22.6436,0.011904762,7.114898037,13.98820241,1,1,1,1,1,1,1,0,0
C,G,348,0.588359,0.807,deleterious,1.0,deleterious,7.32697,12.199,9.762985,0.011904762,7.114898037,13.98820241,1,1,1,1,1,1,1,0,0
R,G,348,0.572122,0.861,deleterious,1.0,deleterious,11.4917,10.484,10.98785,0.011904762,7.114898037,13.98820241,1,1,1,1,1,1,1,0,0
S,G,348,0.483788,0.847,deleterious,1.0,deleterious,8.52286,18.825,13.67393,0.011904762,7.114898037,13.98820241,1,1,1,1,1,1,1,0,0
C,S,347,0.59211,0.863,deleterious,1.0,deleterious,3.09354,4.771,3.93227,0.023076923,8.091311704,14.79493542,1,1,1,1,1,1,1,0,0
F,S,347,0.602275,0.933,deleterious,1.0,deleterious,12.0021,10.816,11.40905,0.023076923,8.091311704,14.79493542,1,1,1,1,1,1,1,0,0
Y,S,347,0.602277,0.931,deleterious,1.0,deleterious,16.6043,19.687,18.14565,0.023076923,8.091311704,14.79493542,1,1,1,1,1,1,1,0,0
A,S,347,0.419135,0.721,prob.delet.,1.0,deleterious,1.22836,-0.847,0.19068,0.023076923,8.091311704,14.79493542,1,0,0,0,1,1,1,0,0
P,S,347,0.600832,0.897,deleterious,1.0,deleterious,7.81301,23.649,15.731005,0.023076923,8.091311704,14.79493542,1,1,1,1,1,1,1,0,0
T,S,347,0.469485,0.787,deleterious,0.995,deleterious,2.09479,5.127,3.610895,0.023076923,8.091311704,14.79493542,1,1,1,1,1,1,1,0,0
A,G,346,0.254204,0.564,neutral,0.556,deleterious,-0.423428,-2.15,-1.286714,0.142857143,8.308687878,14.84354705,1,0,0,0,1,1,1,0,0
D,G,346,0.55619,0.841,deleterious,1.0,deleterious,2.45992,7.986,5.22296,0.142857143,8.308687878,14.84354705,1,1,1,1,1,1,1,0,0
V,G,346,0.55681,0.845,deleterious,1.0,deleterious,0.320358,0.381,0.350679,0.142857143,8.308687878,14.84354705,1,0,0,0,1,1,1,0,0
C,G,346,0.542256,0.817,deleterious,1.0,deleterious,-1.00288,0.609,-0.19694,0.142857143,8.308687878,14.84354705,1,0,0,0,1,1,1,0,0
R,G,346,0.588114,0.847,deleterious,1.0,deleterious,6.26776,6.131,6.19938,0.142857143,8.308687878,14.84354705,1,1,1,1,1,1,1,0,0
S,G,346,0.231316,0.903,deleterious,0.999,deleterious,-0.730389,2.748,1.0088055,0.142857143,8.308687878,14.84354705,1,0,0,0,1,1,1,0,0
F,L,345,0.381331,0.878,deleterious,1.0,deleterious,0.919596,6.29,3.604798,0.0,11.94441055,11.46741996,1,0,1,1,1,1,1,0,0
S,L,345,0.600778,0.902,deleterious,1.0,deleterious,3.08647,9.207,6.146735,0.0,11.94441055,11.46741996,1,1,1,1,1,1,1,0,0
W,L,345,0.592984,0.835,deleterious,1.0,deleterious,11.7596,8.274,10.0168,0.0,11.94441055,11.46741996,1,1,1,1,1,1,1,0,0
M,L,345,0.270566,0.873,deleterious,1.0,deleterious,-0.24558,4.249,2.00171,0.0,11.94441055,11.46741996,1,0,0,0,1,1,1,0,0
V,L,345,0.425072,0.832,deleterious,1.0,deleterious,3.21072,8.493,5.85186,0.0,11.94441055,11.46741996,1,1,1,1,1,1,1,0,0
L,F,344,0.379503,0.533,neutral,0.394,neutral,1.34239,3.776,2.559195,0.015228426,9.057319908,13.37813413,1,0,0,1,1,1,1,0,0
C,F,344,0.599624,0.809,deleterious,1.0,deleterious,3.99742,11.304,7.65071,0.015228426,9.057319908,13.37813413,1,1,1,1,1,1,1,0,0
S,F,344,0.600116,0.857,deleterious,1.0,deleterious,5.26398,13.169,9.21649,0.015228426,9.057319908,13.37813413,1,1,1,1,1,1,1,0,0
Y,F,344,0.260473,0.788,deleterious,1.0,deleterious,-0.173704,1.788,0.807148,0.015228426,9.057319908,13.37813413,1,0,0,0,1,1,1,0,0
I,F,344,0.528599,0.826,deleterious,0.997,deleterious,2.27756,4.619,3.44828,0.015228426,9.057319908,13.37813413,1,1,0,1,1,1,1,0,0
L,F,344,0.451206,0.533,neutral,0.394,neutral,1.34239,3.776,2.559195,0.015228426,9.057319908,13.37813413,1,0,0,1,1,1,1,0,0
V,F,344,0.565519,0.85,deleterious,0.996,deleterious,3.40833,8.506,5.957165,0.015228426,9.057319908,13.37813413,1,1,1,1,1,1,1,0,0
L,R,343,0.586799,0.865,deleterious,1.0,deleterious,-0.401662,-1.114,-0.757831,0.004032258,8.141173472,16.07108196,1,0,0,0,1,1,1,0,0
P,R,343,0.579356,0.854,deleterious,1.0,deleterious,9.28792,22.191,15.73946,0.004032258,8.141173472,16.07108196,1,1,1,1,1,1,1,0,0
Q,R,343,0.585286,0.815,deleterious,1.0,deleterious,1.97294,3.01,2.49147,0.004032258,8.141173472,16.07108196,1,1,0,1,1,1,1,0,0
G,R,343,0.572405,0.865,deleterious,1.0,deleterious,3.43674,7.597,5.51687,0.004032258,8.141173472,16.07108196,1,1,1,1,1,1,1,0,0
M,I,342,0.231321,0.672,neutral,0.968,deleterious,-0.232617,5.426,2.5966915,0.0,10.55025237,14.0266937,1,0,1,1,1,1,1,0,0
N,I,342,0.391138,0.891,deleterious,1.0,deleterious,2.65949,8.303,5.481245,0.0,10.55025237,14.0266937,1,1,1,1,1,1,1,0,0
S,I,342,0.561439,0.808,deleterious,1.0,deleterious,3.69874,12.796,8.24737,0.0,10.55025237,14.0266937,1,1,1,1,1,1,1,0,0
T,I,342,0.425947,0.775,deleterious,1.0,deleterious,2.70329,5.681,4.192145,0.0,10.55025237,14.0266937,1,1,1,1,1,1,1,0,0
F,I,342,0.427548,0.794,deleterious,0.999,deleterious,1.12315,-0.267,0.428075,0.0,10.55025237,14.0266937,1,0,0,0,1,1,1,0,0
L,I,342,0.102133,0.68,prob.neutral,0.752,deleterious,-0.429273,-0.992,-0.7106365,0.0,10.55025237,14.0266937,0,0,0,0,1,1,1,0,0
V,I,342,0.0192873,0.392,neutral,0.206,neutral,1.31397,4.015,2.664485,0.0,10.55025237,14.0266937,0,0,0,1,1,1,1,0,0
E,D,341,0.4935465,0.729,prob.delet.,1.0,deleterious,1.69179,7.743,4.717395,0.006134969,11.58290017,12.26953097,1,1,1,1,1,1,1,0,0
A,D,341,0.58815,0.922,deleterious,1.0,deleterious,1.66718,2.09,1.87859,0.006134969,11.58290017,12.26953097,1,1,0,0,1,1,1,0,0
G,D,341,0.588146,0.896,deleterious,1.0,deleterious,3.164,7.619,5.3915,0.006134969,11.58290017,12.26953097,1,1,1,1,1,1,1,0,0
V,D,341,0.58815,0.936,deleterious,1.0,deleterious,2.40097,-0.38,1.010485,0.006134969,11.58290017,12.26953097,1,1,0,0,1,1,1,0,0
H,D,341,0.587216,0.905,deleterious,1.0,deleterious,4.51495,5.862,5.188475,0.006134969,11.58290017,12.26953097,1,1,1,1,1,1,1,0,0
N,D,341,0.158771,0.885,deleterious,1.0,deleterious,2.06121,-0.705,0.678105,0.006134969,11.58290017,12.26953097,1,1,0,0,1,1,1,0,0
Y,D,341,0.587214,0.946,deleterious,1.0,deleterious,5.9876,5.846,5.9168,0.006134969,11.58290017,12.26953097,1,1,1,1,1,1,1,0,0
K,N,340,0.1073639999999999,0.868,deleterious,1.0,deleterious,-0.471022,0.595,0.061989,0.089171975,8.335919081,15.84172172,0,0,0,0,1,1,1,0,0
I,N,340,0.400528,0.824,deleterious,1.0,deleterious,-0.73104,-5.02,-2.87552,0.089171975,8.335919081,15.84172172,1,0,0,0,1,1,1,0,0
S,N,340,0.0998597,0.795,deleterious,1.0,deleterious,1.23767,1.491,1.364335,0.089171975,8.335919081,15.84172172,0,0,0,0,1,1,1,0,0
T,N,340,0.189855,0.872,deleterious,1.0,deleterious,0.835823,-2.355,-0.7595885,0.089171975,8.335919081,15.84172172,1,0,0,0,1,1,1,0,0
D,N,340,0.201815,0.855,deleterious,1.0,deleterious,0.319873,4.568,2.4439365,0.089171975,8.335919081,15.84172172,1,0,0,1,1,1,1,0,0
H,N,340,0.192968,0.837,deleterious,1.0,deleterious,1.75361,0.084,0.918805,0.089171975,8.335919081,15.84172172,1,1,0,0,1,1,1,0,0
Y,N,340,0.57387,0.821,deleterious,1.0,deleterious,1.40639,3.086,2.246195,0.089171975,8.335919081,15.84172172,1,0,0,0,1,1,1,0,0
E,A,339,0.596394,0.79,deleterious,1.0,deleterious,6.6119,11.519,9.06545,0.0,7.88261191,17.42790349,1,1,1,1,1,1,1,0,0
G,A,339,0.529192,0.455,neutral,0.057,neutral,1.82085,5.594,3.707425,0.0,7.88261191,17.42790349,1,1,1,1,1,1,1,0,0
V,A,339,0.59204,0.856,deleterious,0.999,deleterious,1.05863,1.112,1.085315,0.0,7.88261191,17.42790349,1,0,0,0,1,1,1,0,0
P,A,339,0.562341,0.82,deleterious,1.0,deleterious,3.5581,19.305,11.43155,0.0,7.88261191,17.42790349,1,1,1,1,1,1,1,0,0
S,A,339,0.312079,0.809,deleterious,0.996,deleterious,1.57234,4.533,3.05267,0.0,7.88261191,17.42790349,1,1,0,1,1,1,1,0,0
T,A,339,0.532779,0.494,neutral,0.992,deleterious,0.869975,4.106,2.4879875,0.0,7.88261191,17.42790349,1,0,0,1,1,1,1,0,0
M,I,338,0.421969,0.857,deleterious,0.999,deleterious,0.318577,4.918,2.6182885,0.0,11.60685649,15.43145025,1,0,1,1,1,1,1,0,0
K,I,338,0.600241,0.799,deleterious,1.0,deleterious,3.46263,15.12,9.291315,0.0,11.60685649,15.43145025,1,1,1,1,1,1,1,0,0
R,I,338,0.600333,0.841,deleterious,1.0,deleterious,6.93629,12.309,9.622645,0.0,11.60685649,15.43145025,1,1,1,1,1,1,1,0,0
T,I,338,0.592035,0.821,deleterious,0.999,deleterious,3.34586,7.724,5.53493,0.0,11.60685649,15.43145025,1,1,1,1,1,1,1,0,0
L,I,338,0.360806,0.763,deleterious,0.585,deleterious,-0.521716,1.543,0.510642,0.0,11.60685649,15.43145025,1,0,0,0,1,1,1,0,0
V,I,338,0.263523,0.314,neutral,0.426,neutral,1.18725,3.517,2.352125,0.0,11.60685649,15.43145025,1,0,0,0,1,1,1,0,0
N,K,337,0.3035755,0.848,deleterious,1.0,deleterious,2.16086,1.132,1.64643,0.014634146,12.0379308,15.68297666,1,1,0,0,1,1,1,0,0
M,K,337,0.589209,0.876,deleterious,1.0,deleterious,0.937105,-0.732,0.1025525,0.014634146,12.0379308,15.68297666,1,0,0,0,1,1,1,0,0
R,K,337,0.571176,0.813,deleterious,1.0,deleterious,-0.172493,4.757,2.2922535,0.014634146,12.0379308,15.68297666,1,0,0,0,1,1,1,0,0
T,K,337,0.589209,0.872,deleterious,1.0,deleterious,1.46702,0.368,0.91751,0.014634146,12.0379308,15.68297666,1,0,0,0,1,1,1,0,0
E,K,337,0.588054,0.791,deleterious,1.0,deleterious,4.36876,2.674,3.52138,0.014634146,12.0379308,15.68297666,1,1,0,1,1,1,1,0,0
Q,K,337,0.588058,0.834,deleterious,1.0,deleterious,2.53497,-0.004,1.265485,0.014634146,12.0379308,15.68297666,1,1,0,0,1,1,1,0,0
I,M,336,0.4863263333333332,0.801,deleterious,0.964,deleterious,3.39667,1.3,2.348335,0.021276596,9.701047606,19.33031712,1,1,0,0,1,1,1,0,0
K,M,336,0.572476,0.849,deleterious,1.0,deleterious,1.19999,6.679,3.939495,0.021276596,9.701047606,19.33031712,1,0,1,1,1,1,1,0,0
R,M,336,0.573657,0.865,deleterious,1.0,deleterious,1.49016,7.464,4.47708,0.021276596,9.701047606,19.33031712,1,1,1,1,1,1,1,0,0
T,M,336,0.518217,0.856,deleterious,0.998,deleterious,2.90142,4.085,3.49321,0.021276596,9.701047606,19.33031712,1,1,0,1,1,1,1,0,0
L,M,336,0.419303,0.435,neutral,0.144,neutral,0.456757,1.393,0.9248785,0.021276596,9.701047606,19.33031712,1,0,0,0,1,1,1,0,0
V,M,336,0.46901,0.812,deleterious,0.984,deleterious,3.00045,1.721,2.360725,0.021276596,9.701047606,19.33031712,1,1,0,0,1,1,1,0,0
P,L,335,0.599602,0.965,deleterious,1.0,deleterious,6.18909,29.398,17.793545,0.018292683,11.31275119,20.0683965,1,1,1,1,1,1,1,0,0
Q,L,335,0.56644,0.939,deleterious,1.0,deleterious,2.72936,5.304,4.01668,0.018292683,11.31275119,20.0683965,1,1,1,1,1,1,1,0,0
R,L,335,0.57805,0.937,deleterious,1.0,deleterious,4.29926,8.482,6.39063,0.018292683,11.31275119,20.0683965,1,1,1,1,1,1,1,0,0
M,L,335,0.0564901,0.666,neutral,0.765,deleterious,0.316232,1.541,0.928616,0.018292683,11.31275119,20.0683965,0,0,0,0,1,1,1,0,0
V,L,335,0.195067,0.409,neutral,0.028,neutral,2.47304,5.471,3.97202,0.018292683,11.31275119,20.0683965,1,1,1,1,1,1,1,0,0
R,S,334,0.539234,0.863,deleterious,1.0,deleterious,-0.18585,-2.14,-1.162925,0.007692308,14.68760407,19.24430193,1,0,0,0,0,1,1,0,0
I,S,334,0.585291,0.849,deleterious,1.0,deleterious,-0.285088,-10.022,-5.153544,0.007692308,14.68760407,19.24430193,1,0,0,0,0,1,1,0,0
N,S,334,0.139084,0.88,deleterious,0.998,deleterious,3.45073,0.847,2.148865,0.007692308,14.68760407,19.24430193,1,1,0,0,0,1,1,0,0
T,S,334,0.348899,0.857,deleterious,0.915,deleterious,-0.283452,-0.789,-0.536226,0.007692308,14.68760407,19.24430193,1,0,0,0,0,1,1,0,0
C,S,334,0.588116,0.836,deleterious,1.0,deleterious,0.886841,-2.87,-0.9915795,0.007692308,14.68760407,19.24430193,1,0,0,0,0,1,1,0,0
G,S,334,0.322179,0.893,deleterious,0.998,deleterious,0.813519,2.041,1.4272595,0.007692308,14.68760407,19.24430193,1,0,0,0,0,1,1,0,0
R,S,334,0.585459,0.863,deleterious,1.0,deleterious,-0.18585,-2.14,-1.162925,0.007692308,14.68760407,19.24430193,1,0,0,0,0,1,1,0,0
W,C,333,0.363273,0.851,deleterious,1.0,deleterious,27.4887,18.686,23.08735,0.0,14.42978197,21.29735505,1,1,1,1,0,1,1,0,0
F,C,333,0.404886,0.869,deleterious,0.993,deleterious,11.9959,14.06,13.02795,0.0,14.42978197,21.29735505,1,1,1,1,0,1,1,0,0
S,C,333,0.209142,0.699,prob.neutral,0.994,deleterious,1.45549,3.501,2.478245,0.0,14.42978197,21.29735505,1,0,0,1,0,1,1,0,0
Y,C,333,0.457439,0.879,deleterious,1.0,deleterious,15.8843,19.312,17.59815,0.0,14.42978197,21.29735505,1,1,1,1,0,1,1,0,0
G,C,333,0.249898,0.746,deleterious,0.794,deleterious,1.98375,5.372,3.677875,0.0,14.42978197,21.29735505,1,1,1,1,0,1,1,0,0
R,C,333,0.44871,0.848,deleterious,1.0,deleterious,9.9492,12.896,11.4226,0.0,14.42978197,21.29735505,1,1,1,1,0,1,1,0,0
S,C,333,0.214074,0.699,prob.neutral,0.994,deleterious,1.45549,3.501,2.478245,0.0,14.42978197,21.29735505,1,0,0,1,0,1,1,0,0
D,A,332,0.595366,0.879,deleterious,1.0,deleterious,11.6326,14.486,13.0593,0.0,13.36570894,19.95154433,1,1,1,1,1,1,1,0,0
G,A,332,0.388052,0.744,deleterious,0.98,deleterious,2.07763,5.919,3.998315,0.0,13.36570894,19.95154433,1,1,1,1,1,1,1,0,0
V,A,332,0.576098,0.831,deleterious,1.0,deleterious,4.86204,9.771,7.31652,0.0,13.36570894,19.95154433,1,1,1,1,1,1,1,0,0
P,A,332,0.574421,0.876,deleterious,1.0,deleterious,6.16797,28.131,17.149485,0.0,13.36570894,19.95154433,1,1,1,1,1,1,1,0,0
S,A,332,0.273795,0.496,neutral,0.986,deleterious,0.976081,5.998,3.4870405,0.0,13.36570894,19.95154433,1,0,1,1,1,1,1,0,0
T,A,332,0.578729,0.826,deleterious,1.0,deleterious,4.21264,8.23,6.22132,0.0,13.36570894,19.95154433,1,1,1,1,1,1,1,0,0
I,T,331,-0.0185507,0.364,neutral,0.01,neutral,-0.814369,1.548,0.3668155,0.0,16.38008628,19.7138173,0,0,0,0,0,1,1,0,0
N,T,331,0.052727,0.629,neutral,0.988,deleterious,0.705335,4.548,2.6266675,0.0,16.38008628,19.7138173,0,0,0,1,0,1,1,0,0
S,T,331,-0.0352836,0.545,neutral,0.133,neutral,1.0578,4.653,2.8554,0.0,16.38008628,19.7138173,0,0,0,1,0,1,1,0,0
A,T,331,-0.144761,0.302,neutral,0.124,neutral,0.131715,1.598,0.8648575,0.0,16.38008628,19.7138173,0,0,0,0,0,1,1,0,0
P,T,331,0.141147,0.777,deleterious,0.734,deleterious,4.23932,23.524,13.88166,0.0,16.38008628,19.7138173,1,1,1,1,0,1,1,0,0
S,T,331,-0.0758769,0.545,neutral,0.133,neutral,1.0578,4.653,2.8554,0.0,16.38008628,19.7138173,0,0,0,1,0,1,1,0,0
I,T,330,0.573573,0.854,deleterious,0.986,deleterious,-0.0929235,3.22,1.56353825,0.007042254,18.49719668,20.36200959,1,0,0,0,0,1,1,0,0
N,T,330,0.216045,0.825,deleterious,0.977,deleterious,2.65743,3.289,2.973215,0.007042254,18.49719668,20.36200959,1,1,0,1,0,1,1,0,0
S,T,330,0.353086,0.528,neutral,0.262,neutral,1.34868,2.943,2.14584,0.007042254,18.49719668,20.36200959,1,0,0,0,0,1,1,0,0
A,T,330,0.473987,0.453,neutral,0.238,neutral,1.1669,-1.661,-0.24705,0.007042254,18.49719668,20.36200959,1,0,0,0,0,1,1,0,0
P,T,330,0.574413,0.931,deleterious,0.989,deleterious,3.73561,18.189,10.962305,0.007042254,18.49719668,20.36200959,1,1,1,1,0,1,1,0,0
S,T,330,0.340697,0.528,neutral,0.262,neutral,1.34868,2.943,2.14584,0.007042254,18.49719668,20.36200959,1,0,0,0,0,1,1,0,0
K,N,329,0.0294519,0.851,deleterious,1.0,deleterious,0.38129,10.386,5.383645,0.012738854,17.65165858,16.92500737,0,0,1,1,0,1,1,0,0
I,N,329,0.392996,0.9,deleterious,1.0,deleterious,1.34919,-2.146,-0.398405,0.012738854,17.65165858,16.92500737,1,0,0,0,0,1,1,0,0
S,N,329,0.0481176,0.677,prob.neutral,0.982,deleterious,0.704789,3.415,2.0598945,0.012738854,17.65165858,16.92500737,0,0,0,0,0,1,1,0,0
T,N,329,0.136844,0.85,deleterious,1.0,deleterious,0.162965,2.352,1.2574825,0.012738854,17.65165858,16.92500737,1,0,0,0,0,1,1,0,0
D,N,329,0.193861,0.81,deleterious,0.999,deleterious,2.76958,5.943,4.35629,0.012738854,17.65165858,16.92500737,1,1,1,1,0,1,1,0,0
H,N,329,0.2019,0.792,deleterious,1.0,deleterious,6.23679,-0.115,3.060895,0.012738854,17.65165858,16.92500737,1,1,0,1,0,1,1,0,0
Y,N,329,0.565258,0.885,deleterious,1.0,deleterious,10.8151,3.178,6.99655,0.012738854,17.65165858,16.92500737,1,1,0,1,0,1,1,0,0
I,M,328,0.0259213333333333,0.388,neutral,0.11,neutral,2.20392,2.552,2.37796,0.0,18.38057549,15.61521223,0,1,0,0,0,1,1,0,0
K,M,328,0.448345,0.805,deleterious,0.97,deleterious,2.94312,12.473,7.70806,0.0,18.38057549,15.61521223,1,1,1,1,0,1,1,0,0
R,M,328,0.42617,0.922,deleterious,0.994,deleterious,5.28991,8.879,7.084455,0.0,18.38057549,15.61521223,1,1,1,1,0,1,1,0,0
T,M,328,0.239468,0.661,neutral,0.962,deleterious,2.96454,9.682,6.32327,0.0,18.38057549,15.61521223,1,1,1,1,0,1,1,0,0
L,M,328,-0.03978305,0.221,neutral,0.0,neutral,0.23984,0.809,0.52442,0.0,18.38057549,15.61521223,0,0,0,0,0,1,1,0,0
V,M,328,0.139489,0.4,neutral,0.217,neutral,3.08581,5.183,4.134405,0.0,18.38057549,15.61521223,1,1,1,1,0,1,1,0,0
D,A,327,0.592808,0.808,deleterious,0.904,deleterious,5.66367,7.831,6.747335,0.075471698,21.68651507,15.56685489,1,1,1,1,0,1,1,0,0
G,A,327,0.5037,0.673,neutral,0.48,neutral,1.73154,7.478,4.60477,0.075471698,21.68651507,15.56685489,1,1,1,1,0,1,1,0,0
V,A,327,0.480787,0.322,neutral,0.262,neutral,1.79958,4.71,3.25479,0.075471698,21.68651507,15.56685489,1,1,0,1,0,1,1,0,0
P,A,327,0.57273,0.779,deleterious,0.993,deleterious,0.732496,18.511,9.621748,0.075471698,21.68651507,15.56685489,1,0,1,1,0,1,1,0,0
S,A,327,0.249686,0.259,neutral,0.018,neutral,0.731866,5.356,3.043933,0.075471698,21.68651507,15.56685489,1,0,1,1,0,1,1,0,0
T,A,327,0.501945,0.349,neutral,0.278,neutral,0.942239,5.805,3.3736195,0.075471698,21.68651507,15.56685489,1,0,1,1,0,1,1,0,0
A,G,326,0.546475,0.798,deleterious,1.0,deleterious,-1.69455,-3.546,-2.620275,0.05952381,22.40376347,15.54649586,1,0,0,0,0,1,1,0,0
E,G,326,0.586937,0.821,deleterious,1.0,deleterious,2.49214,4.717,3.60457,0.05952381,22.40376347,15.54649586,1,1,0,1,0,1,1,0,0
V,G,326,0.586945,0.801,deleterious,1.0,deleterious,-0.0727089,-3.044,-1.55835445,0.05952381,22.40376347,15.54649586,1,0,0,0,0,1,1,0,0
R,G,326,0.5869420000000001,0.816,deleterious,1.0,deleterious,-0.150366,2.613,1.231317,0.05952381,22.40376347,15.54649586,1,0,0,0,0,1,1,0,0
R,S,325,0.4669085,0.885,deleterious,1.0,deleterious,7.58137,12.603,10.092185,0.0,21.55090931,12.60803472,1,1,1,1,0,1,1,0,0
I,S,325,0.554056,0.882,deleterious,1.0,deleterious,1.94229,-6.0,-2.028855,0.0,21.55090931,12.60803472,1,1,0,0,0,1,1,0,0
N,S,325,0.154617,0.8,deleterious,0.993,deleterious,2.79109,4.206,3.498545,0.0,21.55090931,12.60803472,1,1,0,1,0,1,1,0,0
T,S,325,0.469974,0.795,deleterious,0.906,deleterious,1.35925,-0.999,0.180125,0.0,21.55090931,12.60803472,1,0,0,0,0,1,1,0,0
C,S,325,0.555285,0.821,deleterious,1.0,deleterious,0.690232,2.091,1.390616,0.0,21.55090931,12.60803472,1,0,0,0,0,1,1,0,0
G,S,325,0.324055,0.808,deleterious,0.995,deleterious,1.98679,3.46,2.723395,0.0,21.55090931,12.60803472,1,1,0,1,0,1,1,0,0
R,S,325,0.547679,0.885,deleterious,1.0,deleterious,7.58137,12.603,10.092185,0.0,21.55090931,12.60803472,1,1,1,1,0,1,1,0,0
H,L,324,0.53466,0.763,deleterious,1.0,deleterious,2.98129,6.923,4.952145,0.006097561,21.82749964,10.68187132,1,1,1,1,0,1,1,0,0
P,L,324,0.547677,0.812,deleterious,1.0,deleterious,9.41794,33.071,21.24447,0.006097561,21.82749964,10.68187132,1,1,1,1,0,1,1,0,0
R,L,324,0.544007,0.82,deleterious,0.999,deleterious,6.67796,13.487,10.08248,0.006097561,21.82749964,10.68187132,1,1,1,1,0,1,1,0,0
F,L,324,0.429459,0.301,neutral,0.026,neutral,0.730518,1.292,1.011259,0.006097561,21.82749964,10.68187132,1,0,0,0,0,1,1,0,0
I,L,324,0.24721,0.49,neutral,0.248,neutral,2.26907,1.936,2.102535,0.006097561,21.82749964,10.68187132,1,1,0,0,0,1,1,0,0
V,L,324,0.353981,0.175,neutral,0.001,neutral,2.58445,7.168,4.876225,0.006097561,21.82749964,10.68187132,1,1,1,1,0,1,1,0,0
D,E,323,0.3583349999999999,0.441,neutral,0.057,neutral,2.28925,2.253,2.271125,0.087628866,21.58558033,11.69701777,1,1,0,0,0,1,1,0,0
A,E,323,0.476719,0.835,deleterious,0.998,deleterious,1.29529,-6.004,-2.354355,0.087628866,21.58558033,11.69701777,1,0,0,0,0,1,1,0,0
G,E,323,0.531524,0.847,deleterious,0.999,deleterious,2.72305,-0.233,1.245025,0.087628866,21.58558033,11.69701777,1,1,0,0,0,1,1,0,0
V,E,323,0.535754,0.845,deleterious,0.998,deleterious,2.2608,0.169,1.2149,0.087628866,21.58558033,11.69701777,1,1,0,0,0,1,1,0,0
K,E,323,0.523108,0.795,deleterious,0.998,deleterious,1.12537,4.357,2.741185,0.087628866,21.58558033,11.69701777,1,0,0,1,0,1,1,0,0
Q,E,323,0.198019,0.707,prob.delet.,0.934,deleterious,2.13637,-0.568,0.784185,0.087628866,21.58558033,11.69701777,1,1,0,0,0,1,1,0,0
A,V,322,0.466615,0.833,deleterious,1.0,deleterious,1.85972,5.289,3.57436,0.0,18.94572163,9.666743403,1,1,1,1,0,1,1,0,0
D,V,322,0.600415,0.972,deleterious,1.0,deleterious,4.40542,10.249,7.32721,0.0,18.94572163,9.666743403,1,1,1,1,0,1,1,0,0
G,V,322,0.600392,0.965,deleterious,1.0,deleterious,3.3814,13.076,8.2287,0.0,18.94572163,9.666743403,1,1,1,1,0,1,1,0,0
F,V,322,0.568476,0.945,deleterious,1.0,deleterious,11.3309,11.382,11.35645,0.0,18.94572163,9.666743403,1,1,1,1,0,1,1,0,0
I,V,322,0.167797,0.569,neutral,0.982,deleterious,-0.269474,2.234,0.982263,0.0,18.94572163,9.666743403,1,0,0,0,0,1,1,0,0
L,V,322,0.462418,0.818,deleterious,0.997,deleterious,1.14589,0.929,1.037445,0.0,18.94572163,9.666743403,1,0,0,0,0,1,1,0,0
P,L,321,0.557582,0.923,deleterious,1.0,deleterious,0.648169,17.475,9.0615845,0.0,17.00697129,8.155413749,1,0,1,1,0,1,1,0,0
Q,L,321,0.558281,0.927,deleterious,1.0,deleterious,4.12999,8.642,6.385995,0.0,17.00697129,8.155413749,1,1,1,1,0,1,1,0,0
R,L,321,0.587041,0.926,deleterious,1.0,deleterious,9.21719,15.502,12.359595,0.0,17.00697129,8.155413749,1,1,1,1,0,1,1,0,0
M,L,321,0.161059,0.447,neutral,0.699,deleterious,0.421975,6.06,3.2409875,0.0,17.00697129,8.155413749,1,0,1,1,0,1,1,0,0
V,L,321,0.177119,0.789,deleterious,0.961,deleterious,2.55035,7.701,5.125675,0.0,17.00697129,8.155413749,1,1,1,1,0,1,1,0,0
D,A,320,0.566539,0.877,deleterious,0.996,deleterious,1.64849,6.052,3.850245,0.037735849,17.2893055,8.430242273,1,1,1,1,0,1,1,0,0
G,A,320,0.331816,0.845,deleterious,0.875,deleterious,1.34027,5.879,3.609635,0.037735849,17.2893055,8.430242273,1,0,1,1,0,1,1,0,0
V,A,320,0.440087,0.629,neutral,0.811,deleterious,0.126573,1.479,0.8027865,0.037735849,17.2893055,8.430242273,1,0,0,0,0,1,1,0,0
P,A,320,0.514048,0.868,deleterious,0.999,deleterious,-1.81135,5.144,1.666325,0.037735849,17.2893055,8.430242273,1,0,1,0,0,1,1,0,0
S,A,320,0.24436,0.461,neutral,0.295,neutral,1.64541,2.516,2.080705,0.037735849,17.2893055,8.430242273,1,1,0,0,0,1,1,0,0
T,A,320,0.380186,0.498,neutral,0.892,deleterious,1.11292,0.047,0.57996,0.037735849,17.2893055,8.430242273,1,0,0,0,0,1,1,0,0
E,D,319,0.4977534999999999,0.756,deleterious,1.0,deleterious,0.87805,3.967,2.422525,0.0,16.6568973,5.645129032,1,0,0,1,0,1,1,0,1
A,D,319,0.579355,0.905,deleterious,1.0,deleterious,1.37783,1.328,1.352915,0.0,16.6568973,5.645129032,1,0,0,0,0,1,1,0,1
G,D,319,0.539915,0.875,deleterious,1.0,deleterious,1.49264,5.767,3.62982,0.0,16.6568973,5.645129032,1,1,1,1,0,1,1,0,1
V,D,319,0.58644,0.919,deleterious,1.0,deleterious,0.9908,-0.46,0.2654,0.0,16.6568973,5.645129032,1,0,0,0,0,1,1,0,1
H,D,319,0.585526,0.899,deleterious,1.0,deleterious,2.65499,-3.525,-0.435005,0.0,16.6568973,5.645129032,1,1,0,0,0,1,1,0,1
N,D,319,0.150442,0.865,deleterious,1.0,deleterious,0.0208158,2.344,1.1824079,0.0,16.6568973,5.645129032,1,0,0,0,0,1,1,0,1
Y,D,319,0.585524,0.926,deleterious,1.0,deleterious,5.77498,-3.14,1.31749,0.0,16.6568973,5.645129032,1,1,0,0,0,1,1,0,1
Q,H,318,0.396816,0.891,deleterious,0.898,deleterious,1.83354,-0.57,0.63177,0.027173913,13.09670821,3.792039835,1,1,0,0,1,1,1,0,1
L,H,318,0.530147,0.939,deleterious,0.989,deleterious,1.33,-4.996,-1.833,0.027173913,13.09670821,3.792039835,1,0,0,0,1,1,1,0,1
P,H,318,0.564739,0.913,deleterious,0.978,deleterious,1.47802,-1.089,0.19451,0.027173913,13.09670821,3.792039835,1,1,0,0,1,1,1,0,1
R,H,318,0.451515,0.418,neutral,0.255,neutral,6.59747,0.135,3.366235,0.027173913,13.09670821,3.792039835,1,1,0,1,1,1,1,0,1
D,H,318,0.587588,0.901,deleterious,0.761,deleterious,1.91526,4.138,3.02663,0.027173913,13.09670821,3.792039835,1,1,0,1,1,1,1,0,1
N,H,318,0.213776,0.519,neutral,0.019,neutral,1.14998,-3.918,-1.38401,0.027173913,13.09670821,3.792039835,1,0,0,0,1,1,1,0,1
Y,H,318,0.595409,0.909,deleterious,0.998,deleterious,7.72187,6.325,7.023435,0.027173913,13.09670821,3.792039835,1,1,1,1,1,1,1,0,1
D,A,317,0.533738,0.891,deleterious,0.986,deleterious,3.37938,4.866,4.12269,0.028301887,12.25407599,0.0,1,1,1,1,1,1,1,0,1
G,A,317,0.322423,0.475,neutral,0.028,neutral,0.538846,3.672,2.105423,0.028301887,12.25407599,0.0,1,0,0,0,1,1,1,0,1
V,A,317,0.58481,0.79,deleterious,0.986,deleterious,0.250386,0.895,0.572693,0.028301887,12.25407599,0.0,1,0,0,0,1,1,1,0,1
P,A,317,0.566087,0.885,deleterious,0.997,deleterious,4.63509,12.5,8.567545,0.028301887,12.25407599,0.0,1,1,1,1,1,1,1,0,1
S,A,317,0.177747,0.363,neutral,0.038,neutral,-0.186855,2.991,1.4020725,0.028301887,12.25407599,0.0,1,0,0,0,1,1,1,0,1
T,A,317,0.28018,0.408,neutral,0.45,neutral,-0.666717,-0.248,-0.4573585,0.028301887,12.25407599,0.0,1,0,0,0,1,1,1,0,1
D,A,316,0.596083,0.877,deleterious,0.996,deleterious,3.77422,2.42,3.09711,0.066037736,9.012893105,3.813184283,1,1,0,1,1,1,1,0,1
G,A,316,0.314043,0.441,neutral,0.021,neutral,-0.205188,-3.228,-1.716594,0.066037736,9.012893105,3.813184283,1,0,0,0,1,1,1,0,1
V,A,316,0.56956,0.755,deleterious,0.999,deleterious,1.11993,7.103,4.111465,0.066037736,9.012893105,3.813184283,1,0,1,1,1,1,1,0,1
P,A,316,0.562211,0.845,deleterious,0.998,deleterious,3.53633,27.043,15.289665,0.066037736,9.012893105,3.813184283,1,1,1,1,1,1,1,0,1
S,A,316,0.205502,0.534,neutral,0.142,neutral,1.43594,1.645,1.54047,0.066037736,9.012893105,3.813184283,1,0,0,0,1,1,1,0,1
T,A,316,0.395204,0.773,deleterious,0.988,deleterious,3.07185,9.843,6.457425,0.066037736,9.012893105,3.813184283,1,1,1,1,1,1,1,0,1
P,L,315,0.60044,0.936,deleterious,1.0,deleterious,5.3493,27.849,16.59915,0.0,7.68352791,5.609922232,1,1,1,1,1,1,1,0,1
Q,L,315,0.549959,0.942,deleterious,1.0,deleterious,2.4026,7.283,4.8428,0.0,7.68352791,5.609922232,1,1,1,1,1,1,1,0,1
R,L,315,0.598001,0.942,deleterious,1.0,deleterious,8.49855,16.043,12.270775,0.0,7.68352791,5.609922232,1,1,1,1,1,1,1,0,1
M,L,315,0.254468,0.839,deleterious,0.981,deleterious,0.771668,4.02,2.395834,0.0,7.68352791,5.609922232,1,0,0,0,1,1,1,0,1
V,L,315,0.3483,0.893,deleterious,0.978,deleterious,1.29812,6.224,3.76106,0.0,7.68352791,5.609922232,1,0,1,1,1,1,1,0,1
D,A,314,0.597829,0.869,deleterious,0.999,deleterious,3.78361,6.017,4.900305,0.141509434,10.75220277,5.921236904,1,1,1,1,1,1,1,0,1
G,A,314,0.198936,0.624,neutral,0.123,neutral,1.58366,7.151,4.36733,0.141509434,10.75220277,5.921236904,1,1,1,1,1,1,1,0,1
V,A,314,0.389105,0.851,deleterious,0.999,deleterious,1.33425,0.847,1.090625,0.141509434,10.75220277,5.921236904,1,0,0,0,1,1,1,0,1
P,A,314,0.557238,0.854,deleterious,0.999,deleterious,4.85767,18.302,11.579835,0.141509434,10.75220277,5.921236904,1,1,1,1,1,1,1,0,1
S,A,314,0.0506447,0.557,neutral,0.313,neutral,0.462051,6.762,3.6120255,0.141509434,10.75220277,5.921236904,0,0,1,1,1,1,1,0,1
T,A,314,0.196353,0.839,deleterious,0.996,deleterious,2.66402,2.812,2.73801,0.141509434,10.75220277,5.921236904,1,1,0,1,1,1,1,0,1
D,E,313,0.3578965,0.801,deleterious,0.999,deleterious,0.967233,1.639,1.3031165,0.06185567,13.18416071,5.787765284,1,0,0,0,1,1,1,0,1
A,E,313,0.489423,0.889,deleterious,1.0,deleterious,-0.911231,-5.032,-2.9716155,0.06185567,13.18416071,5.787765284,1,0,0,0,1,1,1,0,1
G,E,313,0.554359,0.885,deleterious,1.0,deleterious,0.518429,2.052,1.2852145,0.06185567,13.18416071,5.787765284,1,0,0,0,1,1,1,0,1
V,E,313,0.571793,0.881,deleterious,1.0,deleterious,-0.987559,-3.436,-2.2117795,0.06185567,13.18416071,5.787765284,1,0,0,0,1,1,1,0,1
K,E,313,0.569489,0.891,deleterious,1.0,deleterious,-0.83854,1.784,0.47273,0.06185567,13.18416071,5.787765284,1,0,0,0,1,1,1,0,1
Q,E,313,0.432848,0.881,deleterious,1.0,deleterious,-0.470686,0.371,-0.049843,0.06185567,13.18416071,5.787765284,1,0,0,0,1,1,1,0,1
L,F,312,0.4862005,0.842,deleterious,1.0,deleterious,0.643188,1.402,1.022594,0.137055838,11.56144727,8.187968989,1,0,0,0,1,1,1,0,0
C,F,312,0.601687,0.931,deleterious,1.0,deleterious,2.98623,6.796,4.891115,0.137055838,11.56144727,8.187968989,1,1,1,1,1,1,1,0,0
S,F,312,0.601615,0.919,deleterious,1.0,deleterious,3.77251,8.739,6.255755,0.137055838,11.56144727,8.187968989,1,1,1,1,1,1,1,0,0
Y,F,312,0.377792,0.814,deleterious,0.999,deleterious,1.0634,0.297,0.6802,0.137055838,11.56144727,8.187968989,1,0,0,0,1,1,1,0,0
I,F,312,0.43504,0.903,deleterious,1.0,deleterious,0.753462,-3.556,-1.401269,0.137055838,11.56144727,8.187968989,1,0,0,0,1,1,1,0,0
L,F,312,0.521808,0.842,deleterious,1.0,deleterious,0.643188,1.402,1.022594,0.137055838,11.56144727,8.187968989,1,0,0,0,1,1,1,0,0
V,F,312,0.536154,0.905,deleterious,1.0,deleterious,1.46691,1.337,1.401955,0.137055838,11.56144727,8.187968989,1,0,0,0,1,1,1,0,0
N,K,311,0.0899041,0.791,deleterious,1.0,deleterious,1.68348,-0.256,0.71374,0.131707317,11.28872277,9.939599822,0,1,0,0,1,1,1,0,0
I,K,311,0.492539,0.871,deleterious,0.84,deleterious,1.6049,2.838,2.22145,0.131707317,11.28872277,9.939599822,1,1,0,0,1,1,1,0,0
R,K,311,0.323621,0.742,deleterious,0.998,deleterious,1.36548,2.122,1.74374,0.131707317,11.28872277,9.939599822,1,0,0,0,1,1,1,0,0
T,K,311,0.551764,0.825,deleterious,0.995,deleterious,3.57558,-0.438,1.56879,0.131707317,11.28872277,9.939599822,1,1,0,0,1,1,1,0,0
E,K,311,0.557781,0.776,deleterious,0.998,deleterious,1.21001,2.132,1.671005,0.131707317,11.28872277,9.939599822,1,0,0,0,1,1,1,0,0
Q,K,311,0.429907,0.785,deleterious,0.996,deleterious,1.68969,-0.1,0.794845,0.131707317,11.28872277,9.939599822,1,1,0,0,1,1,1,0,0
K,N,310,0.136446,0.928,deleterious,1.0,deleterious,2.10019,5.212,3.656095,0.089171975,15.03788857,11.14347553,1,1,1,1,0,1,1,0,0
I,N,310,0.427897,0.935,deleterious,1.0,deleterious,1.53348,0.94,1.23674,0.089171975,15.03788857,11.14347553,1,1,0,0,0,1,1,0,0
S,N,310,0.139462,0.829,deleterious,1.0,deleterious,2.99478,3.969,3.48189,0.089171975,15.03788857,11.14347553,1,1,0,1,0,1,1,0,0
T,N,310,0.214891,0.931,deleterious,1.0,deleterious,1.47119,4.377,2.924095,0.089171975,15.03788857,11.14347553,1,1,0,1,0,1,1,0,0
D,N,310,0.147122,0.903,deleterious,1.0,deleterious,-0.827319,1.92,0.5463405,0.089171975,15.03788857,11.14347553,1,0,0,0,0,1,1,0,0
H,N,310,0.189708,0.884,deleterious,1.0,deleterious,4.12916,6.388,5.25858,0.089171975,15.03788857,11.14347553,1,1,1,1,0,1,1,0,0
Y,N,310,0.563979,0.955,deleterious,1.0,deleterious,2.84487,0.494,1.669435,0.089171975,15.03788857,11.14347553,1,1,0,0,0,1,1,0,0
L,P,309,0.403958,0.822,deleterious,0.999,deleterious,0.586053,-6.224,-2.8189735,0.639705882,16.96570852,11.23241408,1,0,0,0,0,0,0,0,0
Q,P,309,0.365424,0.83,deleterious,0.996,deleterious,0.189831,-4.347,-2.0785845,0.639705882,16.96570852,11.23241408,1,0,0,0,0,0,0,0,0
R,P,309,0.449766,0.833,deleterious,0.998,deleterious,-0.0420618,-2.192,-1.1170309,0.639705882,16.96570852,11.23241408,1,0,0,0,0,0,0,0,0
A,P,309,0.0558477,0.519,neutral,0.089,neutral,0.471915,-2.803,-1.1655425,0.639705882,16.96570852,11.23241408,0,0,0,0,0,0,0,0,0
S,P,309,0.242589,0.818,deleterious,0.972,deleterious,1.29942,-4.415,-1.55779,0.639705882,16.96570852,11.23241408,1,0,0,0,0,0,0,0,0
T,P,309,0.281589,0.608,neutral,0.389,neutral,1.10721,-3.053,-0.972895,0.639705882,16.96570852,11.23241408,1,0,0,0,0,0,0,0,0
D,A,308,0.574985,0.933,deleterious,0.997,deleterious,2.89008,7.751,5.32054,0.009433962,14.52265029,8.213528421,1,1,1,1,0,1,1,0,0
G,A,308,0.484695,0.919,deleterious,0.907,deleterious,1.53627,8.295,4.915635,0.009433962,14.52265029,8.213528421,1,1,1,1,0,1,1,0,0
V,A,308,0.54802,0.71,prob.delet.,0.981,deleterious,-0.102851,1.022,0.4595745,0.009433962,14.52265029,8.213528421,1,0,0,0,0,1,1,0,0
P,A,308,0.561447,0.911,deleterious,0.999,deleterious,3.29644,11.735,7.51572,0.009433962,14.52265029,8.213528421,1,1,1,1,0,1,1,0,0
S,A,308,0.310275,0.466,neutral,0.313,neutral,1.08928,4.432,2.76064,0.009433962,14.52265029,8.213528421,1,0,0,1,0,1,1,0,0
T,A,308,0.558584,0.971,deleterious,0.996,deleterious,0.86115,3.761,2.311075,0.009433962,14.52265029,8.213528421,1,0,0,0,0,1,1,0,0
I,T,307,0.385633,0.798,deleterious,0.964,deleterious,-0.432594,0.57,0.068703,0.147887324,15.32656682,8.042966293,1,0,0,0,0,1,1,0,0
N,T,307,0.18898,0.705,prob.neutral,0.768,deleterious,1.28194,0.643,0.96247,0.147887324,15.32656682,8.042966293,1,0,0,0,0,1,1,0,0
S,T,307,0.230346,0.257,neutral,0.006,neutral,0.532161,0.864,0.6980805,0.147887324,15.32656682,8.042966293,1,0,0,0,0,1,1,0,0
A,T,307,0.443254,0.541,neutral,0.182,neutral,0.189057,-1.4,-0.6054715,0.147887324,15.32656682,8.042966293,1,0,0,0,0,1,1,0,0
P,T,307,0.344922,0.354,neutral,0.01,neutral,-1.45906,0.095,-0.68203,0.147887324,15.32656682,8.042966293,1,0,0,0,0,1,1,0,0
S,T,307,0.22945,0.257,neutral,0.006,neutral,0.532161,0.864,0.6980805,0.147887324,15.32656682,8.042966293,1,0,0,0,0,1,1,0,0
A,V,306,0.290373,0.695,prob.neutral,0.63,deleterious,0.738085,2.877,1.8075425,0.528169014,18.11114455,5.997005638,1,0,0,0,0,0,1,0,1
D,V,306,0.555138,0.855,deleterious,0.936,deleterious,0.106089,0.768,0.4370445,0.528169014,18.11114455,5.997005638,1,0,0,0,0,0,1,0,1
G,V,306,0.558975,0.856,deleterious,0.975,deleterious,1.23676,4.37,2.80338,0.528169014,18.11114455,5.997005638,1,0,0,1,0,0,1,0,1
F,V,306,0.460448,0.817,deleterious,0.957,deleterious,-0.0505392,-1.178,-0.6142696,0.528169014,18.11114455,5.997005638,1,0,0,0,0,0,1,0,1
I,V,306,-0.00158189,0.321,neutral,0.002,neutral,-0.0791156,0.938,0.4294422,0.528169014,18.11114455,5.997005638,0,0,0,0,0,0,1,0,1
L,V,306,0.200659,0.699,prob.neutral,0.098,neutral,-0.195358,1.086,0.445321,0.528169014,18.11114455,5.997005638,1,0,0,0,0,0,1,0,1
L,F,305,0.3856985,0.828,deleterious,1.0,deleterious,1.21629,11.085,6.150645,0.055837563,18.94768947,4.444527424,1,0,1,1,0,1,1,0,1
C,F,305,0.601687,0.914,deleterious,1.0,deleterious,4.53492,15.872,10.20346,0.055837563,18.94768947,4.444527424,1,1,1,1,0,1,1,0,1
S,F,305,0.601685,0.931,deleterious,1.0,deleterious,5.51359,21.047,13.280295,0.055837563,18.94768947,4.444527424,1,1,1,1,0,1,1,0,1
Y,F,305,0.3747,0.791,deleterious,1.0,deleterious,0.247205,4.013,2.1301025,0.055837563,18.94768947,4.444527424,1,0,0,0,0,1,1,0,1
I,F,305,0.374644,0.916,deleterious,1.0,deleterious,2.9477,12.731,7.83935,0.055837563,18.94768947,4.444527424,1,1,1,1,0,1,1,0,1
L,F,305,0.458631,0.828,deleterious,1.0,deleterious,1.21629,11.085,6.150645,0.055837563,18.94768947,4.444527424,1,0,1,1,0,1,1,0,1
V,F,305,0.565576,0.911,deleterious,1.0,deleterious,4.08916,13.325,8.70708,0.055837563,18.94768947,4.444527424,1,1,1,1,0,1,1,0,1
H,P,304,0.468415,0.805,deleterious,0.999,deleterious,1.64973,1.342,1.495865,0.625,22.70094427,6.442216251,1,1,0,0,0,0,0,0,0
L,P,304,0.571599,0.845,deleterious,0.998,deleterious,1.33972,1.242,1.29086,0.625,22.70094427,6.442216251,1,0,0,0,0,0,0,0,0
R,P,304,0.558961,0.838,deleterious,0.996,deleterious,0.904194,2.025,1.464597,0.625,22.70094427,6.442216251,1,0,0,0,0,0,0,0,0
A,P,304,0.39263,0.843,deleterious,0.974,deleterious,1.58644,1.994,1.79022,0.625,22.70094427,6.442216251,1,1,0,0,0,0,0,0,0
S,P,304,0.357461,0.851,deleterious,0.992,deleterious,1.55189,2.49,2.020945,0.625,22.70094427,6.442216251,1,1,0,0,0,0,0,0,0
T,P,304,0.460032,0.847,deleterious,0.991,deleterious,2.20041,3.15,2.675205,0.625,22.70094427,6.442216251,1,1,0,1,0,0,1,0,0
F,L,303,0.217067,0.757,deleterious,0.764,deleterious,-0.689044,4.757,2.033978,0.170731707,23.34133477,8.06606729,1,0,0,0,0,0,0,0,0
S,L,303,0.564556,0.905,deleterious,1.0,deleterious,3.64516,11.798,7.72158,0.170731707,23.34133477,8.06606729,1,1,1,1,0,0,1,0,0
W,L,303,0.561073,0.898,deleterious,1.0,deleterious,0.639451,4.244,2.4417255,0.170731707,23.34133477,8.06606729,1,0,0,1,0,0,1,0,0
M,L,303,0.242004,0.815,deleterious,0.998,deleterious,-0.166959,7.614,3.7235205,0.170731707,23.34133477,8.06606729,1,0,1,1,0,0,1,0,0
V,L,303,0.229207,0.784,deleterious,0.905,deleterious,1.73977,2.384,2.061885,0.170731707,23.34133477,8.06606729,1,1,0,0,0,0,0,0,0
A,G,302,0.168746,0.451,neutral,0.449,neutral,3.58375,5.444,4.513875,0.80952381,23.71854887,11.69803281,1,1,1,1,0,0,1,0,0
D,G,302,0.37582,0.487,neutral,0.859,deleterious,4.06147,4.892,4.476735,0.80952381,23.71854887,11.69803281,1,1,1,1,0,0,1,0,0
V,G,302,0.51945,0.611,neutral,0.97,deleterious,4.87159,11.529,8.200295,0.80952381,23.71854887,11.69803281,1,1,1,1,0,0,1,0,0
C,G,302,0.503107,0.577,neutral,0.123,neutral,3.36802,5.945,4.65651,0.80952381,23.71854887,11.69803281,1,1,1,1,0,0,1,0,0
R,G,302,0.442571,0.557,neutral,0.942,deleterious,0.840683,3.469,2.1548415,0.80952381,23.71854887,11.69803281,1,0,0,0,0,0,0,0,0
S,G,302,0.296747,0.191,neutral,0.021,neutral,3.4407,5.907,4.67385,0.80952381,23.71854887,11.69803281,1,1,1,1,0,0,1,0,0
I,T,301,0.595744,0.864,deleterious,1.0,deleterious,-0.463088,-4.239,-2.351044,0.253521127,20.54928733,10.70754741,1,0,0,0,0,0,0,0,0
K,T,301,0.596293,0.86,deleterious,1.0,deleterious,0.113152,2.305,1.209076,0.253521127,20.54928733,10.70754741,1,0,0,0,0,0,0,0,0
R,T,301,0.598531,0.865,deleterious,1.0,deleterious,-0.681497,4.111,1.7147515,0.253521127,20.54928733,10.70754741,1,0,0,0,0,0,0,0,0
A,T,301,0.50378,0.805,deleterious,0.965,deleterious,1.2545,2.703,1.97875,0.253521127,20.54928733,10.70754741,1,0,0,0,0,0,0,0,0
P,T,301,0.583547,0.868,deleterious,0.999,deleterious,3.97963,19.446,11.712815,0.253521127,20.54928733,10.70754741,1,1,1,1,0,0,1,0,0
S,T,301,0.293051,0.681,prob.neutral,0.796,deleterious,1.40538,3.874,2.63969,0.253521127,20.54928733,10.70754741,1,0,0,1,0,0,1,0,0
H,L,300,0.533441,0.744,deleterious,0.966,deleterious,2.09997,2.816,2.457985,0.432926829,18.81951899,13.20272892,1,1,0,1,0,0,1,0,0
P,L,300,0.559596,0.748,deleterious,0.973,deleterious,4.95992,21.862,13.41096,0.432926829,18.81951899,13.20272892,1,1,1,1,0,0,1,0,0
R,L,300,0.517414,0.749,deleterious,0.782,deleterious,0.894229,5.43,3.1621145,0.432926829,18.81951899,13.20272892,1,0,1,1,0,0,1,0,0
F,L,300,0.327539,0.479,neutral,0.015,neutral,0.521637,1.229,0.8753185,0.432926829,18.81951899,13.20272892,1,0,0,0,0,0,0,0,0
I,L,300,0.128813,0.354,neutral,0.0,neutral,0.0772483,2.039,1.05812415,0.432926829,18.81951899,13.20272892,1,0,0,0,0,0,0,0,0
V,L,300,0.215599,0.592,neutral,0.091,neutral,1.37464,5.596,3.48532,0.432926829,18.81951899,13.20272892,1,0,1,1,0,0,1,0,0
E,A,299,-0.130348,0.047,neutral,0.0,neutral,0.262344,-2.058,-0.897828,0.726415094,20.42718047,12.8589062,0,0,0,0,0,0,0,0,0
G,A,299,-0.139838,0.195,neutral,0.001,neutral,0.897533,2.818,1.8577665,0.726415094,20.42718047,12.8589062,0,0,0,0,0,0,0,0,0
V,A,299,-0.122602,0.153,neutral,0.003,neutral,0.455219,0.356,0.4056095,0.726415094,20.42718047,12.8589062,0,0,0,0,0,0,0,0,0
P,A,299,0.0476187,0.362,neutral,0.252,neutral,3.81952,17.931,10.87526,0.726415094,20.42718047,12.8589062,0,1,1,1,0,0,1,0,0
S,A,299,-0.261916,0.069,neutral,0.0,neutral,0.1184,2.084,1.1012,0.726415094,20.42718047,12.8589062,0,0,0,0,0,0,0,0,0
T,A,299,-0.257934,0.145,neutral,0.001,neutral,0.45205,0.861,0.656525,0.726415094,20.42718047,12.8589062,0,0,0,0,0,0,0,0,0
D,A,298,0.565481,0.872,deleterious,0.98,deleterious,2.83224,8.337,5.58462,0.20754717,19.49609796,9.077789712,1,1,1,1,0,0,1,0,0
G,A,298,0.144462,0.475,neutral,0.01,neutral,1.04901,4.372,2.710505,0.20754717,19.49609796,9.077789712,1,0,0,1,0,0,1,0,0
V,A,298,0.310605,0.733,prob.delet.,0.986,deleterious,2.28559,1.545,1.915295,0.20754717,19.49609796,9.077789712,1,1,0,0,0,0,0,0,0
P,A,298,0.487979,0.807,deleterious,0.99,deleterious,5.93689,20.775,13.355945,0.20754717,19.49609796,9.077789712,1,1,1,1,0,0,1,0,0
S,A,298,-0.160502,0.374,neutral,0.006,neutral,0.263752,4.87,2.566876,0.20754717,19.49609796,9.077789712,0,0,1,1,0,0,1,0,0
T,A,298,0.0801661,0.739,deleterious,0.821,deleterious,1.91377,3.342,2.627885,0.20754717,19.49609796,9.077789712,0,1,0,1,0,0,1,0,0
A,V,297,0.307618,0.768,deleterious,0.95,deleterious,2.30536,7.446,4.87568,0.0,15.79156191,10.33163185,1,1,1,1,0,1,1,0,0
E,V,297,0.582296,0.919,deleterious,1.0,deleterious,4.22536,11.309,7.76718,0.0,15.79156191,10.33163185,1,1,1,1,0,1,1,0,0
G,V,297,0.583929,0.935,deleterious,0.999,deleterious,4.26967,14.829,9.549335,0.0,15.79156191,10.33163185,1,1,1,1,0,1,1,0,0
L,V,297,0.223475,0.483,neutral,0.009,neutral,-1.3068,1.932,0.3126,0.0,15.79156191,10.33163185,1,0,0,0,0,1,1,0,0
M,V,297,0.310751,0.804,deleterious,0.989,deleterious,-0.774953,7.764,3.4945235,0.0,15.79156191,10.33163185,1,0,1,1,0,1,1,0,0
N,K,296,-0.0840563,0.257,neutral,0.016,neutral,1.03555,2.7,1.867775,0.273170732,16.09680513,12.9853503,0,0,0,0,0,0,0,0,0
I,K,296,0.10706,0.679,prob.neutral,0.106,neutral,-0.15944,-1.974,-1.06672,0.273170732,16.09680513,12.9853503,0,0,0,0,0,0,0,0,0
R,K,296,-0.0227041,0.202,neutral,0.001,neutral,0.808127,2.095,1.4515635,0.273170732,16.09680513,12.9853503,0,0,0,0,0,0,0,0,0
T,K,296,0.0018896,0.355,neutral,0.002,neutral,1.33261,0.11,0.721305,0.273170732,16.09680513,12.9853503,0,0,0,0,0,0,0,0,0
E,K,296,0.0631141,0.235,neutral,0.001,neutral,2.10311,4.754,3.428555,0.273170732,16.09680513,12.9853503,0,1,0,1,0,0,1,0,0
Q,K,296,0.0196536,0.27,neutral,0.004,neutral,0.903872,1.764,1.333936,0.273170732,16.09680513,12.9853503,0,0,0,0,0,0,0,0,0
E,A,295,0.117962,0.27,neutral,0.004,neutral,-0.0833754,0.396,0.1563123,0.58490566,18.02550424,11.09775306,0,0,0,0,0,0,0,0,0
G,A,295,0.0361902,0.47,neutral,0.017,neutral,0.844299,2.822,1.8331495,0.58490566,18.02550424,11.09775306,0,0,0,0,0,0,0,0,0
V,A,295,0.0802697,0.485,neutral,0.383,neutral,0.407942,0.018,0.212971,0.58490566,18.02550424,11.09775306,0,0,0,0,0,0,0,0,0
P,A,295,0.242345,0.666,neutral,0.863,deleterious,2.93317,19.214,11.073585,0.58490566,18.02550424,11.09775306,1,1,1,1,0,0,1,0,0
S,A,295,-0.126902,0.215,neutral,0.001,neutral,-0.1149,1.675,0.78005,0.58490566,18.02550424,11.09775306,0,0,0,0,0,0,0,0,0
T,A,295,0.00776007,0.488,neutral,0.225,neutral,0.276725,0.335,0.3058625,0.58490566,18.02550424,11.09775306,0,0,0,0,0,0,0,0,0
D,A,294,0.59485,0.889,deleterious,0.989,deleterious,5.29465,7.153,6.223825,0.028301887,15.19397406,9.251931553,1,1,1,1,0,1,1,0,0
G,A,294,0.374948,0.824,deleterious,0.55,deleterious,1.66016,6.708,4.18408,0.028301887,15.19397406,9.251931553,1,1,1,1,0,1,1,0,0
V,A,294,0.456557,0.303,neutral,0.547,deleterious,-0.476734,0.95,0.236633,0.028301887,15.19397406,9.251931553,1,0,0,0,0,1,1,0,0
P,A,294,0.568475,0.889,deleterious,0.994,deleterious,1.41293,14.242,7.827465,0.028301887,15.19397406,9.251931553,1,0,1,1,0,1,1,0,0
S,A,294,0.238466,0.294,neutral,0.054,neutral,0.649415,4.697,2.6732075,0.028301887,15.19397406,9.251931553,1,0,0,1,0,1,1,0,0
T,A,294,0.413081,0.463,neutral,0.337,neutral,-0.30603,4.253,1.973485,0.028301887,15.19397406,9.251931553,1,0,0,0,0,1,1,0,0
A,V,293,0.387439,0.285,neutral,0.012,neutral,2.28067,6.87,4.575335,0.007042254,12.75324849,12.84138038,1,1,1,1,1,1,1,0,0
D,V,293,0.587171,0.859,deleterious,0.999,deleterious,4.14999,11.026,7.587995,0.007042254,12.75324849,12.84138038,1,1,1,1,1,1,1,0,0
G,V,293,0.593032,0.837,deleterious,0.868,deleterious,4.11733,12.776,8.446665,0.007042254,12.75324849,12.84138038,1,1,1,1,1,1,1,0,0
F,V,293,0.476858,0.869,deleterious,0.985,deleterious,3.40783,2.69,3.048915,0.007042254,12.75324849,12.84138038,1,1,0,1,1,1,1,0,0
I,V,293,0.105685,0.211,neutral,0.0,neutral,-0.613071,2.017,0.7019645,0.007042254,12.75324849,12.84138038,0,0,0,0,1,1,1,0,0
L,V,293,0.519257,0.475,neutral,0.1,neutral,-0.766512,-0.762,-0.764256,0.007042254,12.75324849,12.84138038,1,0,0,0,1,1,1,0,0
N,K,292,0.02331415,0.476,neutral,0.626,deleterious,0.727054,2.862,1.794527,0.473170732,15.41599223,14.48858319,0,0,0,0,0,0,0,0,0
M,K,292,0.501966,0.659,neutral,0.999,deleterious,-0.299514,2.517,1.108743,0.473170732,15.41599223,14.48858319,1,0,0,0,0,0,0,0,0
R,K,292,0.268321,0.625,neutral,0.949,deleterious,0.42857,0.774,0.601285,0.473170732,15.41599223,14.48858319,1,0,0,0,0,0,0,0,0
T,K,292,0.45979,0.728,prob.delet.,0.991,deleterious,0.801086,7.726,4.263543,0.473170732,15.41599223,14.48858319,1,0,1,1,0,0,1,0,0
E,K,292,0.445361,0.671,neutral,0.938,deleterious,0.828008,3.495,2.161504,0.473170732,15.41599223,14.48858319,1,0,0,0,0,0,0,0,0
Q,K,292,0.292804,0.4,neutral,0.524,deleterious,0.382973,1.813,1.0979865,0.473170732,15.41599223,14.48858319,1,0,0,0,0,0,0,0,0
D,E,291,0.170423,0.631,neutral,0.552,deleterious,1.11523,1.863,1.489115,0.572164948,15.48804053,12.72214621,1,0,0,0,0,0,0,0,0
A,E,291,0.252809,0.531,neutral,0.229,neutral,1.52925,2.672,2.100625,0.572164948,15.48804053,12.72214621,1,1,0,0,0,0,0,0,0
G,E,291,0.408315,0.83,deleterious,0.991,deleterious,2.12853,5.018,3.573265,0.572164948,15.48804053,12.72214621,1,1,1,1,0,0,1,0,0
V,E,291,0.338688,0.847,deleterious,0.954,deleterious,1.58669,1.037,1.311845,0.572164948,15.48804053,12.72214621,1,1,0,0,0,0,0,0,0
K,E,291,0.162003,0.663,neutral,0.899,deleterious,1.39714,1.794,1.59557,0.572164948,15.48804053,12.72214621,1,0,0,0,0,0,0,0,0
Q,E,291,0.228881,0.478,neutral,0.724,deleterious,0.963159,1.691,1.3270795,0.572164948,15.48804053,12.72214621,1,0,0,0,0,0,0,0,0
E,A,290,0.557842,0.912,deleterious,0.998,deleterious,0.862162,5.912,3.387081,0.103773585,11.78482227,13.41491355,1,0,1,1,1,1,1,0,0
G,A,290,0.353778,0.431,neutral,0.037,neutral,0.817762,2.663,1.740381,0.103773585,11.78482227,13.41491355,1,0,0,0,1,1,1,0,0
V,A,290,0.448064,0.569,neutral,0.927,deleterious,1.4253,10.493,5.95915,0.103773585,11.78482227,13.41491355,1,0,1,1,1,1,1,0,0
P,A,290,0.487672,0.911,deleterious,0.999,deleterious,-0.590586,4.823,2.116207,0.103773585,11.78482227,13.41491355,1,0,1,0,1,1,1,0,0
S,A,290,0.261932,0.441,neutral,0.459,neutral,0.275604,1.418,0.846802,0.103773585,11.78482227,13.41491355,1,0,0,0,1,1,1,0,0
T,A,290,0.427737,0.864,deleterious,0.993,deleterious,2.77439,5.294,4.034195,0.103773585,11.78482227,13.41491355,1,1,1,1,1,1,1,0,0
L,F,289,0.4742575,0.901,deleterious,0.995,deleterious,2.14642,7.581,4.86371,0.010152284,12.17728649,16.73130052,1,1,1,1,1,1,1,0,0
C,F,289,0.598931,0.911,deleterious,1.0,deleterious,3.97934,14.464,9.22167,0.010152284,12.17728649,16.73130052,1,1,1,1,1,1,1,0,0
S,F,289,0.599337,0.919,deleterious,1.0,deleterious,4.44829,13.511,8.979645,0.010152284,12.17728649,16.73130052,1,1,1,1,1,1,1,0,0
Y,F,289,0.284944,0.465,neutral,0.866,deleterious,1.13409,1.666,1.400045,0.010152284,12.17728649,16.73130052,1,0,0,0,1,1,1,0,0
I,F,289,0.369846,0.931,deleterious,0.999,deleterious,3.01952,10.287,6.65326,0.010152284,12.17728649,16.73130052,1,1,1,1,1,1,1,0,0
L,F,289,0.547867,0.901,deleterious,0.995,deleterious,2.14642,7.581,4.86371,0.010152284,12.17728649,16.73130052,1,1,1,1,1,1,1,0,0
V,F,289,0.594813,0.895,deleterious,0.998,deleterious,2.51833,7.351,4.934665,0.010152284,12.17728649,16.73130052,1,1,1,1,1,1,1,0,0
A,G,288,0.434356,0.711,prob.delet.,0.987,deleterious,4.24737,4.807,4.527185,0.30952381,15.35825433,18.05528426,1,1,1,1,0,0,1,0,0
D,G,288,0.51272,0.594,neutral,0.725,deleterious,4.00362,4.053,4.02831,0.30952381,15.35825433,18.05528426,1,1,0,1,0,0,1,0,0
V,G,288,0.581307,0.796,deleterious,0.999,deleterious,6.43371,14.36,10.396855,0.30952381,15.35825433,18.05528426,1,1,1,1,0,0,1,0,0
C,G,288,0.528218,0.726,prob.delet.,0.865,deleterious,5.04228,6.85,5.94614,0.30952381,15.35825433,18.05528426,1,1,1,1,0,0,1,0,0
R,G,288,0.507406,0.799,deleterious,0.999,deleterious,4.90836,5.678,5.29318,0.30952381,15.35825433,18.05528426,1,1,1,1,0,0,1,0,0
S,G,288,0.467123,0.807,deleterious,0.996,deleterious,4.50315,6.376,5.439575,0.30952381,15.35825433,18.05528426,1,1,1,1,0,0,1,0,0
M,I,287,0.0192711,0.3,neutral,0.142,neutral,-0.748942,1.749,0.500029,0.633136095,14.65829236,20.63664415,0,0,0,0,0,0,0,0,0
N,I,287,0.22639,0.452,neutral,0.283,neutral,0.0637717,1.929,0.99638585,0.633136095,14.65829236,20.63664415,1,0,0,0,0,0,0,0,0
S,I,287,0.245932,0.285,neutral,0.075,neutral,-0.0371754,1.894,0.9284123,0.633136095,14.65829236,20.63664415,1,0,0,0,0,0,0,0,0
T,I,287,0.26941,0.223,neutral,0.002,neutral,0.0268558,3.277,1.6519279,0.633136095,14.65829236,20.63664415,1,0,0,0,0,0,0,0,0
F,I,287,0.157639,0.318,neutral,0.355,neutral,-0.829873,1.936,0.5530635,0.633136095,14.65829236,20.63664415,1,0,0,0,0,0,0,0,0
L,I,287,0.00873064,0.171,neutral,0.001,neutral,-0.576214,0.6,0.011893,0.633136095,14.65829236,20.63664415,0,0,0,0,0,0,0,0,0
V,I,287,-0.119919,0.099,neutral,0.0,neutral,-0.21738,0.313,0.04781,0.633136095,14.65829236,20.63664415,0,0,0,0,0,0,0,0,0
S,R,286,0.374858,0.551,neutral,0.577,deleterious,0.204477,4.339,2.2717385,0.475806452,11.98510677,21.51164804,1,0,0,0,1,0,0,0,0
I,R,286,0.494562,0.617,neutral,0.665,deleterious,-0.742673,2.665,0.9611635,0.475806452,11.98510677,21.51164804,1,0,0,0,1,0,0,0,0
K,R,286,0.360401,0.267,neutral,0.002,neutral,-0.527416,1.596,0.534292,0.475806452,11.98510677,21.51164804,1,0,0,0,1,0,0,0,0
T,R,286,0.469461,0.567,neutral,0.577,deleterious,-0.249616,3.512,1.631192,0.475806452,11.98510677,21.51164804,1,0,0,0,1,0,0,0,0
G,R,286,0.478625,0.585,neutral,0.577,deleterious,1.13839,5.42,3.279195,0.475806452,11.98510677,21.51164804,1,0,1,1,1,0,1,0,0
I,T,285,0.581004,0.733,prob.delet.,0.986,deleterious,2.02228,12.409,7.21564,0.070422535,8.485541696,20.44863579,1,1,1,1,1,1,1,0,0
N,T,285,0.215954,0.71,prob.delet.,0.969,deleterious,3.94968,1.879,2.91434,0.070422535,8.485541696,20.44863579,1,1,0,1,1,1,1,0,0
S,T,285,0.309136,0.681,prob.neutral,0.417,neutral,1.60139,4.939,3.270195,0.070422535,8.485541696,20.44863579,1,1,1,1,1,1,1,0,0
A,T,285,0.457259,0.482,neutral,0.004,neutral,1.72972,3.825,2.77736,0.070422535,8.485541696,20.44863579,1,1,0,1,1,1,1,0,0
P,T,285,0.572617,0.735,prob.delet.,0.969,deleterious,6.09903,23.233,14.666015,0.070422535,8.485541696,20.44863579,1,1,1,1,1,1,1,0,0
S,T,285,0.295559,0.681,prob.neutral,0.417,neutral,1.60139,4.939,3.270195,0.070422535,8.485541696,20.44863579,1,1,1,1,1,1,1,0,0
K,N,284,0.116598,0.825,deleterious,0.999,deleterious,0.142941,1.819,0.9809705,0.847133758,8.471155108,21.47732094,0,0,0,0,1,0,0,0,0
I,N,284,0.386191,0.71,prob.delet.,0.994,deleterious,2.78213,11.083,6.932565,0.847133758,8.471155108,21.47732094,1,1,1,1,1,0,1,0,0
S,N,284,0.150181,0.797,deleterious,0.956,deleterious,0.838941,3.45,2.1444705,0.847133758,8.471155108,21.47732094,1,0,0,0,1,0,0,0,0
T,N,284,0.195498,0.824,deleterious,0.996,deleterious,1.79981,3.122,2.460905,0.847133758,8.471155108,21.47732094,1,1,0,1,1,0,1,0,0
D,N,284,0.230412,0.508,neutral,0.134,neutral,0.66629,1.282,0.974145,0.847133758,8.471155108,21.47732094,1,0,0,0,1,0,0,0,0
H,N,284,0.199287,0.783,deleterious,1.0,deleterious,1.02994,-0.833,0.09847,0.847133758,8.471155108,21.47732094,1,0,0,0,1,0,0,0,0
Y,N,284,0.574567,0.685,prob.neutral,1.0,deleterious,0.722798,-3.134,-1.205601,0.847133758,8.471155108,21.47732094,1,0,0,0,1,0,0,0,0
F,L,283,0.5001035,0.802,deleterious,0.999,deleterious,0.6042,-0.406,0.0991,0.109756098,9.725551014,19.28786793,1,0,0,0,1,1,1,0,0
S,L,283,0.595962,0.739,deleterious,1.0,deleterious,0.801357,7.279,4.0401785,0.109756098,9.725551014,19.28786793,1,0,1,1,1,1,1,0,0
I,L,283,0.148319,0.439,neutral,0.65,deleterious,0.381821,1.591,0.9864105,0.109756098,9.725551014,19.28786793,1,0,0,0,1,1,1,0,0
V,L,283,0.424025,0.447,neutral,0.516,deleterious,1.27094,2.923,2.09697,0.109756098,9.725551014,19.28786793,1,0,0,0,1,1,1,0,0
A,G,282,0.550538,0.864,deleterious,1.0,deleterious,3.08356,5.269,4.17628,0.023809524,9.276020626,16.77655136,1,1,1,1,1,1,1,0,0
D,G,282,0.582233,0.911,deleterious,1.0,deleterious,8.65395,14.113,11.383475,0.023809524,9.276020626,16.77655136,1,1,1,1,1,1,1,0,0
V,G,282,0.582233,0.941,deleterious,1.0,deleterious,8.16527,26.75,17.457635,0.023809524,9.276020626,16.77655136,1,1,1,1,1,1,1,0,0
C,G,282,0.582052,0.863,deleterious,1.0,deleterious,3.93339,8.016,5.974695,0.023809524,9.276020626,16.77655136,1,1,1,1,1,1,1,0,0
R,G,282,0.582052,0.931,deleterious,1.0,deleterious,4.01071,9.505,6.757855,0.023809524,9.276020626,16.77655136,1,1,1,1,1,1,1,0,0
S,G,282,0.577225,0.91,deleterious,1.0,deleterious,3.16615,8.742,5.954075,0.023809524,9.276020626,16.77655136,1,1,1,1,1,1,1,0,0
I,T,281,0.596157,0.903,deleterious,1.0,deleterious,0.0599572,-2.209,-1.0745214,0.084507042,11.59665718,15.15297163,1,0,0,0,1,1,1,0,0
K,T,281,0.595219,0.901,deleterious,1.0,deleterious,5.16209,12.428,8.795045,0.084507042,11.59665718,15.15297163,1,1,1,1,1,1,1,0,0
R,T,281,0.596087,0.899,deleterious,1.0,deleterious,13.4589,9.273,11.36595,0.084507042,11.59665718,15.15297163,1,1,1,1,1,1,1,0,0
A,T,281,0.578331,0.754,deleterious,0.998,deleterious,1.44403,3.779,2.611515,0.084507042,11.59665718,15.15297163,1,0,0,1,1,1,1,0,0
P,T,281,0.582574,0.899,deleterious,1.0,deleterious,2.71282,11.837,7.27491,0.084507042,11.59665718,15.15297163,1,1,1,1,1,1,1,0,0
S,T,281,0.332347,0.794,deleterious,0.998,deleterious,1.08183,3.661,2.371415,0.084507042,11.59665718,15.15297163,1,0,0,0,1,1,1,0,0
A,G,280,0.581337,0.825,deleterious,1.0,deleterious,4.28846,8.978,6.63323,0.05952381,9.112420269,11.48440405,1,1,1,1,1,1,1,0,0
D,G,280,0.58219,0.883,deleterious,1.0,deleterious,8.0914,13.912,11.0017,0.05952381,9.112420269,11.48440405,1,1,1,1,1,1,1,0,0
V,G,280,0.58219,0.92,deleterious,1.0,deleterious,10.0335,16.74,13.38675,0.05952381,9.112420269,11.48440405,1,1,1,1,1,1,1,0,0
C,G,280,0.577988,0.887,deleterious,0.995,deleterious,5.70936,8.211,6.96018,0.05952381,9.112420269,11.48440405,1,1,1,1,1,1,1,0,0
R,G,280,0.582319,0.937,deleterious,1.0,deleterious,16.1654,36.521,26.3432,0.05952381,9.112420269,11.48440405,1,1,1,1,1,1,1,0,0
S,G,280,0.581941,0.835,deleterious,1.0,deleterious,7.25406,11.33,9.29203,0.05952381,9.112420269,11.48440405,1,1,1,1,1,1,1,0,0
A,V,279,0.524844,0.849,deleterious,1.0,deleterious,2.33488,7.335,4.83494,0.0,7.033373257,11.95505524,1,1,1,1,1,1,1,0,0
D,V,279,0.597327,0.841,deleterious,1.0,deleterious,5.08769,7.412,6.249845,0.0,7.033373257,11.95505524,1,1,1,1,1,1,1,0,0
G,V,279,0.597327,0.831,deleterious,1.0,deleterious,3.40464,12.427,7.91582,0.0,7.033373257,11.95505524,1,1,1,1,1,1,1,0,0
F,V,279,0.583208,0.83,deleterious,1.0,deleterious,15.8555,7.333,11.59425,0.0,7.033373257,11.95505524,1,1,1,1,1,1,1,0,0
I,V,279,0.24225,0.756,deleterious,0.998,deleterious,2.61052,-0.508,1.05126,0.0,7.033373257,11.95505524,1,1,0,0,1,1,1,0,0
L,V,279,0.476298,0.675,prob.neutral,0.928,deleterious,2.30668,4.812,3.55934,0.0,7.033373257,11.95505524,1,1,1,1,1,1,1,0,0
D,A,278,0.594296,0.89,deleterious,0.996,deleterious,0.14267,0.528,0.335335,0.245283019,5.548826132,13.96411803,1,0,0,0,1,0,1,1,0
G,A,278,0.574956,0.789,deleterious,0.866,deleterious,1.08075,2.608,1.844375,0.245283019,5.548826132,13.96411803,1,0,0,0,1,0,1,1,0
V,A,278,0.591791,0.853,deleterious,0.997,deleterious,-0.501857,-4.723,-2.6124285,0.245283019,5.548826132,13.96411803,1,0,0,0,1,0,1,1,0
P,A,278,0.538176,0.768,deleterious,0.524,deleterious,0.0145628,6.376,3.1952814,0.245283019,5.548826132,13.96411803,1,0,1,1,1,0,1,1,0
S,A,278,0.476666,0.641,neutral,0.307,neutral,1.23126,0.644,0.93763,0.245283019,5.548826132,13.96411803,1,0,0,0,1,0,1,1,0
T,A,278,0.55756,0.679,prob.neutral,0.9,deleterious,0.279217,-0.657,-0.1888915,0.245283019,5.548826132,13.96411803,1,0,0,0,1,0,1,1,0
I,T,277,0.599962,0.954,deleterious,1.0,deleterious,0.76685,3.446,2.106425,0.028169014,4.883156971,14.57371993,1,0,0,0,1,1,1,1,0
N,T,277,0.252679,0.944,deleterious,1.0,deleterious,1.84646,1.105,1.47573,0.028169014,4.883156971,14.57371993,1,1,0,0,1,1,1,1,0
S,T,277,0.456848,0.889,deleterious,0.994,deleterious,0.855703,-2.089,-0.6166485,0.028169014,4.883156971,14.57371993,1,0,0,0,1,1,1,1,0
A,T,277,0.465374,0.669,neutral,0.914,deleterious,0.501063,0.317,0.4090315,0.028169014,4.883156971,14.57371993,1,0,0,0,1,1,1,1,0
P,T,277,0.587164,0.957,deleterious,1.0,deleterious,2.46582,25.819,14.14241,0.028169014,4.883156971,14.57371993,1,1,1,1,1,1,1,1,0
S,T,277,0.444044,0.889,deleterious,0.994,deleterious,0.855703,-2.089,-0.6166485,0.028169014,4.883156971,14.57371993,1,0,0,0,1,1,1,1,0
A,G,276,0.336525,0.642,neutral,0.997,deleterious,0.162784,-2.444,-1.140608,0.0,8.228772413,12.89042925,1,0,0,0,1,1,1,0,0
D,G,276,0.585462,0.912,deleterious,1.0,deleterious,11.1043,15.031,13.06765,0.0,8.228772413,12.89042925,1,1,1,1,1,1,1,0,0
V,G,276,0.585542,0.939,deleterious,1.0,deleterious,6.41379,21.214,13.813895,0.0,8.228772413,12.89042925,1,1,1,1,1,1,1,0,0
C,G,276,0.554575,0.925,deleterious,1.0,deleterious,2.17178,7.323,4.74739,0.0,8.228772413,12.89042925,1,1,1,1,1,1,1,0,0
R,G,276,0.568178,0.939,deleterious,1.0,deleterious,25.8065,27.721,26.76375,0.0,8.228772413,12.89042925,1,1,1,1,1,1,1,0,0
S,G,276,0.298561,0.798,deleterious,0.992,deleterious,1.25146,3.074,2.16273,0.0,8.228772413,12.89042925,1,0,0,0,1,1,1,0,0
A,G,275,0.573457,0.816,deleterious,1.0,deleterious,5.25186,8.351,6.80143,0.083333333,8.172870692,14.27114276,1,1,1,1,1,1,1,0,0
E,G,275,0.573821,0.911,deleterious,1.0,deleterious,10.2615,20.059,15.16025,0.083333333,8.172870692,14.27114276,1,1,1,1,1,1,1,0,0
V,G,275,0.573828,0.901,deleterious,1.0,deleterious,12.7816,18.218,15.4998,0.083333333,8.172870692,14.27114276,1,1,1,1,1,1,1,0,0
R,G,275,0.586281,0.907,deleterious,1.0,deleterious,11.6029,27.65,19.62645,0.083333333,8.172870692,14.27114276,1,1,1,1,1,1,1,0,0
D,A,274,0.53001,0.85,deleterious,0.967,deleterious,2.57118,1.531,2.05109,0.056603774,8.361736541,10.66632896,1,1,0,0,1,1,1,0,0
G,A,274,0.321775,0.879,deleterious,0.624,deleterious,2.11107,5.456,3.783535,0.056603774,8.361736541,10.66632896,1,1,1,1,1,1,1,0,0
V,A,274,0.322071,0.553,neutral,0.515,deleterious,-0.532338,-6.631,-3.581669,0.056603774,8.361736541,10.66632896,1,0,0,0,1,1,1,0,0
P,A,274,0.510035,0.845,deleterious,0.984,deleterious,1.81906,9.044,5.43153,0.056603774,8.361736541,10.66632896,1,1,1,1,1,1,1,0,0
S,A,274,0.265693,0.818,deleterious,0.383,neutral,0.798345,2.222,1.5101725,0.056603774,8.361736541,10.66632896,1,0,0,0,1,1,1,0,0
T,A,274,0.478655,0.883,deleterious,0.846,deleterious,0.693285,-2.813,-1.0598575,0.056603774,8.361736541,10.66632896,1,0,0,0,1,1,1,0,0
E,A,273,0.599419,0.948,deleterious,1.0,deleterious,1.21583,5.48,3.347915,0.047169811,9.099785495,8.931515435,1,0,1,1,1,1,1,0,0
G,A,273,0.335179,0.529,neutral,0.123,neutral,1.30004,3.782,2.54102,0.047169811,9.099785495,8.931515435,1,0,0,1,1,1,1,0,0
V,A,273,0.590724,0.912,deleterious,1.0,deleterious,3.26268,6.827,5.04484,0.047169811,9.099785495,8.931515435,1,1,1,1,1,1,1,0,0
P,A,273,0.506071,0.831,deleterious,0.894,deleterious,-2.35486,3.821,0.73307,0.047169811,9.099785495,8.931515435,1,0,0,0,1,1,1,0,0
S,A,273,0.300928,0.575,neutral,0.885,deleterious,0.874915,2.903,1.8889575,0.047169811,9.099785495,8.931515435,1,0,0,0,1,1,1,0,0
T,A,273,0.502532,0.911,deleterious,1.0,deleterious,0.999773,0.234,0.6168865,0.047169811,9.099785495,8.931515435,1,0,0,0,1,1,1,0,0
H,L,272,0.599478,0.938,deleterious,1.0,deleterious,2.26581,8.884,5.574905,0.006097561,12.34457063,6.298601514,1,1,1,1,1,1,1,0,0
P,L,272,0.599482,0.947,deleterious,1.0,deleterious,8.06035,24.786,16.423175,0.006097561,12.34457063,6.298601514,1,1,1,1,1,1,1,0,0
R,L,272,0.599105,0.941,deleterious,1.0,deleterious,4.99852,13.76,9.37926,0.006097561,12.34457063,6.298601514,1,1,1,1,1,1,1,0,0
F,L,272,0.564017,0.913,deleterious,1.0,deleterious,3.72482,2.382,3.05341,0.006097561,12.34457063,6.298601514,1,1,0,1,1,1,1,0,0
I,L,272,0.265768,0.812,deleterious,0.991,deleterious,0.404664,3.64,2.022332,0.006097561,12.34457063,6.298601514,1,0,0,0,1,1,1,0,0
V,L,272,0.458957,0.667,neutral,0.951,deleterious,1.48748,6.254,3.87074,0.006097561,12.34457063,6.298601514,1,1,1,1,1,1,1,0,0
D,E,271,0.395428,0.339,neutral,0.001,neutral,1.97079,2.215,2.092895,0.12371134,15.55159003,3.845116058,1,1,0,0,0,1,1,0,1
A,E,271,0.484358,0.531,neutral,0.197,neutral,0.845297,-0.323,0.2611485,0.12371134,15.55159003,3.845116058,1,0,0,0,0,1,1,0,1
G,E,271,0.526555,0.626,neutral,0.798,deleterious,2.09898,6.169,4.13399,0.12371134,15.55159003,3.845116058,1,1,1,1,0,1,1,0,1
V,E,271,0.469302,0.64,neutral,0.268,neutral,1.08333,1.474,1.278665,0.12371134,15.55159003,3.845116058,1,0,0,0,0,1,1,0,1
K,E,271,0.479441,0.365,neutral,0.016,neutral,-0.322924,1.358,0.517538,0.12371134,15.55159003,3.845116058,1,0,0,0,0,1,1,0,1
Q,E,271,0.275649,0.19,neutral,0.009,neutral,-0.476495,-0.663,-0.5697475,0.12371134,15.55159003,3.845116058,1,0,0,0,0,1,1,0,1
C,Y,270,0.491599,0.807,deleterious,0.928,deleterious,1.78843,8.954,5.371215,0.112612613,17.96709368,0.0,1,1,1,1,0,1,1,0,1
F,Y,270,0.2586,0.715,prob.delet.,0.999,deleterious,-0.945919,-1.676,-1.3109595,0.112612613,17.96709368,0.0,1,0,0,0,0,1,1,0,1
S,Y,270,0.481216,0.658,neutral,0.909,deleterious,1.69978,12.095,6.89739,0.112612613,17.96709368,0.0,1,1,1,1,0,1,1,0,1
D,Y,270,0.568031,0.857,deleterious,0.999,deleterious,3.72529,10.546,7.135645,0.112612613,17.96709368,0.0,1,1,1,1,0,1,1,0,1
H,Y,270,0.460134,0.751,deleterious,0.999,deleterious,0.973129,5.432,3.2025645,0.112612613,17.96709368,0.0,1,0,1,1,0,1,1,0,1
N,Y,270,0.544976,0.857,deleterious,0.999,deleterious,2.05946,7.489,4.77423,0.112612613,17.96709368,0.0,1,1,1,1,0,1,1,0,1
M,I,269,-0.0482723,0.624,neutral,0.728,deleterious,-0.108333,3.116,1.5038335,0.0,17.3422615,3.830034217,0,0,0,0,0,1,1,0,1
N,I,269,0.210394,0.767,deleterious,1.0,deleterious,2.96208,6.247,4.60454,0.0,17.3422615,3.830034217,1,1,1,1,0,1,1,0,1
S,I,269,0.326654,0.783,deleterious,0.995,deleterious,3.24049,10.143,6.691745,0.0,17.3422615,3.830034217,1,1,1,1,0,1,1,0,1
T,I,269,0.21874,0.657,neutral,0.961,deleterious,2.14505,8.435,5.290025,0.0,17.3422615,3.830034217,1,1,1,1,0,1,1,0,1
F,I,269,0.0671159,0.653,neutral,0.718,deleterious,7.20019,2.783,4.991595,0.0,17.3422615,3.830034217,0,1,0,1,0,1,1,0,1
L,I,269,-0.0524854,0.128,neutral,0.0,neutral,-0.188745,-1.224,-0.7063725,0.0,17.3422615,3.830034217,0,0,0,0,0,1,1,0,1
V,I,269,-0.165759,0.124,neutral,0.0,neutral,1.04348,2.23,1.63674,0.0,17.3422615,3.830034217,0,0,0,0,0,1,1,0,1
S,R,268,0.3725279999999999,0.807,deleterious,0.984,deleterious,1.57319,0.466,1.019595,0.084677419,18.69242598,5.225249325,1,1,0,0,0,1,1,0,1
I,R,268,0.473758,0.846,deleterious,0.995,deleterious,1.31504,0.277,0.79602,0.084677419,18.69242598,5.225249325,1,0,0,0,0,1,1,0,1
K,R,268,0.270091,0.733,prob.delet.,0.79,deleterious,1.46307,1.617,1.540035,0.084677419,18.69242598,5.225249325,1,0,0,0,0,1,1,0,1
T,R,268,0.429841,0.825,deleterious,0.998,deleterious,1.40938,0.715,1.06219,0.084677419,18.69242598,5.225249325,1,0,0,0,0,1,1,0,1
G,R,268,0.308173,0.849,deleterious,0.995,deleterious,2.09024,3.851,2.97062,0.084677419,18.69242598,5.225249325,1,1,0,1,0,1,1,0,1
L,P,267,0.349943,0.85,deleterious,0.998,deleterious,1.70084,-3.6,-0.94958,0.455882353,22.00433936,5.550210637,1,1,0,0,0,0,1,0,1
Q,P,267,0.334407,0.775,deleterious,0.995,deleterious,1.41042,-1.808,-0.19879,0.455882353,22.00433936,5.550210637,1,0,0,0,0,0,1,0,1
R,P,267,0.397348,0.851,deleterious,0.996,deleterious,1.49754,-3.169,-0.83573,0.455882353,22.00433936,5.550210637,1,1,0,0,0,0,1,0,1
A,P,267,0.311686,0.718,prob.delet.,0.924,deleterious,1.65668,-3.156,-0.74966,0.455882353,22.00433936,5.550210637,1,1,0,0,0,0,1,0,1
S,P,267,0.286428,0.787,deleterious,0.993,deleterious,2.09284,-3.131,-0.51908,0.455882353,22.00433936,5.550210637,1,1,0,0,0,0,1,0,1
T,P,267,0.339919,0.776,deleterious,0.993,deleterious,2.20444,-2.533,-0.16428,0.455882353,22.00433936,5.550210637,1,1,0,0,0,0,1,0,1
I,M,266,0.0451658,0.212,neutral,0.004,neutral,3.12216,4.737,3.92958,0.0,22.35312268,6.535540019,0,1,0,1,0,1,1,0,0
K,M,266,0.317283,0.637,neutral,0.979,deleterious,4.00802,13.017,8.51251,0.0,22.35312268,6.535540019,1,1,1,1,0,1,1,0,0
R,M,266,0.292226,0.713,prob.delet.,0.997,deleterious,8.24464,14.044,11.14432,0.0,22.35312268,6.535540019,1,1,1,1,0,1,1,0,0
T,M,266,0.15181,0.581,neutral,0.543,deleterious,3.76405,7.97,5.867025,0.0,22.35312268,6.535540019,1,1,1,1,0,1,1,0,0
L,M,266,-0.1269525,0.107,neutral,0.0,neutral,0.177404,-0.555,-0.188798,0.0,22.35312268,6.535540019,0,0,0,0,0,1,1,0,0
V,M,266,0.0199354,0.269,neutral,0.129,neutral,3.50535,6.947,5.226175,0.0,22.35312268,6.535540019,0,1,1,1,0,1,1,0,0
D,A,265,0.542616,0.715,prob.delet.,0.56,deleterious,4.23347,3.743,3.988235,0.047169811,24.03896855,9.959737244,1,1,0,1,0,1,1,0,0
G,A,265,0.247566,0.451,neutral,0.049,neutral,0.732373,7.259,3.9956865,0.047169811,24.03896855,9.959737244,1,0,1,1,0,1,1,0,0
V,A,265,0.230832,0.207,neutral,0.012,neutral,1.19834,-1.772,-0.28683,0.047169811,24.03896855,9.959737244,1,0,0,0,0,1,1,0,0
P,A,265,0.496091,0.739,deleterious,0.837,deleterious,1.66847,21.537,11.602735,0.047169811,24.03896855,9.959737244,1,1,1,1,0,1,1,0,0
S,A,265,0.00228815,0.213,neutral,0.001,neutral,-0.303124,1.582,0.639438,0.047169811,24.03896855,9.959737244,0,0,0,0,0,1,1,0,0
T,A,265,0.168242,0.139,neutral,0.001,neutral,0.38777,0.395,0.391385,0.047169811,24.03896855,9.959737244,1,0,0,0,0,1,1,0,0
D,A,264,0.187136,0.259,neutral,0.002,neutral,1.28887,1.102,1.195435,0.349056604,27.34020089,11.6760626,1,0,0,0,0,0,0,0,0
G,A,264,-0.0684314,0.161,neutral,0.0,neutral,0.371468,3.881,2.126234,0.349056604,27.34020089,11.6760626,0,0,0,0,0,0,0,0,0
V,A,264,0.101632,0.235,neutral,0.021,neutral,1.41866,2.136,1.77733,0.349056604,27.34020089,11.6760626,0,0,0,0,0,0,0,0,0
P,A,264,0.284878,0.579,neutral,0.779,deleterious,1.47384,20.944,11.20892,0.349056604,27.34020089,11.6760626,1,1,1,1,0,0,1,0,0
S,A,264,-0.137741,0.207,neutral,0.0,neutral,-0.0433831,2.634,1.29530845,0.349056604,27.34020089,11.6760626,0,0,0,0,0,0,0,0,0
T,A,264,0.00891703,0.256,neutral,0.004,neutral,1.59111,-0.506,0.542555,0.349056604,27.34020089,11.6760626,0,1,0,0,0,0,0,0,0
N,K,263,-0.0875402,0.303,neutral,0.001,neutral,0.421544,0.82,0.620772,0.487804878,26.86480194,11.13243613,0,0,0,0,0,0,0,0,0
I,K,263,0.100768,0.606,neutral,0.039,neutral,0.202678,-1.053,-0.425161,0.487804878,26.86480194,11.13243613,0,0,0,0,0,0,0,0,0
R,K,263,-0.104189,0.487,neutral,0.035,neutral,-0.00161299,-0.244,-0.122806495,0.487804878,26.86480194,11.13243613,0,0,0,0,0,0,0,0,0
T,K,263,0.0666915,0.339,neutral,0.002,neutral,0.747758,4.053,2.400379,0.487804878,26.86480194,11.13243613,0,0,0,0,0,0,0,0,0
E,K,263,-0.0773604,0.211,neutral,0.0,neutral,0.612827,0.407,0.5099135,0.487804878,26.86480194,11.13243613,0,0,0,0,0,0,0,0,0
Q,K,263,-0.147075,0.356,neutral,0.001,neutral,0.514179,-0.008,0.2530895,0.487804878,26.86480194,11.13243613,0,0,0,0,0,0,0,0,0
M,I,262,0.107936,0.675,prob.neutral,0.958,deleterious,0.670075,6.78,3.7250375,0.0,23.52622897,12.92135419,0,0,1,1,0,1,1,0,0
K,I,262,0.485294,0.881,deleterious,0.997,deleterious,3.38483,15.384,9.384415,0.0,23.52622897,12.92135419,1,1,1,1,0,1,1,0,0
R,I,262,0.39982,0.906,deleterious,1.0,deleterious,9.0406,18.685,13.8628,0.0,23.52622897,12.92135419,1,1,1,1,0,1,1,0,0
T,I,262,0.394406,0.821,deleterious,0.998,deleterious,3.26459,8.742,6.003295,0.0,23.52622897,12.92135419,1,1,1,1,0,1,1,0,0
L,I,262,-0.0169239,0.355,neutral,0.002,neutral,0.222136,0.804,0.513068,0.0,23.52622897,12.92135419,0,0,0,0,0,1,1,0,0
V,I,262,-0.0999659,0.347,neutral,0.003,neutral,1.27428,4.949,3.11164,0.0,23.52622897,12.92135419,0,0,1,1,0,1,1,0,0
S,R,261,0.537521,0.829,deleterious,1.0,deleterious,2.95637,3.165,3.060685,0.024193548,24.32654871,15.50496873,1,1,0,1,0,1,1,0,0
I,R,261,0.585568,0.88,deleterious,1.0,deleterious,1.09486,-2.235,-0.57007,0.024193548,24.32654871,15.50496873,1,0,0,0,0,1,1,0,0
K,R,261,0.538073,0.658,neutral,1.0,deleterious,1.3082,2.459,1.8836,0.024193548,24.32654871,15.50496873,1,0,0,0,0,1,1,0,0
T,R,261,0.58519,0.825,deleterious,1.0,deleterious,2.8211,2.771,2.79605,0.024193548,24.32654871,15.50496873,1,1,0,1,0,1,1,0,0
G,R,261,0.540576,0.861,deleterious,1.0,deleterious,3.98736,5.273,4.63018,0.024193548,24.32654871,15.50496873,1,1,1,1,0,1,1,0,0
I,T,260,-0.124611,0.478,neutral,0.247,neutral,-1.68591,-4.219,-2.952455,0.436619718,25.30614888,16.35361519,0,0,0,0,0,0,0,0,0
K,T,260,-0.184361,0.157,neutral,0.001,neutral,-1.28495,-1.162,-1.223475,0.436619718,25.30614888,16.35361519,0,0,0,0,0,0,0,0,0
R,T,260,-0.139177,0.405,neutral,0.266,neutral,-1.20066,-0.771,-0.98583,0.436619718,25.30614888,16.35361519,0,0,0,0,0,0,0,0,0
A,T,260,-0.30786,0.055,neutral,0.0,neutral,-0.688581,0.167,-0.2607905,0.436619718,25.30614888,16.35361519,0,0,0,0,0,0,0,0,0
P,T,260,-0.0456212,0.439,neutral,0.222,neutral,1.61461,16.551,9.082805,0.436619718,25.30614888,16.35361519,0,1,1,1,0,0,1,0,0
S,T,260,-0.249003,0.165,neutral,0.0,neutral,-0.490627,1.241,0.3751865,0.436619718,25.30614888,16.35361519,0,0,0,0,0,0,0,0,0
I,M,259,-0.2032923333333333,0.141,neutral,0.0,neutral,0.527023,-0.087,0.2200115,0.159574468,22.11619172,16.8886249,0,0,0,0,0,0,0,0,0
K,M,259,0.0221227,0.415,neutral,0.028,neutral,1.43151,5.643,3.537255,0.159574468,22.11619172,16.8886249,0,0,1,1,0,0,1,0,0
R,M,259,0.0410722,0.349,neutral,0.004,neutral,2.23639,5.811,4.023695,0.159574468,22.11619172,16.8886249,0,1,1,1,0,0,1,0,0
T,M,259,-0.112699,0.397,neutral,0.086,neutral,1.54055,9.266,5.403275,0.159574468,22.11619172,16.8886249,0,1,1,1,0,0,1,0,0
L,M,259,-0.1441025,0.137,neutral,0.0,neutral,-0.145419,-0.197,-0.1712095,0.159574468,22.11619172,16.8886249,0,0,0,0,0,0,0,0,0
V,M,259,-0.193862,0.14,neutral,0.0,neutral,1.62454,3.114,2.36927,0.159574468,22.11619172,16.8886249,0,1,0,0,0,0,0,0,0
E,A,258,0.167523,0.773,deleterious,0.991,deleterious,5.41234,6.868,6.14017,0.0,20.12911268,19.08836122,1,1,1,1,0,1,1,0,0
G,A,258,-0.205366,0.114,neutral,0.0,neutral,1.98472,3.429,2.70686,0.0,20.12911268,19.08836122,0,1,0,1,0,1,1,0,0
V,A,258,0.0823328,0.708,prob.delet.,0.901,deleterious,2.41574,1.988,2.20187,0.0,20.12911268,19.08836122,0,1,0,0,0,1,1,0,0
P,A,258,0.262133,0.827,deleterious,0.998,deleterious,3.59148,22.77,13.18074,0.0,20.12911268,19.08836122,1,1,1,1,0,1,1,0,0
S,A,258,-0.181275,0.152,neutral,0.032,neutral,1.18665,2.873,2.029825,0.0,20.12911268,19.08836122,0,0,0,0,0,1,1,0,0
T,A,258,-0.0127285,0.677,prob.neutral,0.963,deleterious,2.0985,3.759,2.92875,0.0,20.12911268,19.08836122,0,1,0,1,0,1,1,0,0
C,Y,257,0.506906,0.563,neutral,0.999,deleterious,2.60939,2.368,2.488695,0.117117117,22.17629103,20.8225831,1,1,0,1,0,1,1,0,0
F,Y,257,0.151939,0.156,neutral,0.008,neutral,0.464136,-0.834,-0.184932,0.117117117,22.17629103,20.8225831,1,0,0,0,0,1,1,0,0
S,Y,257,0.459012,0.5,neutral,0.814,deleterious,1.17346,3.917,2.54523,0.117117117,22.17629103,20.8225831,1,0,0,1,0,1,1,0,0
D,Y,257,0.47715,0.508,neutral,0.914,deleterious,4.18045,0.213,2.196725,0.117117117,22.17629103,20.8225831,1,1,0,0,0,1,1,0,0
H,Y,257,0.401137,0.463,neutral,0.978,deleterious,3.08003,-2.162,0.459015,0.117117117,22.17629103,20.8225831,1,1,0,0,0,1,1,0,0
N,Y,257,0.414566,0.28,neutral,0.009,neutral,2.79271,0.303,1.547855,0.117117117,22.17629103,20.8225831,1,1,0,0,0,1,1,0,0
N,K,256,-0.184471,0.395,neutral,0.333,neutral,0.999761,1.641,1.3203805,0.448780488,22.04059786,21.14988579,0,0,0,0,0,0,0,0,0
I,K,256,0.04239,0.323,neutral,0.001,neutral,2.37474,-1.529,0.42287,0.448780488,22.04059786,21.14988579,0,1,0,0,0,0,0,0,0
R,K,256,-0.0810015,0.184,neutral,0.001,neutral,-0.097925,-3.604,-1.8509625,0.448780488,22.04059786,21.14988579,0,0,0,0,0,0,0,0,0
T,K,256,-0.00786243,0.253,neutral,0.001,neutral,2.04372,2.727,2.38536,0.448780488,22.04059786,21.14988579,0,1,0,0,0,0,0,0,0
E,K,256,-0.0398345,0.131,neutral,0.0,neutral,0.993845,0.507,0.7504225,0.448780488,22.04059786,21.14988579,0,0,0,0,0,0,0,0,0
Q,K,256,-0.125192,0.225,neutral,0.002,neutral,0.23661,1.268,0.752305,0.448780488,22.04059786,21.14988579,0,0,0,0,0,0,0,0,0
A,V,255,0.260086,0.619,neutral,0.284,neutral,2.58,5.63,4.105,0.0,18.2734666,20.18430808,1,1,1,1,0,1,1,0,0
E,V,255,0.514099,0.842,deleterious,0.994,deleterious,4.3647,5.691,5.02785,0.0,18.2734666,20.18430808,1,1,1,1,0,1,1,0,0
G,V,255,0.540748,0.847,deleterious,0.978,deleterious,4.3689,12.273,8.32095,0.0,18.2734666,20.18430808,1,1,1,1,0,1,1,0,0
I,V,255,-0.153804,0.243,neutral,0.0,neutral,-1.05333,-2.493,-1.773165,0.0,18.2734666,20.18430808,0,0,0,0,0,1,1,0,0
L,V,255,-0.0534769,0.244,neutral,0.0,neutral,-0.0446483,-1.727,-0.88582415,0.0,18.2734666,20.18430808,0,0,0,0,0,1,1,0,0
H,Q,254,0.5443629999999999,0.79,deleterious,1.0,deleterious,1.69071,0.473,1.081855,0.005050505,18.55078757,17.87900608,1,1,0,0,0,1,1,0,0
L,Q,254,0.549301,0.814,deleterious,1.0,deleterious,-2.49317,-3.006,-2.749585,0.005050505,18.55078757,17.87900608,1,0,0,0,0,1,1,0,0
P,Q,254,0.579373,0.84,deleterious,1.0,deleterious,2.96104,22.213,12.58702,0.005050505,18.55078757,17.87900608,1,1,1,1,0,1,1,0,0
R,Q,254,0.585726,0.845,deleterious,1.0,deleterious,1.6325,3.097,2.36475,0.005050505,18.55078757,17.87900608,1,1,0,0,0,1,1,0,0
E,Q,254,0.541653,0.719,prob.delet.,1.0,deleterious,2.90354,2.747,2.82527,0.005050505,18.55078757,17.87900608,1,1,0,1,0,1,1,0,0
K,Q,254,0.599034,0.763,deleterious,1.0,deleterious,-0.2724,7.947,3.8373,0.005050505,18.55078757,17.87900608,1,0,1,1,0,1,1,0,0
H,Q,253,0.3904525,0.471,neutral,0.998,deleterious,2.36942,-1.385,0.49221,0.222222222,19.26828232,16.34282744,1,1,0,0,0,0,0,0,0
L,Q,253,0.487495,0.533,neutral,0.904,deleterious,-1.29907,-2.89,-2.094535,0.222222222,19.26828232,16.34282744,1,0,0,0,0,0,0,0,0
P,Q,253,0.539,0.55,neutral,0.99,deleterious,2.82004,17.368,10.09402,0.222222222,19.26828232,16.34282744,1,1,1,1,0,0,1,0,0
R,Q,253,0.464711,0.336,neutral,0.082,neutral,0.0364519,0.37,0.20322595,0.222222222,19.26828232,16.34282744,1,0,0,0,0,0,0,0,0
E,Q,253,0.353628,0.488,neutral,0.908,deleterious,0.35083,1.07,0.710415,0.222222222,19.26828232,16.34282744,1,0,0,0,0,0,0,0,0
K,Q,253,0.456954,0.341,neutral,0.121,neutral,-0.250393,0.974,0.3618035,0.222222222,19.26828232,16.34282744,1,0,0,0,0,0,0,0,0
A,V,252,0.395647,0.134,neutral,0.018,neutral,1.10259,3.31,2.206295,0.049295775,19.59562781,15.72431468,1,0,0,0,0,1,1,0,0
D,V,252,0.554865,0.785,deleterious,0.946,deleterious,4.69778,11.104,7.90089,0.049295775,19.59562781,15.72431468,1,1,1,1,0,1,1,0,0
G,V,252,0.521008,0.746,deleterious,0.96,deleterious,2.28039,7.8,5.040195,0.049295775,19.59562781,15.72431468,1,1,1,1,0,1,1,0,0
F,V,252,0.551938,0.75,deleterious,0.995,deleterious,6.9578,6.625,6.7914,0.049295775,19.59562781,15.72431468,1,1,1,1,0,1,1,0,0
I,V,252,0.17334,0.523,neutral,0.689,deleterious,0.891658,5.694,3.292829,0.049295775,19.59562781,15.72431468,1,0,1,1,0,1,1,0,0
L,V,252,0.395569,0.498,neutral,0.314,neutral,1.05119,0.544,0.797595,0.049295775,19.59562781,15.72431468,1,0,0,0,0,1,1,0,0
C,Y,251,0.589572,0.804,deleterious,1.0,deleterious,3.86783,5.628,4.747915,0.013513514,16.25472341,14.10493349,1,1,1,1,0,1,1,0,0
F,Y,251,0.293128,0.682,prob.neutral,1.0,deleterious,0.519266,-2.188,-0.834367,0.013513514,16.25472341,14.10493349,1,0,0,0,0,1,1,0,0
S,Y,251,0.589577,0.846,deleterious,1.0,deleterious,4.31404,9.228,6.77102,0.013513514,16.25472341,14.10493349,1,1,1,1,0,1,1,0,0
D,Y,251,0.601687,0.859,deleterious,1.0,deleterious,6.95873,4.628,5.793365,0.013513514,16.25472341,14.10493349,1,1,0,1,0,1,1,0,0
H,Y,251,0.600654,0.842,deleterious,1.0,deleterious,3.79754,5.039,4.41827,0.013513514,16.25472341,14.10493349,1,1,1,1,0,1,1,0,0
N,Y,251,0.547522,0.863,deleterious,1.0,deleterious,4.9078,1.213,3.0604,0.013513514,16.25472341,14.10493349,1,1,0,1,0,1,1,0,0
A,G,250,-0.103247,0.66,neutral,0.784,deleterious,-0.438674,-9.577,-5.007837,0.035714286,14.61447065,11.57252454,0,0,0,0,0,1,1,0,0
D,G,250,0.338812,0.845,deleterious,1.0,deleterious,6.57472,-2.662,1.95636,0.035714286,14.61447065,11.57252454,1,1,0,0,0,1,1,0,0
V,G,250,0.316802,0.855,deleterious,1.0,deleterious,3.07882,-9.679,-3.30009,0.035714286,14.61447065,11.57252454,1,1,0,0,0,1,1,0,0
C,G,250,0.351285,0.82,deleterious,1.0,deleterious,1.10425,-7.939,-3.417375,0.035714286,14.61447065,11.57252454,1,0,0,0,0,1,1,0,0
R,G,250,0.412158,0.853,deleterious,1.0,deleterious,3.04385,-3.672,-0.314075,0.035714286,14.61447065,11.57252454,1,1,0,0,0,1,1,0,0
S,G,250,0.239345,0.864,deleterious,0.997,deleterious,0.00874789,-4.316,-2.153626055,0.035714286,14.61447065,11.57252454,1,0,0,0,0,1,1,0,0
R,S,249,0.4324,0.795,deleterious,1.0,deleterious,-0.313201,1.062,0.3743995,0.184615385,16.99821677,11.07037116,1,0,0,0,0,0,0,0,0
I,S,249,0.548789,0.758,deleterious,1.0,deleterious,2.55384,-0.866,0.84392,0.184615385,16.99821677,11.07037116,1,1,0,0,0,0,0,0,0
N,S,249,0.112025,0.782,deleterious,0.978,deleterious,0.967779,-1.525,-0.2786105,0.184615385,16.99821677,11.07037116,0,0,0,0,0,0,0,0,0
T,S,249,0.179602,0.756,deleterious,0.989,deleterious,2.48378,-0.795,0.84439,0.184615385,16.99821677,11.07037116,1,1,0,0,0,0,0,0,0
C,S,249,0.313328,0.741,deleterious,1.0,deleterious,1.53439,3.114,2.324195,0.184615385,16.99821677,11.07037116,1,1,0,0,0,0,0,0,0
G,S,249,-0.0366986,0.433,neutral,0.207,neutral,1.8059,1.272,1.53895,0.184615385,16.99821677,11.07037116,0,1,0,0,0,0,0,0,0
R,S,249,0.445462,0.795,deleterious,1.0,deleterious,-0.313201,1.062,0.3743995,0.184615385,16.99821677,11.07037116,1,0,0,0,0,0,0,0,0
L,F,248,0.383004,0.786,deleterious,1.0,deleterious,1.66171,5.174,3.417855,0.0,15.72104339,10.42655569,1,1,1,1,0,1,1,0,0
C,F,248,0.601687,0.854,deleterious,1.0,deleterious,4.05095,11.061,7.555975,0.0,15.72104339,10.42655569,1,1,1,1,0,1,1,0,0
S,F,248,0.601687,0.88,deleterious,1.0,deleterious,4.86492,12.941,8.90296,0.0,15.72104339,10.42655569,1,1,1,1,0,1,1,0,0
Y,F,248,0.444425,0.731,prob.delet.,1.0,deleterious,0.750164,0.853,0.801582,0.0,15.72104339,10.42655569,1,0,0,0,0,1,1,0,0
I,F,248,0.557072,0.833,deleterious,1.0,deleterious,2.10187,7.899,5.000435,0.0,15.72104339,10.42655569,1,1,1,1,0,1,1,0,0
L,F,248,0.479506,0.786,deleterious,1.0,deleterious,1.66171,5.174,3.417855,0.0,15.72104339,10.42655569,1,1,1,1,0,1,1,0,0
V,F,248,0.596151,0.839,deleterious,1.0,deleterious,2.94445,7.137,5.040725,0.0,15.72104339,10.42655569,1,1,1,1,0,1,1,0,0
D,E,247,0.346554,0.851,deleterious,1.0,deleterious,2.34996,4.483,3.41648,0.025773196,12.43106088,7.150970096,1,1,0,1,1,1,1,0,0
A,E,247,0.539992,0.843,deleterious,1.0,deleterious,-1.6422,-2.699,-2.1706,0.025773196,12.43106088,7.150970096,1,0,0,0,1,1,1,0,0
G,E,247,0.555693,0.889,deleterious,1.0,deleterious,-0.251337,-0.776,-0.5136685,0.025773196,12.43106088,7.150970096,1,0,0,0,1,1,1,0,0
V,E,247,0.515839,0.843,deleterious,0.999,deleterious,-1.11407,-6.496,-3.805035,0.025773196,12.43106088,7.150970096,1,0,0,0,1,1,1,0,0
K,E,247,0.540478,0.884,deleterious,1.0,deleterious,-1.24921,2.085,0.417895,0.025773196,12.43106088,7.150970096,1,0,0,0,1,1,1,0,0
Q,E,247,0.346776,0.869,deleterious,1.0,deleterious,-3.47689,0.953,-1.261945,0.025773196,12.43106088,7.150970096,1,0,0,0,1,1,1,0,0
H,Q,246,0.561884,0.823,deleterious,1.0,deleterious,0.588533,1.042,0.8152665,0.222222222,14.80815494,6.368806412,1,0,0,0,0,0,0,0,0
L,Q,246,0.601188,0.858,deleterious,1.0,deleterious,-0.829318,3.082,1.126341,0.222222222,14.80815494,6.368806412,1,0,0,0,0,0,0,0,0
P,Q,246,0.593362,0.851,deleterious,1.0,deleterious,2.67691,16.85,9.763455,0.222222222,14.80815494,6.368806412,1,1,1,1,0,0,1,0,0
R,Q,246,0.595839,0.869,deleterious,1.0,deleterious,0.583136,3.105,1.844068,0.222222222,14.80815494,6.368806412,1,0,0,0,0,0,0,0,0
E,Q,246,0.550254,0.753,deleterious,1.0,deleterious,0.163203,3.417,1.7901015,0.222222222,14.80815494,6.368806412,1,0,0,0,0,0,0,0,0
K,Q,246,0.597845,0.831,deleterious,1.0,deleterious,0.356685,4.671,2.5138425,0.222222222,14.80815494,6.368806412,1,0,0,1,0,0,1,0,0
A,G,245,0.558516,0.805,deleterious,1.0,deleterious,2.50078,3.641,3.07089,0.035714286,17.20844948,8.185844301,1,1,0,1,0,1,1,0,0
E,G,245,0.567214,0.779,deleterious,0.993,deleterious,5.2099,8.395,6.80245,0.035714286,17.20844948,8.185844301,1,1,1,1,0,1,1,0,0
V,G,245,0.602071,0.86,deleterious,1.0,deleterious,8.77367,12.627,10.700335,0.035714286,17.20844948,8.185844301,1,1,1,1,0,1,1,0,0
R,G,245,0.602069,0.867,deleterious,1.0,deleterious,5.56696,8.826,7.19648,0.035714286,17.20844948,8.185844301,1,1,1,1,0,1,1,0,0
W,G,245,0.602071,0.842,deleterious,1.0,deleterious,8.41758,11.4,9.90879,0.035714286,17.20844948,8.185844301,1,1,1,1,0,1,1,0,0
H,L,244,0.615149,0.913,deleterious,1.0,deleterious,1.82423,8.004,4.914115,0.0,14.85088765,6.64458374,1,1,1,1,0,1,1,0,0
P,L,244,0.615149,0.929,deleterious,1.0,deleterious,5.10198,24.502,14.80199,0.0,14.85088765,6.64458374,1,1,1,1,0,1,1,0,0
R,L,244,0.614768,0.939,deleterious,1.0,deleterious,2.06206,14.837,8.44953,0.0,14.85088765,6.64458374,1,1,1,1,0,1,1,0,0
F,L,244,0.544469,0.825,deleterious,1.0,deleterious,1.10024,6.973,4.03662,0.0,14.85088765,6.64458374,1,0,1,1,0,1,1,0,0
I,L,244,0.459613,0.795,deleterious,1.0,deleterious,0.142026,2.766,1.454013,0.0,14.85088765,6.64458374,1,0,0,0,0,1,1,0,0
V,L,244,0.503291,0.828,deleterious,1.0,deleterious,1.37397,4.678,3.025985,0.0,14.85088765,6.64458374,1,0,0,1,0,1,1,0,0
I,T,243,0.409096,0.881,deleterious,0.999,deleterious,2.60996,4.951,3.78048,0.063380282,14.59092727,3.793423869,1,1,1,1,0,1,1,0,1
N,T,243,0.216924,0.881,deleterious,0.991,deleterious,1.77613,5.255,3.515565,0.063380282,14.59092727,3.793423869,1,1,1,1,0,1,1,0,1
S,T,243,0.0401927,0.522,neutral,0.244,neutral,0.716769,1.535,1.1258845,0.063380282,14.59092727,3.793423869,0,0,0,0,0,1,1,0,1
A,T,243,0.29718,0.796,deleterious,0.839,deleterious,1.14205,2.675,1.908525,0.063380282,14.59092727,3.793423869,1,0,0,0,0,1,1,0,1
P,T,243,0.389313,0.885,deleterious,0.996,deleterious,-0.892288,13.207,6.157356,0.063380282,14.59092727,3.793423869,1,0,1,1,0,1,1,0,1
S,T,243,-0.00567473,0.522,neutral,0.244,neutral,0.716769,1.535,1.1258845,0.063380282,14.59092727,3.793423869,0,0,0,0,0,1,1,0,1
H,L,242,0.612623,0.772,deleterious,1.0,deleterious,6.71748,2.523,4.62024,0.0,11.77836598,0.0,1,1,0,1,1,1,1,0,1
P,L,242,0.613491,0.799,deleterious,1.0,deleterious,2.79802,15.237,9.01751,0.0,11.77836598,0.0,1,1,1,1,1,1,1,0,1
R,L,242,0.611052,0.772,deleterious,1.0,deleterious,3.79261,11.553,7.672805,0.0,11.77836598,0.0,1,1,1,1,1,1,1,0,1
F,L,242,0.565446,0.773,deleterious,0.999,deleterious,6.8889,2.825,4.85695,0.0,11.77836598,0.0,1,1,0,1,1,1,1,0,1
I,L,242,0.248838,0.524,neutral,0.885,deleterious,2.38605,-0.748,0.819025,0.0,11.77836598,0.0,1,1,0,0,1,1,1,0,1
V,L,242,0.33366,0.725,prob.delet.,0.986,deleterious,2.32863,-3.423,-0.547185,0.0,11.77836598,0.0,1,1,0,0,1,1,1,0,1
L,P,241,0.614491,0.943,deleterious,1.0,deleterious,2.67892,4.064,3.37146,0.0,10.97054776,3.776904416,1,1,0,1,1,1,1,0,1
Q,P,241,0.599338,0.92,deleterious,1.0,deleterious,3.31661,4.953,4.134805,0.0,10.97054776,3.776904416,1,1,1,1,1,1,1,0,1
R,P,241,0.614491,0.951,deleterious,1.0,deleterious,5.95747,12.841,9.399235,0.0,10.97054776,3.776904416,1,1,1,1,1,1,1,0,1
A,P,241,0.59287,0.931,deleterious,1.0,deleterious,3.15323,0.765,1.959115,0.0,10.97054776,3.776904416,1,1,0,0,1,1,1,0,1
S,P,241,0.61469,0.93,deleterious,1.0,deleterious,4.02397,5.384,4.703985,0.0,10.97054776,3.776904416,1,1,1,1,1,1,1,0,1
T,P,241,0.526917,0.927,deleterious,1.0,deleterious,3.65673,0.978,2.317365,0.0,10.97054776,3.776904416,1,1,0,0,1,1,1,0,1
A,V,240,0.527003,0.699,prob.neutral,0.938,deleterious,0.67426,0.266,0.47013,0.147887324,9.101021617,5.457407267,1,0,0,0,1,1,1,0,1
D,V,240,0.607201,0.782,deleterious,1.0,deleterious,1.30789,0.818,1.062945,0.147887324,9.101021617,5.457407267,1,0,0,0,1,1,1,0,1
G,V,240,0.602647,0.533,neutral,0.424,neutral,1.29941,5.628,3.463705,0.147887324,9.101021617,5.457407267,1,0,1,1,1,1,1,0,1
F,V,240,0.587796,0.715,prob.delet.,0.995,deleterious,-0.343658,-4.666,-2.504829,0.147887324,9.101021617,5.457407267,1,0,0,0,1,1,1,0,1
I,V,240,0.230389,0.697,prob.neutral,0.859,deleterious,-0.898882,-1.359,-1.128941,0.147887324,9.101021617,5.457407267,1,0,0,0,1,1,1,0,1
L,V,240,0.485448,0.416,neutral,0.033,neutral,-1.1188,-2.623,-1.8709,0.147887324,9.101021617,5.457407267,1,0,0,0,1,1,1,0,1
D,A,239,0.613519,0.954,deleterious,1.0,deleterious,-1.37619,-3.705,-2.540595,0.018867925,6.173130549,4.660944495,1,0,0,0,1,1,1,0,1
G,A,239,0.611968,0.91,deleterious,1.0,deleterious,-0.09158,2.378,1.14321,0.018867925,6.173130549,4.660944495,1,0,0,0,1,1,1,0,1
V,A,239,0.61355,0.953,deleterious,1.0,deleterious,2.83741,0.005,1.421205,0.018867925,6.173130549,4.660944495,1,1,0,0,1,1,1,0,1
P,A,239,0.601094,0.934,deleterious,1.0,deleterious,9.63715,26.604,18.120575,0.018867925,6.173130549,4.660944495,1,1,1,1,1,1,1,0,1
S,A,239,0.581972,0.913,deleterious,1.0,deleterious,-0.553506,-1.019,-0.786253,0.018867925,6.173130549,4.660944495,1,0,0,0,1,1,1,0,1
T,A,239,0.599025,0.957,deleterious,1.0,deleterious,1.99908,-2.787,-0.39396,0.018867925,6.173130549,4.660944495,1,1,0,0,1,1,1,0,1
E,D,238,0.4569735,0.752,deleterious,1.0,deleterious,-0.741011,4.814,2.0364945,0.006134969,6.782987635,6.020052514,1,0,1,0,1,1,1,0,0
A,D,238,0.604224,0.805,deleterious,1.0,deleterious,0.95922,2.982,1.97061,0.006134969,6.782987635,6.020052514,1,0,0,0,1,1,1,0,0
G,D,238,0.604175,0.843,deleterious,1.0,deleterious,2.37733,8.72,5.548665,0.006134969,6.782987635,6.020052514,1,1,1,1,1,1,1,0,0
V,D,238,0.604222,0.771,deleterious,1.0,deleterious,0.584059,5.209,2.8965295,0.006134969,6.782987635,6.020052514,1,0,1,1,1,1,1,0,0
H,D,238,0.602026,0.762,deleterious,1.0,deleterious,8.72198,10.099,9.41049,0.006134969,6.782987635,6.020052514,1,1,1,1,1,1,1,0,0
N,D,238,0.168383,0.85,deleterious,1.0,deleterious,1.87964,4.406,3.14282,0.006134969,6.782987635,6.020052514,1,1,0,1,1,1,1,0,0
Y,D,238,0.602071,0.757,deleterious,1.0,deleterious,5.18234,15.417,10.29967,0.006134969,6.782987635,6.020052514,1,1,1,1,1,1,1,0,0
H,Q,237,0.5437455,0.703,prob.neutral,1.0,deleterious,9.4659,13.438,11.45195,0.015151515,5.313355956,8.186327516,1,1,1,1,1,1,1,1,0
L,Q,237,0.581038,0.734,prob.delet.,0.925,deleterious,-0.150114,1.841,0.845443,0.015151515,5.313355956,8.186327516,1,0,0,0,1,1,1,1,0
P,Q,237,0.592278,0.766,deleterious,0.999,deleterious,2.86084,17.857,10.35892,0.015151515,5.313355956,8.186327516,1,1,1,1,1,1,1,1,0
R,Q,237,0.589902,0.716,prob.delet.,0.997,deleterious,-0.15369,5.105,2.475655,0.015151515,5.313355956,8.186327516,1,0,1,1,1,1,1,1,0
E,Q,237,0.588207,0.645,neutral,0.993,deleterious,2.03047,7.59,4.810235,0.015151515,5.313355956,8.186327516,1,1,1,1,1,1,1,1,0
K,Q,237,0.598538,0.727,prob.delet.,0.993,deleterious,-0.480827,8.186,3.8525865,0.015151515,5.313355956,8.186327516,1,0,1,1,1,1,1,1,0
I,T,236,0.529233,0.654,neutral,0.998,deleterious,0.665633,1.671,1.1683165,0.007042254,3.863216307,8.709844507,1,0,0,0,1,1,1,1,0
N,T,236,0.169718,0.569,neutral,0.994,deleterious,0.767867,-3.879,-1.5555665,0.007042254,3.863216307,8.709844507,1,0,0,0,1,1,1,1,0
S,T,236,0.448178,0.644,neutral,0.778,deleterious,2.39809,0.661,1.529545,0.007042254,3.863216307,8.709844507,1,1,0,0,1,1,1,1,0
A,T,236,0.430407,0.37,neutral,0.115,neutral,1.21041,-0.303,0.453705,0.007042254,3.863216307,8.709844507,1,0,0,0,1,1,1,1,0
P,T,236,0.552999,0.589,neutral,0.994,deleterious,4.23873,17.28,10.759365,0.007042254,3.863216307,8.709844507,1,1,1,1,1,1,1,1,0
S,T,236,0.437234,0.644,neutral,0.778,deleterious,2.39809,0.661,1.529545,0.007042254,3.863216307,8.709844507,1,1,0,0,1,1,1,1,0
Q,H,235,0.4573395,0.847,deleterious,1.0,deleterious,2.57951,4.174,3.376755,0.032608696,0.0,10.11961948,1,1,0,1,1,1,1,1,0
L,H,235,0.602349,0.799,deleterious,1.0,deleterious,1.14619,6.884,4.015095,0.032608696,0.0,10.11961948,1,0,1,1,1,1,1,1,0
P,H,235,0.602352,0.797,deleterious,1.0,deleterious,3.09569,12.848,7.971845,0.032608696,0.0,10.11961948,1,1,1,1,1,1,1,1,0
R,H,235,0.602347,0.835,deleterious,1.0,deleterious,1.57496,5.12,3.34748,0.032608696,0.0,10.11961948,1,1,1,1,1,1,1,1,0
D,H,235,0.61305,0.827,deleterious,1.0,deleterious,5.05367,8.591,6.822335,0.032608696,0.0,10.11961948,1,1,1,1,1,1,1,1,0
N,H,235,0.340733,0.636,neutral,0.964,deleterious,0.537676,1.915,1.226338,0.032608696,0.0,10.11961948,1,0,0,0,1,1,1,1,0
Y,H,235,0.612573,0.841,deleterious,1.0,deleterious,0.507089,-0.114,0.1965445,0.032608696,0.0,10.11961948,1,0,0,0,1,1,1,1,0
I,T,234,0.610135,0.913,deleterious,1.0,deleterious,-1.89483,-0.06,-0.977415,0.028169014,0.0,6.734855574,1,0,0,0,1,1,1,1,0
N,T,234,0.327993,0.929,deleterious,1.0,deleterious,2.08094,2.847,2.46397,0.028169014,0.0,6.734855574,1,1,0,1,1,1,1,1,0
S,T,234,0.575613,0.818,deleterious,0.91,deleterious,0.947815,3.518,2.2329075,0.028169014,0.0,6.734855574,1,0,0,0,1,1,1,1,0
A,T,234,0.583923,0.735,prob.delet.,0.949,deleterious,0.467037,3.794,2.1305185,0.028169014,0.0,6.734855574,1,0,0,0,1,1,1,1,0
P,T,234,0.598283,0.913,deleterious,0.999,deleterious,3.49295,5.149,4.320975,0.028169014,0.0,6.734855574,1,1,1,1,1,1,1,1,0
S,T,234,0.564777,0.818,deleterious,0.91,deleterious,0.947815,3.518,2.2329075,0.028169014,0.0,6.734855574,1,0,0,0,1,1,1,1,0
H,R,233,0.598774,0.957,deleterious,1.0,deleterious,2.97176,5.872,4.42188,0.016129032,3.794074508,3.793693766,1,1,1,1,1,1,1,1,1
L,R,233,0.599658,0.953,deleterious,1.0,deleterious,2.47207,-0.128,1.172035,0.016129032,3.794074508,3.793693766,1,1,0,0,1,1,1,1,1
P,R,233,0.599658,0.955,deleterious,1.0,deleterious,7.05859,20.947,14.002795,0.016129032,3.794074508,3.793693766,1,1,1,1,1,1,1,1,1
C,R,233,0.612601,0.929,deleterious,1.0,deleterious,4.51224,7.264,5.88812,0.016129032,3.794074508,3.793693766,1,1,1,1,1,1,1,1,1
G,R,233,0.612573,0.953,deleterious,1.0,deleterious,6.64775,16.463,11.555375,0.016129032,3.794074508,3.793693766,1,1,1,1,1,1,1,1,1
S,R,233,0.612192,0.945,deleterious,1.0,deleterious,5.3014,9.516,7.4087,0.016129032,3.794074508,3.793693766,1,1,1,1,1,1,1,1,1
A,G,232,0.534437,0.835,deleterious,1.0,deleterious,1.42962,-1.61,-0.09019,0.0,6.734855574,0.0,1,0,0,0,1,1,1,0,1
E,G,232,0.600321,0.865,deleterious,1.0,deleterious,18.4983,20.0,19.24915,0.0,6.734855574,0.0,1,1,1,1,1,1,1,0,1
V,G,232,0.600328,0.883,deleterious,1.0,deleterious,12.4428,11.939,12.1909,0.0,6.734855574,0.0,1,1,1,1,1,1,1,0,1
R,G,232,0.6010295,0.857,deleterious,1.0,deleterious,24.1637,23.56,23.86185,0.0,6.734855574,0.0,1,1,1,1,1,1,1,0,1
M,I,231,0.22412,0.881,deleterious,0.999,deleterious,0.0534392,4.353,2.2032196,0.023668639,9.998371515,3.786506065,1,0,0,0,1,1,1,0,1
N,I,231,0.453184,0.943,deleterious,1.0,deleterious,1.95965,5.454,3.706825,0.023668639,9.998371515,3.786506065,1,1,1,1,1,1,1,0,1
S,I,231,0.427536,0.919,deleterious,1.0,deleterious,3.06682,5.494,4.28041,0.023668639,9.998371515,3.786506065,1,1,1,1,1,1,1,0,1
T,I,231,0.511913,0.603,neutral,1.0,deleterious,1.90607,2.643,2.274535,0.023668639,9.998371515,3.786506065,1,1,0,0,1,1,1,0,1
F,I,231,0.460048,0.891,deleterious,1.0,deleterious,8.1169,4.777,6.44695,0.023668639,9.998371515,3.786506065,1,1,1,1,1,1,1,0,1
L,I,231,0.17849,0.727,prob.delet.,0.897,deleterious,0.463935,3.748,2.1059675,0.023668639,9.998371515,3.786506065,1,0,0,0,1,1,1,0,1
V,I,231,0.0670301,0.223,neutral,0.426,neutral,1.15566,-0.974,0.09083,0.023668639,9.998371515,3.786506065,0,0,0,0,1,1,1,0,1
N,K,230,0.163779,0.951,deleterious,1.0,deleterious,2.6564,1.33,1.9932,0.014634146,13.0577416,5.774783626,1,1,0,0,1,1,1,0,1
M,K,230,0.536797,0.945,deleterious,1.0,deleterious,0.486268,-5.003,-2.258366,0.014634146,13.0577416,5.774783626,1,0,0,0,1,1,1,0,1
R,K,230,0.600152,0.969,deleterious,1.0,deleterious,-0.204952,0.81,0.302524,0.014634146,13.0577416,5.774783626,1,0,0,0,1,1,1,0,1
T,K,230,0.564776,0.958,deleterious,1.0,deleterious,0.850919,-0.76,0.0454595,0.014634146,13.0577416,5.774783626,1,0,0,0,1,1,1,0,1
E,K,230,0.603831,0.955,deleterious,1.0,deleterious,5.06703,6.075,5.571015,0.014634146,13.0577416,5.774783626,1,1,1,1,1,1,1,0,1
Q,K,230,0.497348,0.96,deleterious,1.0,deleterious,2.06077,1.143,1.601885,0.014634146,13.0577416,5.774783626,1,1,0,0,1,1,1,0,1
M,I,229,0.302662,0.82,deleterious,0.996,deleterious,0.643371,3.818,2.2306855,0.165680473,15.89133294,5.631975472,1,0,0,0,0,0,1,0,1
N,I,229,0.413392,0.871,deleterious,1.0,deleterious,3.30065,7.286,5.293325,0.165680473,15.89133294,5.631975472,1,1,1,1,0,0,1,0,1
S,I,229,0.610975,0.872,deleterious,1.0,deleterious,3.82467,8.452,6.138335,0.165680473,15.89133294,5.631975472,1,1,1,1,0,0,1,0,1
T,I,229,0.552254,0.911,deleterious,0.997,deleterious,2.50638,6.695,4.60069,0.165680473,15.89133294,5.631975472,1,1,1,1,0,0,1,0,1
F,I,229,0.402364,0.814,deleterious,0.999,deleterious,1.39694,8.759,5.07797,0.165680473,15.89133294,5.631975472,1,0,1,1,0,0,1,0,1
L,I,229,0.156248,0.693,prob.neutral,0.639,deleterious,-0.00791107,8.105,4.048544465,0.165680473,15.89133294,5.631975472,1,0,1,1,0,0,1,0,1
V,I,229,-0.0306086,0.32,neutral,0.034,neutral,0.895411,2.481,1.6882055,0.165680473,15.89133294,5.631975472,0,0,0,0,0,0,1,0,1
M,I,228,0.161222,0.847,deleterious,0.999,deleterious,0.352686,6.369,3.360843,0.195266272,18.63161487,8.392588288,1,0,1,1,0,0,1,0,0
N,I,228,0.363735,0.859,deleterious,1.0,deleterious,2.61198,9.615,6.11349,0.195266272,18.63161487,8.392588288,1,1,1,1,0,0,1,0,0
S,I,228,0.523842,0.877,deleterious,1.0,deleterious,3.51561,10.949,7.232305,0.195266272,18.63161487,8.392588288,1,1,1,1,0,0,1,0,0
T,I,228,0.336032,0.857,deleterious,1.0,deleterious,1.89177,7.47,4.680885,0.195266272,18.63161487,8.392588288,1,1,1,1,0,0,1,0,0
F,I,228,0.231857,0.874,deleterious,1.0,deleterious,1.14278,5.859,3.50089,0.195266272,18.63161487,8.392588288,1,0,1,1,0,0,1,0,0
L,I,228,0.0365758,0.456,neutral,0.134,neutral,0.756602,1.433,1.094801,0.195266272,18.63161487,8.392588288,0,0,0,0,0,0,0,0,0
V,I,228,-0.100545,0.369,neutral,0.467,neutral,0.908115,2.555,1.7315575,0.195266272,18.63161487,8.392588288,0,0,0,0,0,0,0,0,0
H,Q,227,-0.2079095,0.171,neutral,0.0,neutral,0.185899,-2.32,-1.0670505,0.868686869,20.8584127,9.555216619,0,0,0,0,0,0,0,0,0
L,Q,227,0.0722679,0.292,neutral,0.017,neutral,-0.146583,-1.283,-0.7147915,0.868686869,20.8584127,9.555216619,0,0,0,0,0,0,0,0,0
P,Q,227,0.0972083,0.385,neutral,0.026,neutral,0.500641,3.608,2.0543205,0.868686869,20.8584127,9.555216619,0,0,0,0,0,0,0,0,0
R,Q,227,-0.061917,0.323,neutral,0.006,neutral,-0.273453,-1.082,-0.6777265,0.868686869,20.8584127,9.555216619,0,0,0,0,0,0,0,0,0
E,Q,227,-0.153793,0.205,neutral,0.002,neutral,0.126656,-1.331,-0.602172,0.868686869,20.8584127,9.555216619,0,0,0,0,0,0,0,0,0
K,Q,227,-0.15964,0.149,neutral,0.0,neutral,-0.0150471,-2.2,-1.10752355,0.868686869,20.8584127,9.555216619,0,0,0,0,0,0,0,0,0
E,A,226,-0.135259,0.117,neutral,0.0,neutral,0.374249,1.83,1.1021245,0.29245283,20.30037082,9.65346605,0,0,0,0,0,0,0,0,0
G,A,226,-0.151615,0.203,neutral,0.009,neutral,0.742473,2.907,1.8247365,0.29245283,20.30037082,9.65346605,0,0,0,0,0,0,0,0,0
V,A,226,-0.0893307,0.235,neutral,0.119,neutral,0.311506,1.705,1.008253,0.29245283,20.30037082,9.65346605,0,0,0,0,0,0,0,0,0
P,A,226,0.0758214,0.395,neutral,0.487,neutral,3.0372,15.07,9.0536,0.29245283,20.30037082,9.65346605,0,1,1,1,0,0,1,0,0
S,A,226,-0.195503,0.088,neutral,0.0,neutral,0.129048,0.926,0.527524,0.29245283,20.30037082,9.65346605,0,0,0,0,0,0,0,0,0
T,A,226,-0.0874901,0.213,neutral,0.06,neutral,0.83136,1.381,1.10618,0.29245283,20.30037082,9.65346605,0,0,0,0,0,0,0,0,0
L,F,225,0.4658105,0.687,prob.neutral,0.987,deleterious,0.898388,2.068,1.483194,0.025380711,20.33309817,10.93158728,1,0,0,0,0,1,1,0,0
C,F,225,0.611504,0.81,deleterious,1.0,deleterious,4.08342,11.608,7.84571,0.025380711,20.33309817,10.93158728,1,1,1,1,0,1,1,0,0
S,F,225,0.612371,0.818,deleterious,1.0,deleterious,4.96883,11.621,8.294915,0.025380711,20.33309817,10.93158728,1,1,1,1,0,1,1,0,0
Y,F,225,0.25574,0.343,neutral,0.195,neutral,2.12547,0.441,1.283235,0.025380711,20.33309817,10.93158728,1,1,0,0,0,1,1,0,0
I,F,225,0.489477,0.718,prob.delet.,0.996,deleterious,4.33296,15.528,9.93048,0.025380711,20.33309817,10.93158728,1,1,1,1,0,1,1,0,0
L,F,225,0.52217,0.687,prob.neutral,0.987,deleterious,0.898388,2.068,1.483194,0.025380711,20.33309817,10.93158728,1,0,0,0,0,1,1,0,0
V,F,225,0.59854,0.753,deleterious,0.995,deleterious,4.09848,8.75,6.42424,0.025380711,20.33309817,10.93158728,1,1,1,1,0,1,1,0,0
D,E,224,-0.1075995,0.293,neutral,0.0,neutral,0.694073,3.207,1.9505365,0.649484536,21.79146029,14.48242263,0,0,0,0,0,0,0,0,0
A,E,224,0.0504441,0.309,neutral,0.001,neutral,-0.0836984,0.613,0.2646508,0.649484536,21.79146029,14.48242263,0,0,0,0,0,0,0,0,0
G,E,224,0.0864035,0.629,neutral,0.441,neutral,0.97081,3.933,2.451905,0.649484536,21.79146029,14.48242263,0,0,0,1,0,0,1,0,0
V,E,224,0.166484,0.66,neutral,0.127,neutral,0.0706556,2.168,1.1193278,0.649484536,21.79146029,14.48242263,1,0,0,0,0,0,0,0,0
K,E,224,0.0969788,0.389,neutral,0.027,neutral,-0.0803159,0.614,0.26684205,0.649484536,21.79146029,14.48242263,0,0,0,0,0,0,0,0,0
Q,E,224,-0.0640372,0.487,neutral,0.043,neutral,-0.417693,-1.052,-0.7348465,0.649484536,21.79146029,14.48242263,0,0,0,0,0,0,0,0,0
N,K,223,-0.223643,0.12,neutral,0.0,neutral,0.646929,2.79,1.7184645,0.775609756,23.09959974,13.71567978,0,0,0,0,0,0,0,0,0
I,K,223,-0.0734905,0.228,neutral,0.0,neutral,0.275625,1.726,1.0008125,0.775609756,23.09959974,13.71567978,0,0,0,0,0,0,0,0,0
R,K,223,-0.151781,0.171,neutral,0.0,neutral,-0.0690602,-0.699,-0.3840301,0.775609756,23.09959974,13.71567978,0,0,0,0,0,0,0,0,0
T,K,223,-0.0666513,0.135,neutral,0.0,neutral,0.0660541,2.684,1.37502705,0.775609756,23.09959974,13.71567978,0,0,0,0,0,0,0,0,0
E,K,223,-0.168915,0.058,neutral,0.0,neutral,0.701176,2.929,1.815088,0.775609756,23.09959974,13.71567978,0,0,0,0,0,0,0,0,0
Q,K,223,-0.129684,0.195,neutral,0.0,neutral,-0.275677,2.747,1.2356615,0.775609756,23.09959974,13.71567978,0,0,0,0,0,0,0,0,0
C,S,222,0.290379,0.776,deleterious,0.977,deleterious,0.0913342,1.065,0.5781671,0.115384615,20.10727063,12.13328891,1,0,0,0,0,1,1,0,0
F,S,222,0.35248,0.842,deleterious,0.954,deleterious,3.00085,-1.725,0.637925,0.115384615,20.10727063,12.13328891,1,1,0,0,0,1,1,0,0
Y,S,222,0.380654,0.846,deleterious,0.992,deleterious,3.05361,-0.308,1.372805,0.115384615,20.10727063,12.13328891,1,1,0,0,0,1,1,0,0
A,S,222,-0.0916763,0.333,neutral,0.0,neutral,-0.443311,-7.133,-3.7881555,0.115384615,20.10727063,12.13328891,0,0,0,0,0,1,1,0,0
P,S,222,0.121748,0.801,deleterious,0.918,deleterious,4.08112,24.784,14.43256,0.115384615,20.10727063,12.13328891,1,1,1,1,0,1,1,0,0
T,S,222,0.0331904,0.632,neutral,0.156,neutral,1.43273,-3.636,-1.101635,0.115384615,20.10727063,12.13328891,0,0,0,0,0,1,1,0,0
N,K,221,0.134794,0.833,deleterious,1.0,deleterious,1.70619,3.617,2.661595,0.092682927,19.50838814,14.98614577,1,1,0,1,0,1,1,0,0
I,K,221,0.41756,0.907,deleterious,1.0,deleterious,-0.247474,-1.275,-0.761237,0.092682927,19.50838814,14.98614577,1,0,0,0,0,1,1,0,0
R,K,221,0.181621,0.622,neutral,0.931,deleterious,2.092,1.078,1.585,0.092682927,19.50838814,14.98614577,1,1,0,0,0,1,1,0,0
T,K,221,0.421955,0.877,deleterious,1.0,deleterious,1.26559,1.741,1.503295,0.092682927,19.50838814,14.98614577,1,0,0,0,0,1,1,0,0
E,K,221,0.583803,0.826,deleterious,1.0,deleterious,4.78017,7.702,6.241085,0.092682927,19.50838814,14.98614577,1,1,1,1,0,1,1,0,0
Q,K,221,0.337149,0.84,deleterious,0.999,deleterious,1.0853,3.866,2.47565,0.092682927,19.50838814,14.98614577,1,0,0,1,0,1,1,0,0
E,A,220,-0.0119443,0.179,neutral,0.003,neutral,0.231694,0.27,0.250847,0.509433962,22.41461619,17.50544115,0,0,0,0,0,0,0,0,0
G,A,220,0.0140943,0.153,neutral,0.0,neutral,0.765511,2.729,1.7472555,0.509433962,22.41461619,17.50544115,0,0,0,0,0,0,0,0,0
V,A,220,0.0303834,0.353,neutral,0.5,neutral,0.186641,-0.675,-0.2441795,0.509433962,22.41461619,17.50544115,0,0,0,0,0,0,0,0,0
P,A,220,0.257888,0.543,neutral,0.743,deleterious,2.53522,20.39,11.46261,0.509433962,22.41461619,17.50544115,1,1,1,1,0,0,1,0,0
S,A,220,-0.0467694,0.144,neutral,0.001,neutral,-0.021316,1.405,0.691842,0.509433962,22.41461619,17.50544115,0,0,0,0,0,0,0,0,0
T,A,220,-0.0658828,0.13,neutral,0.012,neutral,0.0701375,-0.122,-0.02593125,0.509433962,22.41461619,17.50544115,0,0,0,0,0,0,0,0,0
E,D,219,-0.3066855,0.073,neutral,0.0,neutral,-0.68791,1.47,0.391045,0.490797546,21.52460576,16.35195341,0,0,0,0,0,0,0,0,0
A,D,219,-0.154441,0.199,neutral,0.0,neutral,-0.756084,-0.617,-0.686542,0.490797546,21.52460576,16.35195341,0,0,0,0,0,0,0,0,0
G,D,219,-0.0822265,0.223,neutral,0.0,neutral,0.675251,3.596,2.1356255,0.490797546,21.52460576,16.35195341,0,0,0,0,0,0,0,0,0
V,D,219,-0.0779208,0.303,neutral,0.001,neutral,-0.347976,-0.53,-0.438988,0.490797546,21.52460576,16.35195341,0,0,0,0,0,0,0,0,0
H,D,219,-0.180255,0.264,neutral,0.0,neutral,-0.290438,-1.386,-0.838219,0.490797546,21.52460576,16.35195341,0,0,0,0,0,0,0,0,0
N,D,219,-0.269063,0.094,neutral,0.0,neutral,-0.403388,0.564,0.080306,0.490797546,21.52460576,16.35195341,0,0,0,0,0,0,0,0,0
Y,D,219,-0.116205,0.331,neutral,0.003,neutral,-1.23695,-1.107,-1.171975,0.490797546,21.52460576,16.35195341,0,0,0,0,0,0,0,0,0
H,L,218,0.608471,0.925,deleterious,1.0,deleterious,3.4804,7.394,5.4372,0.0,17.74664462,16.74590953,1,1,1,1,0,1,1,0,0
P,L,218,0.60994,0.929,deleterious,1.0,deleterious,7.36692,35.891,21.62896,0.0,17.74664462,16.74590953,1,1,1,1,0,1,1,0,0
R,L,218,0.606706,0.905,deleterious,1.0,deleterious,9.04182,11.491,10.26641,0.0,17.74664462,16.74590953,1,1,1,1,0,1,1,0,0
F,L,218,0.325708,0.782,deleterious,0.999,deleterious,1.99923,1.276,1.637615,0.0,17.74664462,16.74590953,1,1,0,0,0,1,1,0,0
I,L,218,0.111643,0.572,neutral,0.215,neutral,1.6321,3.97,2.80105,0.0,17.74664462,16.74590953,0,1,0,1,0,1,1,0,0
V,L,218,0.454996,0.71,prob.delet.,0.961,deleterious,3.04326,7.093,5.06813,0.0,17.74664462,16.74590953,1,1,1,1,0,1,1,0,0
D,A,217,0.603907,0.8,deleterious,0.986,deleterious,3.4517,11.127,7.28935,0.103773585,18.59913849,20.12948068,1,1,1,1,0,1,1,0,0
G,A,217,0.275353,0.648,neutral,0.663,deleterious,1.8528,5.04,3.4464,0.103773585,18.59913849,20.12948068,1,1,1,1,0,1,1,0,0
V,A,217,0.305477,0.409,neutral,0.8,deleterious,1.98219,4.433,3.207595,0.103773585,18.59913849,20.12948068,1,1,0,1,0,1,1,0,0
P,A,217,0.588336,0.744,deleterious,0.997,deleterious,4.38877,22.745,13.566885,0.103773585,18.59913849,20.12948068,1,1,1,1,0,1,1,0,0
S,A,217,0.104595,0.301,neutral,0.038,neutral,0.606579,4.554,2.5802895,0.103773585,18.59913849,20.12948068,0,0,0,1,0,1,1,0,0
T,A,217,0.24694,0.41,neutral,0.45,neutral,1.93975,5.431,3.685375,0.103773585,18.59913849,20.12948068,1,1,1,1,0,1,1,0,0
E,D,216,-0.0230623999999999,0.191,neutral,0.0,neutral,1.20217,0.424,0.813085,0.490797546,21.01649234,21.21320849,0,0,0,0,0,0,0,0,0
A,D,216,0.0144476,0.252,neutral,0.002,neutral,1.24299,2.516,1.879495,0.490797546,21.01649234,21.21320849,0,0,0,0,0,0,0,0,0
G,D,216,0.072432,0.299,neutral,0.001,neutral,1.98147,4.828,3.404735,0.490797546,21.01649234,21.21320849,0,1,1,1,0,0,1,0,0
V,D,216,0.17969,0.584,neutral,0.14,neutral,1.65646,1.531,1.59373,0.490797546,21.01649234,21.21320849,1,1,0,0,0,0,0,0,0
H,D,216,0.0850095,0.469,neutral,0.011,neutral,1.79652,2.153,1.97476,0.490797546,21.01649234,21.21320849,0,1,0,0,0,0,0,0,0
N,D,216,-0.171974,0.273,neutral,0.001,neutral,0.677809,2.763,1.7204045,0.490797546,21.01649234,21.21320849,0,0,0,0,0,0,0,0,0
Y,D,216,0.199184,0.545,neutral,0.867,deleterious,1.03172,1.806,1.41886,0.490797546,21.01649234,21.21320849,1,0,0,0,0,0,0,0,0
Q,H,215,-0.115572,0.267,neutral,0.049,neutral,2.10535,2.145,2.125175,0.065217391,18.91537249,20.52689477,0,1,0,0,0,1,1,0,0
L,H,215,0.0691489,0.296,neutral,0.002,neutral,-1.25667,-3.683,-2.469835,0.065217391,18.91537249,20.52689477,0,0,0,0,0,1,1,0,0
P,H,215,0.253443,0.671,neutral,0.894,deleterious,7.56212,22.42,14.99106,0.065217391,18.91537249,20.52689477,1,1,1,1,0,1,1,0,0
R,H,215,-0.0476125,0.181,neutral,0.002,neutral,0.315978,1.649,0.982489,0.065217391,18.91537249,20.52689477,0,0,0,0,0,1,1,0,0
D,H,215,0.272532,0.627,neutral,0.373,neutral,2.84589,5.754,4.299945,0.065217391,18.91537249,20.52689477,1,1,1,1,0,1,1,0,0
N,H,215,0.0909924,0.483,neutral,0.543,deleterious,1.44068,2.285,1.86284,0.065217391,18.91537249,20.52689477,0,0,0,0,0,1,1,0,0
Y,H,215,0.0897799,0.241,neutral,0.016,neutral,-0.6228,-2.327,-1.4749,0.065217391,18.91537249,20.52689477,0,0,0,0,0,1,1,0,0
F,L,214,0.2150625,0.691,prob.neutral,0.904,deleterious,0.839954,-0.091,0.374477,0.0,16.06723592,22.23477236,1,0,0,0,0,1,1,0,0
S,L,214,0.610896,0.891,deleterious,1.0,deleterious,4.5726,12.508,8.5403,0.0,16.06723592,22.23477236,1,1,1,1,0,1,1,0,0
I,L,214,0.148526,0.517,neutral,0.77,deleterious,4.11148,4.45,4.28074,0.0,16.06723592,22.23477236,1,1,0,1,0,1,1,0,0
V,L,214,0.299084,0.466,neutral,0.815,deleterious,4.42857,5.669,5.048785,0.0,16.06723592,22.23477236,1,1,1,1,0,1,1,0,0
N,K,213,-0.130799,0.25,neutral,0.017,neutral,0.731534,2.134,1.432767,0.482926829,18.89345586,21.89032998,0,0,0,0,0,0,0,0,0
M,K,213,0.0674582,0.343,neutral,0.031,neutral,-0.720723,-1.57,-1.1453615,0.482926829,18.89345586,21.89032998,0,0,0,0,0,0,0,0,0
R,K,213,-0.0914035,0.176,neutral,0.001,neutral,-0.105353,-1.581,-0.8431765,0.482926829,18.89345586,21.89032998,0,0,0,0,0,0,0,0,0
T,K,213,-0.0610542,0.246,neutral,0.001,neutral,0.651574,1.208,0.929787,0.482926829,18.89345586,21.89032998,0,0,0,0,0,0,0,0,0
E,K,213,0.00356533,0.206,neutral,0.002,neutral,1.1333,1.226,1.17965,0.482926829,18.89345586,21.89032998,0,0,0,0,0,0,0,0,0
Q,K,213,-0.0532649,0.205,neutral,0.001,neutral,0.342083,0.764,0.5530415,0.482926829,18.89345586,21.89032998,0,0,0,0,0,0,0,0,0
H,Q,212,0.0167141,0.252,neutral,0.003,neutral,0.935159,1.722,1.3285795,0.414141414,20.45626241,20.10005887,0,0,0,0,0,0,0,0,0
L,Q,212,0.0833342,0.386,neutral,0.162,neutral,0.166183,-0.723,-0.2784085,0.414141414,20.45626241,20.10005887,0,0,0,0,0,0,0,0,0
P,Q,212,0.256606,0.561,neutral,0.418,neutral,5.52399,27.852,16.687995,0.414141414,20.45626241,20.10005887,1,1,1,1,0,0,1,0,0
R,Q,212,-0.0909483,0.118,neutral,0.0,neutral,0.18471,-0.258,-0.036645,0.414141414,20.45626241,20.10005887,0,0,0,0,0,0,0,0,0
E,Q,212,0.0247553,0.1,neutral,0.0,neutral,0.777233,1.723,1.2501165,0.414141414,20.45626241,20.10005887,0,0,0,0,0,0,0,0,0
K,Q,212,0.0294649,0.111,neutral,0.0,neutral,-0.111463,-1.392,-0.7517315,0.414141414,20.45626241,20.10005887,0,0,0,0,0,0,0,0,0
P,L,211,0.612426,0.837,deleterious,1.0,deleterious,5.09691,24.021,14.558955,0.0,17.4204354,18.55259354,1,1,1,1,0,1,1,0,0
Q,L,211,0.610466,0.837,deleterious,1.0,deleterious,2.85704,8.533,5.69502,0.0,17.4204354,18.55259354,1,1,1,1,0,1,1,0,0
R,L,211,0.610513,0.83,deleterious,1.0,deleterious,4.48086,11.363,7.92193,0.0,17.4204354,18.55259354,1,1,1,1,0,1,1,0,0
I,L,211,0.0696531,0.475,neutral,0.215,neutral,1.88494,4.008,2.94647,0.0,17.4204354,18.55259354,0,1,0,1,0,1,1,0,0
V,L,211,0.198211,0.447,neutral,0.607,deleterious,3.10669,8.028,5.567345,0.0,17.4204354,18.55259354,1,1,1,1,0,1,1,0,0
A,G,210,0.112848,0.323,neutral,0.082,neutral,2.13738,-0.351,0.89319,0.011904762,17.40539538,17.09584443,0,1,0,0,0,1,1,0,0
E,G,210,0.297268,0.872,deleterious,0.998,deleterious,9.6207,8.271,8.94585,0.011904762,17.40539538,17.09584443,1,1,1,1,0,1,1,0,0
V,G,210,0.317942,0.863,deleterious,1.0,deleterious,9.53801,11.61,10.574005,0.011904762,17.40539538,17.09584443,1,1,1,1,0,1,1,0,0
R,G,210,0.1316824999999999,0.869,deleterious,1.0,deleterious,7.46223,8.134,7.798115,0.011904762,17.40539538,17.09584443,1,1,1,1,0,1,1,0,0
L,P,209,0.407533,0.809,deleterious,1.0,deleterious,2.39988,-4.965,-1.28256,0.352941176,21.18350481,15.87991179,1,1,0,0,0,0,0,0,0
Q,P,209,0.361292,0.787,deleterious,1.0,deleterious,1.91838,-2.433,-0.25731,0.352941176,21.18350481,15.87991179,1,1,0,0,0,0,0,0,0
R,P,209,0.511456,0.826,deleterious,1.0,deleterious,1.16981,-3.312,-1.071095,0.352941176,21.18350481,15.87991179,1,0,0,0,0,0,0,0,0
A,P,209,0.310071,0.805,deleterious,1.0,deleterious,2.33442,-3.328,-0.49679,0.352941176,21.18350481,15.87991179,1,1,0,0,0,0,0,0,0
S,P,209,0.314898,0.781,deleterious,1.0,deleterious,2.63809,-2.04,0.299045,0.352941176,21.18350481,15.87991179,1,1,0,0,0,0,0,0,0
T,P,209,0.379761,0.775,deleterious,1.0,deleterious,2.63723,-3.749,-0.555885,0.352941176,21.18350481,15.87991179,1,1,0,0,0,0,0,0,0
F,L,208,0.2555715,0.391,neutral,0.239,neutral,1.86515,2.925,2.395075,0.073170732,21.18739357,14.29401502,1,1,0,0,0,1,1,0,0
S,L,208,0.558907,0.757,deleterious,0.979,deleterious,4.52824,11.987,8.25762,0.073170732,21.18739357,14.29401502,1,1,1,1,0,1,1,0,0
I,L,208,0.0232845,0.248,neutral,0.018,neutral,0.449429,0.69,0.5697145,0.073170732,21.18739357,14.29401502,0,0,0,0,0,1,1,0,0
V,L,208,0.139797,0.321,neutral,0.024,neutral,1.76434,3.311,2.53767,0.073170732,21.18739357,14.29401502,1,1,0,1,0,1,1,0,0
P,L,207,0.613166,0.858,deleterious,1.0,deleterious,7.93597,31.343,19.639485,0.0,19.11654629,12.29615336,1,1,1,1,0,1,1,0,0
Q,L,207,0.612785,0.865,deleterious,1.0,deleterious,2.95485,10.787,6.870925,0.0,19.11654629,12.29615336,1,1,1,1,0,1,1,0,0
R,L,207,0.612785,0.876,deleterious,1.0,deleterious,7.61778,14.117,10.86739,0.0,19.11654629,12.29615336,1,1,1,1,0,1,1,0,0
M,L,207,0.284804,0.779,deleterious,1.0,deleterious,0.857077,7.546,4.2015385,0.0,19.11654629,12.29615336,1,0,1,1,0,1,1,0,0
V,L,207,0.291597,0.779,deleterious,1.0,deleterious,2.53481,7.071,4.802905,0.0,19.11654629,12.29615336,1,1,1,1,0,1,1,0,0
A,V,206,0.177579,0.255,neutral,0.164,neutral,1.21379,4.805,3.009395,0.274647887,20.54903267,11.30815631,1,0,1,1,0,0,1,0,0
E,V,206,0.436827,0.485,neutral,0.151,neutral,1.79686,7.094,4.44543,0.274647887,20.54903267,11.30815631,1,1,1,1,0,0,1,0,0
G,V,206,0.385994,0.333,neutral,0.022,neutral,1.2166,6.391,3.8038,0.274647887,20.54903267,11.30815631,1,0,1,1,0,0,1,0,0
I,V,206,-0.0196307,0.195,neutral,0.004,neutral,-0.243132,2.518,1.137434,0.274647887,20.54903267,11.30815631,0,0,0,0,0,0,0,0,0
L,V,206,0.02941895,0.255,neutral,0.0,neutral,-0.392413,4.632,2.1197935,0.274647887,20.54903267,11.30815631,0,0,0,0,0,0,0,0,0
D,E,205,-0.222898,0.231,neutral,0.0,neutral,0.640737,1.412,1.0263685,0.742268041,24.33013503,10.44589836,0,0,0,0,0,0,0,0,0
A,E,205,-0.0303959,0.373,neutral,0.024,neutral,0.108001,0.397,0.2525005,0.742268041,24.33013503,10.44589836,0,0,0,0,0,0,0,0,0
G,E,205,-0.0885204,0.277,neutral,0.001,neutral,0.715133,4.08,2.3975665,0.742268041,24.33013503,10.44589836,0,0,0,0,0,0,0,0,0
V,E,205,0.00604661,0.529,neutral,0.035,neutral,0.460057,-0.902,-0.2209715,0.742268041,24.33013503,10.44589836,0,0,0,0,0,0,0,0,0
K,E,205,-0.153914,0.261,neutral,0.0,neutral,-0.727908,0.393,-0.167454,0.742268041,24.33013503,10.44589836,0,0,0,0,0,0,0,0,0
Q,E,205,-0.188719,0.25,neutral,0.002,neutral,-0.218968,0.702,0.241516,0.742268041,24.33013503,10.44589836,0,0,0,0,0,0,0,0,0
Q,H,204,-0.00279858,0.172,neutral,0.001,neutral,0.498156,2.656,1.577078,0.244565217,25.4596608,10.06357478,0,0,0,0,0,0,0,0,0
L,H,204,0.216879,0.421,neutral,0.032,neutral,-1.04302,-0.403,-0.72301,0.244565217,25.4596608,10.06357478,1,0,0,0,0,0,0,0,0
P,H,204,0.255061,0.618,neutral,0.197,neutral,5.37922,19.634,12.50661,0.244565217,25.4596608,10.06357478,1,1,1,1,0,0,1,0,0
R,H,204,0.0857207,0.363,neutral,0.032,neutral,0.421735,1.453,0.9373675,0.244565217,25.4596608,10.06357478,0,0,0,0,0,0,0,0,0
D,H,204,0.0569691,0.302,neutral,0.0,neutral,2.10904,5.335,3.72202,0.244565217,25.4596608,10.06357478,0,1,1,1,0,0,1,0,0
N,H,204,-0.00423143,0.127,neutral,0.0,neutral,0.630451,2.701,1.6657255,0.244565217,25.4596608,10.06357478,0,0,0,0,0,0,0,0,0
Y,H,204,0.116417,0.489,neutral,0.581,deleterious,0.654482,-1.917,-0.631259,0.244565217,25.4596608,10.06357478,0,0,0,0,0,0,0,0,0
A,V,203,0.38976,0.627,neutral,0.747,deleterious,2.35449,6.215,4.284745,0.0,23.30427768,8.621659574,1,1,1,1,0,1,1,0,0
D,V,203,0.583166,0.792,deleterious,1.0,deleterious,4.86496,10.97,7.91748,0.0,23.30427768,8.621659574,1,1,1,1,0,1,1,0,0
G,V,203,0.54257,0.818,deleterious,0.994,deleterious,4.46373,12.448,8.455865,0.0,23.30427768,8.621659574,1,1,1,1,0,1,1,0,0
F,V,203,0.494505,0.572,neutral,0.161,neutral,4.66121,3.015,3.838105,0.0,23.30427768,8.621659574,1,1,0,1,0,1,1,0,0
I,V,203,0.0168185,0.197,neutral,0.007,neutral,-0.575384,0.237,-0.169192,0.0,23.30427768,8.621659574,0,0,0,0,0,1,1,0,0
L,V,203,0.310688,0.2,neutral,0.001,neutral,0.602016,4.205,2.403508,0.0,23.30427768,8.621659574,1,0,0,0,0,1,1,0,0
D,E,202,0.3775425,0.692,prob.neutral,0.709,deleterious,0.971633,4.394,2.6828165,0.12371134,22.68063532,6.131929172,1,0,0,1,0,1,1,0,0
A,E,202,0.428804,0.521,neutral,0.37,neutral,-0.203389,0.123,-0.0401945,0.12371134,22.68063532,6.131929172,1,0,0,0,0,1,1,0,0
G,E,202,0.512369,0.803,deleterious,0.969,deleterious,1.38994,5.213,3.30147,0.12371134,22.68063532,6.131929172,1,0,1,1,0,1,1,0,0
V,E,202,0.341375,0.667,neutral,0.453,neutral,-1.90605,-3.095,-2.500525,0.12371134,22.68063532,6.131929172,1,0,0,0,0,1,1,0,0
K,E,202,0.509621,0.709,prob.delet.,0.946,deleterious,-1.23478,4.355,1.56011,0.12371134,22.68063532,6.131929172,1,0,0,0,0,1,1,0,0
Q,E,202,0.294657,0.359,neutral,0.251,neutral,-0.848351,0.284,-0.2821755,0.12371134,22.68063532,6.131929172,1,0,0,0,0,1,1,0,0
M,I,201,-0.338772,0.209,neutral,0.004,neutral,-0.33671,3.61,1.636645,0.201183432,21.53414316,5.273553441,0,0,0,0,0,0,1,0,1
K,I,201,-0.167877,0.475,neutral,0.0,neutral,0.405227,4.128,2.2666135,0.201183432,21.53414316,5.273553441,0,0,0,0,0,0,1,0,1
R,I,201,-0.176073,0.489,neutral,0.001,neutral,0.672983,2.283,1.4779915,0.201183432,21.53414316,5.273553441,0,0,0,0,0,0,1,0,1
T,I,201,-0.214164,0.401,neutral,0.0,neutral,1.68258,5.77,3.72629,0.201183432,21.53414316,5.273553441,0,1,1,1,0,0,1,0,1
L,I,201,-0.2630835,0.144,neutral,0.0,neutral,-0.577468,-1.435,-1.006234,0.201183432,21.53414316,5.273553441,0,0,0,0,0,0,1,0,1
V,I,201,-0.324072,0.152,neutral,0.0,neutral,1.04717,3.293,2.170085,0.201183432,21.53414316,5.273553441,0,0,0,0,0,0,1,0,1
E,A,200,0.387389,0.893,deleterious,1.0,deleterious,9.64157,12.257,10.949285,0.0,19.94186571,5.54484014,1,1,1,1,0,1,1,0,1
G,A,200,0.10835,0.439,neutral,0.021,neutral,1.73488,8.459,5.09694,0.0,19.94186571,5.54484014,0,1,1,1,0,1,1,0,1
V,A,200,0.0413891,0.494,neutral,0.447,neutral,1.23344,0.771,1.00222,0.0,19.94186571,5.54484014,0,0,0,0,0,1,1,0,1
P,A,200,0.372281,0.891,deleterious,1.0,deleterious,6.30399,23.948,15.125995,0.0,19.94186571,5.54484014,1,1,1,1,0,1,1,0,1
S,A,200,0.0997592,0.837,deleterious,0.994,deleterious,2.13967,6.222,4.180835,0.0,19.94186571,5.54484014,0,1,1,1,0,1,1,0,1
T,A,200,0.137761,0.869,deleterious,1.0,deleterious,1.87383,4.425,3.149415,0.0,19.94186571,5.54484014,1,1,0,1,0,1,1,0,1
D,A,199,0.449188,0.865,deleterious,0.984,deleterious,4.0129,6.275,5.14395,0.009433962,18.10578079,3.800404619,1,1,1,1,0,1,1,0,1
G,A,199,0.0949599,0.674,prob.neutral,0.45,neutral,2.00985,7.125,4.567425,0.009433962,18.10578079,3.800404619,0,1,1,1,0,1,1,0,1
V,A,199,-0.00272625,0.189,neutral,0.013,neutral,0.704762,-4.018,-1.656619,0.009433962,18.10578079,3.800404619,0,0,0,0,0,1,1,0,1
P,A,199,0.454225,0.849,deleterious,0.984,deleterious,6.3396,20.593,13.4663,0.009433962,18.10578079,3.800404619,1,1,1,1,0,1,1,0,1
S,A,199,0.0812289,0.617,neutral,0.114,neutral,1.74683,3.832,2.789415,0.009433962,18.10578079,3.800404619,0,1,0,1,0,1,1,0,1
T,A,199,0.0788563,0.238,neutral,0.03,neutral,2.62175,-0.717,0.952375,0.009433962,18.10578079,3.800404619,0,1,0,0,0,1,1,0,1
D,A,198,0.612432,0.911,deleterious,0.996,deleterious,9.24501,13.272,11.258505,0.018867925,16.81520371,0.0,1,1,1,1,0,1,1,0,1
G,A,198,0.22899,0.584,neutral,0.048,neutral,1.73338,7.67,4.70169,0.018867925,16.81520371,0.0,1,1,1,1,0,1,1,0,1
V,A,198,0.392,0.858,deleterious,0.999,deleterious,4.73694,10.293,7.51497,0.018867925,16.81520371,0.0,1,1,1,1,0,1,1,0,1
P,A,198,0.588686,0.908,deleterious,0.998,deleterious,6.58531,24.042,15.313655,0.018867925,16.81520371,0.0,1,1,1,1,0,1,1,0,1
S,A,198,0.114646,0.482,neutral,0.067,neutral,0.851954,6.099,3.475477,0.018867925,16.81520371,0.0,0,0,1,1,0,1,1,0,1
T,A,198,0.314889,0.662,neutral,0.907,deleterious,4.38149,6.788,5.584745,0.018867925,16.81520371,0.0,1,1,1,1,0,1,1,0,1
M,I,197,0.306087,0.856,deleterious,0.987,deleterious,-0.113061,3.974,1.9304695,0.0,15.60347683,3.80815979,1,0,0,0,0,1,1,0,1
N,I,197,0.52887,0.931,deleterious,1.0,deleterious,3.91401,11.473,7.693505,0.0,15.60347683,3.80815979,1,1,1,1,0,1,1,0,1
S,I,197,0.610859,0.933,deleterious,1.0,deleterious,5.34517,13.023,9.184085,0.0,15.60347683,3.80815979,1,1,1,1,0,1,1,0,1
T,I,197,0.557874,0.89,deleterious,1.0,deleterious,3.85002,9.448,6.64901,0.0,15.60347683,3.80815979,1,1,1,1,0,1,1,0,1
F,I,197,0.572256,0.864,deleterious,0.996,deleterious,7.72029,9.185,8.452645,0.0,15.60347683,3.80815979,1,1,1,1,0,1,1,0,1
L,I,197,0.175119,0.396,neutral,0.016,neutral,0.387955,1.784,1.0859775,0.0,15.60347683,3.80815979,1,0,0,0,0,1,1,0,1
V,I,197,0.106633,0.255,neutral,0.021,neutral,1.36346,2.713,2.03823,0.0,15.60347683,3.80815979,0,0,0,0,0,1,1,0,1
Q,H,196,0.423095,0.821,deleterious,0.969,deleterious,0.624438,5.869,3.246719,0.097826087,13.94765873,0.0,1,0,1,1,0,1,1,0,1
L,H,196,0.602773,0.903,deleterious,0.999,deleterious,-0.456936,-3.67,-2.063468,0.097826087,13.94765873,0.0,1,0,0,0,0,1,1,0,1
P,H,196,0.606091,0.917,deleterious,1.0,deleterious,3.54708,16.142,9.84454,0.097826087,13.94765873,0.0,1,1,1,1,0,1,1,0,1
R,H,196,0.513564,0.853,deleterious,0.818,deleterious,0.533507,5.316,2.9247535,0.097826087,13.94765873,0.0,1,0,1,1,0,1,1,0,1
D,H,196,0.612005,0.898,deleterious,0.997,deleterious,2.59438,7.972,5.28319,0.097826087,13.94765873,0.0,1,1,1,1,0,1,1,0,1
N,H,196,0.240839,0.745,deleterious,0.772,deleterious,0.704394,1.875,1.289697,0.097826087,13.94765873,0.0,1,0,0,0,0,1,1,0,1
Y,H,196,0.561998,0.829,deleterious,1.0,deleterious,-1.73016,-1.136,-1.43308,0.097826087,13.94765873,0.0,1,0,0,0,0,1,1,0,1
I,M,195,0.358373,0.289,neutral,0.018,neutral,0.634379,0.266,0.4501895,0.0,12.23900632,3.840149952,1,0,0,0,1,1,1,0,1
K,M,195,0.606318,0.861,deleterious,0.994,deleterious,4.02054,13.072,8.54627,0.0,12.23900632,3.840149952,1,1,1,1,1,1,1,0,1
R,M,195,0.607873,0.869,deleterious,1.0,deleterious,6.8059,9.33,8.06795,0.0,12.23900632,3.840149952,1,1,1,1,1,1,1,0,1
T,M,195,0.593416,0.862,deleterious,0.961,deleterious,2.25611,6.81,4.533055,0.0,12.23900632,3.840149952,1,1,1,1,1,1,1,0,1
L,M,195,0.386506,0.287,neutral,0.003,neutral,1.39432,3.775,2.58466,0.0,12.23900632,3.840149952,1,0,0,1,1,1,1,0,1
V,M,195,0.499496,0.294,neutral,0.151,neutral,1.65987,5.193,3.426435,0.0,12.23900632,3.840149952,1,1,1,1,1,1,1,0,1
E,A,194,0.606932,0.901,deleterious,1.0,deleterious,9.07242,23.708,16.39021,0.0,11.24391605,5.520699242,1,1,1,1,1,1,1,0,1
G,A,194,0.350825,0.812,deleterious,1.0,deleterious,2.03207,8.03,5.031035,0.0,11.24391605,5.520699242,1,1,1,1,1,1,1,0,1
V,A,194,0.519895,0.646,neutral,0.997,deleterious,3.60288,-2.002,0.80044,0.0,11.24391605,5.520699242,1,1,0,0,1,1,1,0,1
P,A,194,0.588666,0.893,deleterious,1.0,deleterious,3.78795,22.091,12.939475,0.0,11.24391605,5.520699242,1,1,1,1,1,1,1,0,1
S,A,194,0.302574,0.831,deleterious,1.0,deleterious,1.18253,5.877,3.529765,0.0,11.24391605,5.520699242,1,0,1,1,1,1,1,0,1
T,A,194,0.582853,0.866,deleterious,1.0,deleterious,4.29054,3.04,3.66527,0.0,11.24391605,5.520699242,1,1,0,1,1,1,1,0,1
I,T,193,0.61394,0.877,deleterious,0.999,deleterious,2.33166,11.176,6.75383,0.0,9.494723696,5.44686641,1,1,1,1,1,1,1,0,1
K,T,193,0.612848,0.863,deleterious,1.0,deleterious,3.2211,25.899,14.56005,0.0,9.494723696,5.44686641,1,1,1,1,1,1,1,0,1
R,T,193,0.615334,0.881,deleterious,1.0,deleterious,7.3284,13.855,10.5917,0.0,9.494723696,5.44686641,1,1,1,1,1,1,1,0,1
A,T,193,0.476065,0.616,neutral,0.053,neutral,0.914621,1.881,1.3978105,0.0,9.494723696,5.44686641,1,0,0,0,1,1,1,0,1
P,T,193,0.60162,0.88,deleterious,0.994,deleterious,3.2769,15.314,9.29545,0.0,9.494723696,5.44686641,1,1,1,1,1,1,1,0,1
S,T,193,0.318027,0.548,neutral,0.038,neutral,0.885206,4.474,2.679603,0.0,9.494723696,5.44686641,1,0,0,1,1,1,1,0,1
H,P,192,0.615983,0.877,deleterious,1.0,deleterious,7.66249,-3.411,2.125745,0.029411765,7.651588609,6.418486272,1,1,0,0,1,1,1,0,0
L,P,192,0.616052,0.927,deleterious,1.0,deleterious,4.35518,-2.118,1.11859,0.029411765,7.651588609,6.418486272,1,1,0,0,1,1,1,0,0
R,P,192,0.616052,0.889,deleterious,1.0,deleterious,7.16273,-1.918,2.622365,0.029411765,7.651588609,6.418486272,1,1,0,1,1,1,1,0,0
A,P,192,0.541042,0.718,prob.delet.,0.965,deleterious,2.92684,-4.437,-0.75508,0.029411765,7.651588609,6.418486272,1,1,0,0,1,1,1,0,0
S,P,192,0.492724,0.713,prob.delet.,0.996,deleterious,4.90706,-2.716,1.09553,0.029411765,7.651588609,6.418486272,1,1,0,0,1,1,1,0,0
T,P,192,0.613408,0.879,deleterious,1.0,deleterious,5.26037,-4.613,0.323685,0.029411765,7.651588609,6.418486272,1,1,0,0,1,1,1,0,0
L,F,191,0.4237765,0.804,deleterious,0.996,deleterious,2.39457,8.439,5.416785,0.0,6.774783777,8.769911803,1,1,1,1,1,1,1,0,0
C,F,191,0.6106,0.813,deleterious,1.0,deleterious,4.48554,13.898,9.19177,0.0,6.774783777,8.769911803,1,1,1,1,1,1,1,0,0
S,F,191,0.61267,0.817,deleterious,1.0,deleterious,5.38173,11.198,8.289865,0.0,6.774783777,8.769911803,1,1,1,1,1,1,1,0,0
Y,F,191,0.184485,0.403,neutral,0.899,deleterious,2.64176,0.702,1.67188,0.0,6.774783777,8.769911803,1,1,0,0,1,1,1,0,0
I,F,191,0.435846,0.825,deleterious,0.999,deleterious,4.78417,13.683,9.233585,0.0,6.774783777,8.769911803,1,1,1,1,1,1,1,0,0
L,F,191,0.524045,0.804,deleterious,0.996,deleterious,2.39457,8.439,5.416785,0.0,6.774783777,8.769911803,1,1,1,1,1,1,1,0,0
V,F,191,0.575573,0.803,deleterious,0.999,deleterious,5.83878,5.951,5.89489,0.0,6.774783777,8.769911803,1,1,1,1,1,1,1,0,0
I,T,190,0.531415,0.883,deleterious,0.999,deleterious,0.082297,0.146,0.1141485,0.021126761,5.864700395,10.27517958,1,0,0,0,1,1,1,1,0
N,T,190,0.221455,0.838,deleterious,0.969,deleterious,1.07058,3.336,2.20329,0.021126761,5.864700395,10.27517958,1,0,0,0,1,1,1,1,0
S,T,190,0.0761893,0.577,neutral,0.089,neutral,1.07933,3.088,2.083665,0.021126761,5.864700395,10.27517958,0,0,0,0,1,1,1,1,0
A,T,190,0.365679,0.741,deleterious,0.883,deleterious,1.12124,0.432,0.77662,0.021126761,5.864700395,10.27517958,1,0,0,0,1,1,1,1,0
P,T,190,0.599948,0.886,deleterious,0.992,deleterious,4.29314,12.843,8.56807,0.021126761,5.864700395,10.27517958,1,1,1,1,1,1,1,1,0
S,T,190,0.0761437,0.577,neutral,0.089,neutral,1.07933,3.088,2.083665,0.021126761,5.864700395,10.27517958,0,0,0,0,1,1,1,1,0
E,D,189,0.52944,0.803,deleterious,0.999,deleterious,3.58531,2.43,3.007655,0.012269939,3.827825716,11.37710278,1,1,0,1,1,1,1,1,0
A,D,189,0.605077,0.904,deleterious,1.0,deleterious,0.561359,3.697,2.1291795,0.012269939,3.827825716,11.37710278,1,0,0,0,1,1,1,1,0
G,D,189,0.597536,0.896,deleterious,1.0,deleterious,1.76146,9.55,5.65573,0.012269939,3.827825716,11.37710278,1,1,1,1,1,1,1,1,0
V,D,189,0.605146,0.948,deleterious,1.0,deleterious,1.96991,0.358,1.163955,0.012269939,3.827825716,11.37710278,1,1,0,0,1,1,1,1,0
H,D,189,0.603273,0.94,deleterious,1.0,deleterious,7.66511,7.47,7.567555,0.012269939,3.827825716,11.37710278,1,1,1,1,1,1,1,1,0
N,D,189,0.175761,0.936,deleterious,1.0,deleterious,2.84734,3.681,3.26417,0.012269939,3.827825716,11.37710278,1,1,0,1,1,1,1,1,0
Y,D,189,0.603368,0.943,deleterious,1.0,deleterious,15.6546,8.808,12.2313,0.012269939,3.827825716,11.37710278,1,1,1,1,1,1,1,1,0
K,N,188,0.1263325,0.939,deleterious,1.0,deleterious,-1.50427,4.34,1.417865,0.038216561,0.0,12.32619837,1,0,0,0,1,1,1,1,0
I,N,188,0.38386,0.96,deleterious,1.0,deleterious,1.59658,-1.088,0.25429,0.038216561,0.0,12.32619837,1,1,0,0,1,1,1,1,0
S,N,188,0.179886,0.944,deleterious,1.0,deleterious,1.00884,4.484,2.74642,0.038216561,0.0,12.32619837,1,0,0,1,1,1,1,1,0
T,N,188,0.259757,0.939,deleterious,1.0,deleterious,-0.620768,0.206,-0.207384,0.038216561,0.0,12.32619837,1,0,0,0,1,1,1,1,0
D,N,188,0.234624,0.953,deleterious,1.0,deleterious,1.64233,4.74,3.191165,0.038216561,0.0,12.32619837,1,1,0,1,1,1,1,1,0
H,N,188,0.274936,0.883,deleterious,0.997,deleterious,-1.23922,-0.274,-0.75661,0.038216561,0.0,12.32619837,1,0,0,0,1,1,1,1,0
Y,N,188,0.505528,0.965,deleterious,1.0,deleterious,-1.17822,-0.287,-0.73261,0.038216561,0.0,12.32619837,1,0,0,0,1,1,1,1,0
L,S,187,0.612102,0.967,deleterious,1.0,deleterious,-0.49598,0.186,-0.15499,0.384615385,0.0,16.10671127,1,0,0,0,1,0,1,1,0
A,S,187,0.524991,0.782,deleterious,0.878,deleterious,0.271818,-0.933,-0.330591,0.384615385,0.0,16.10671127,1,0,0,0,1,0,1,1,0
P,S,187,0.605477,0.807,deleterious,0.764,deleterious,-1.41024,3.043,0.81638,0.384615385,0.0,16.10671127,1,0,0,0,1,0,1,1,0
T,S,187,0.428701,0.649,neutral,0.415,neutral,0.208906,-2.108,-0.949547,0.384615385,0.0,16.10671127,1,0,0,0,1,0,1,1,0
R,S,186,0.5607420000000001,0.923,deleterious,1.0,deleterious,0.297383,5.298,2.7976915,0.130769231,0.0,16.32264744,1,0,1,1,1,1,1,1,0
I,S,186,0.604258,0.939,deleterious,1.0,deleterious,4.33174,6.067,5.19937,0.130769231,0.0,16.32264744,1,1,1,1,1,1,1,1,0
N,S,186,0.255703,0.727,prob.delet.,0.767,deleterious,0.436463,-1.865,-0.7142685,0.130769231,0.0,16.32264744,1,0,0,0,1,1,1,1,0
T,S,186,0.401285,0.828,deleterious,0.989,deleterious,1.80602,-1.089,0.35851,0.130769231,0.0,16.32264744,1,1,0,0,1,1,1,1,0
C,S,186,0.604745,0.869,deleterious,1.0,deleterious,0.278796,3.554,1.916398,0.130769231,0.0,16.32264744,1,0,0,0,1,1,1,1,0
G,S,186,0.600172,0.792,deleterious,0.999,deleterious,1.03452,-3.933,-1.44924,0.130769231,0.0,16.32264744,1,0,0,0,1,1,1,1,0
R,S,186,0.604745,0.923,deleterious,1.0,deleterious,0.297383,5.298,2.7976915,0.130769231,0.0,16.32264744,1,0,1,1,1,1,1,1,0
H,Q,185,0.5810120000000001,0.901,deleterious,1.0,deleterious,2.40082,1.239,1.81991,0.111111111,3.786249622,16.1570969,1,1,0,0,1,1,1,1,0
L,Q,185,0.592634,0.883,deleterious,1.0,deleterious,0.4166,-2.37,-0.9767,0.111111111,3.786249622,16.1570969,1,0,0,0,1,1,1,1,0
P,Q,185,0.585798,0.913,deleterious,1.0,deleterious,6.89781,20.498,13.697905,0.111111111,3.786249622,16.1570969,1,1,1,1,1,1,1,1,0
R,Q,185,0.591073,0.952,deleterious,1.0,deleterious,3.97026,4.054,4.01213,0.111111111,3.786249622,16.1570969,1,1,0,1,1,1,1,1,0
E,Q,185,0.605931,0.844,deleterious,1.0,deleterious,2.94983,3.935,3.442415,0.111111111,3.786249622,16.1570969,1,1,0,1,1,1,1,1,0
K,Q,185,0.606811,0.899,deleterious,1.0,deleterious,2.64293,7.843,5.242965,0.111111111,3.786249622,16.1570969,1,1,1,1,1,1,1,1,0
R,S,184,0.5547325,0.851,deleterious,1.0,deleterious,1.4008,-1.634,-0.1166,0.138461538,6.436333939,19.11184543,1,0,0,0,1,1,1,0,0
I,S,184,0.589189,0.917,deleterious,0.999,deleterious,1.97692,-0.592,0.69246,0.138461538,6.436333939,19.11184543,1,1,0,0,1,1,1,0,0
N,S,184,0.238096,0.86,deleterious,0.99,deleterious,-1.75124,-6.512,-4.13162,0.138461538,6.436333939,19.11184543,1,0,0,0,1,1,1,0,0
T,S,184,0.564456,0.781,deleterious,0.935,deleterious,2.07082,1.843,1.95691,0.138461538,6.436333939,19.11184543,1,1,0,0,1,1,1,0,0
C,S,184,0.565231,0.827,deleterious,1.0,deleterious,-0.789842,-3.118,-1.953921,0.138461538,6.436333939,19.11184543,1,0,0,0,1,1,1,0,0
G,S,184,0.392263,0.791,deleterious,0.991,deleterious,-1.40116,-2.497,-1.94908,0.138461538,6.436333939,19.11184543,1,0,0,0,1,1,1,0,0
R,S,184,0.591787,0.851,deleterious,1.0,deleterious,1.4008,-1.634,-0.1166,0.138461538,6.436333939,19.11184543,1,0,0,0,1,1,1,0,0
N,K,183,0.1293585,0.87,deleterious,0.999,deleterious,1.25487,0.508,0.881435,0.331707317,3.824598693,20.20010479,1,0,0,0,1,0,1,1,0
I,K,183,0.494305,0.893,deleterious,0.651,deleterious,2.54602,2.094,2.32001,0.331707317,3.824598693,20.20010479,1,1,0,0,1,0,1,1,0
R,K,183,0.25249,0.849,deleterious,0.979,deleterious,-0.34175,-2.668,-1.504875,0.331707317,3.824598693,20.20010479,1,0,0,0,1,0,1,1,0
T,K,183,0.536719,0.87,deleterious,0.974,deleterious,2.38391,5.014,3.698955,0.331707317,3.824598693,20.20010479,1,1,1,1,1,0,1,1,0
E,K,183,0.547402,0.853,deleterious,0.987,deleterious,1.40222,4.896,3.14911,0.331707317,3.824598693,20.20010479,1,0,1,1,1,0,1,1,0
Q,K,183,0.317256,0.874,deleterious,0.969,deleterious,1.31094,1.364,1.33747,0.331707317,3.824598693,20.20010479,1,0,0,0,1,0,1,1,0
K,N,182,0.1468525,0.863,deleterious,1.0,deleterious,1.21141,6.553,3.882205,0.076433121,0.0,18.28952912,1,0,1,1,1,1,1,1,0
I,N,182,0.365247,0.952,deleterious,1.0,deleterious,4.49202,9.341,6.91651,0.076433121,0.0,18.28952912,1,1,1,1,1,1,1,1,0
S,N,182,0.201532,0.835,deleterious,1.0,deleterious,2.27831,8.913,5.595655,0.076433121,0.0,18.28952912,1,1,1,1,1,1,1,1,0
T,N,182,0.272502,0.869,deleterious,1.0,deleterious,2.56264,11.213,6.88782,0.076433121,0.0,18.28952912,1,1,1,1,1,1,1,1,0
D,N,182,0.263358,0.877,deleterious,1.0,deleterious,-1.07784,3.936,1.42908,0.076433121,0.0,18.28952912,1,0,0,0,1,1,1,1,0
H,N,182,0.302722,0.86,deleterious,1.0,deleterious,7.47729,1.801,4.639145,0.076433121,0.0,18.28952912,1,1,0,1,1,1,1,1,0
Y,N,182,0.601777,0.951,deleterious,1.0,deleterious,11.4195,13.272,12.34575,0.076433121,0.0,18.28952912,1,1,1,1,1,1,1,1,0
A,V,181,0.594085,0.836,deleterious,1.0,deleterious,2.19332,5.354,3.77366,0.021126761,3.838745764,19.45742379,1,1,1,1,1,1,1,1,0
D,V,181,0.616183,0.921,deleterious,1.0,deleterious,5.23508,9.878,7.55654,0.021126761,3.838745764,19.45742379,1,1,1,1,1,1,1,1,0
G,V,181,0.616189,0.903,deleterious,1.0,deleterious,4.2099,10.951,7.58045,0.021126761,3.838745764,19.45742379,1,1,1,1,1,1,1,1,0
F,V,181,0.599609,0.884,deleterious,1.0,deleterious,13.8168,16.47,15.1434,0.021126761,3.838745764,19.45742379,1,1,1,1,1,1,1,1,0
I,V,181,0.292133,0.745,deleterious,0.997,deleterious,1.42431,-0.403,0.510655,0.021126761,3.838745764,19.45742379,1,0,0,0,1,1,1,1,0
L,V,181,0.559912,0.823,deleterious,1.0,deleterious,2.23987,3.841,3.040435,0.021126761,3.838745764,19.45742379,1,1,0,1,1,1,1,1,0
Q,H,180,0.4587664999999999,0.95,deleterious,0.999,deleterious,1.28842,5.578,3.43321,0.222826087,5.240022204,22.97435273,1,0,1,1,1,0,1,1,0
L,H,180,0.597584,0.913,deleterious,0.999,deleterious,0.698004,2.819,1.758502,0.222826087,5.240022204,22.97435273,1,0,0,0,1,0,1,1,0
P,H,180,0.591155,0.902,deleterious,0.999,deleterious,5.27069,23.279,14.274845,0.222826087,5.240022204,22.97435273,1,1,1,1,1,0,1,1,0
R,H,180,0.526042,0.956,deleterious,0.999,deleterious,2.26474,4.121,3.19287,0.222826087,5.240022204,22.97435273,1,1,0,1,1,0,1,1,0
D,H,180,0.507706,0.691,prob.neutral,0.378,neutral,2.23878,1.546,1.89239,0.222826087,5.240022204,22.97435273,1,1,0,0,1,0,1,1,0
N,H,180,0.297641,0.941,deleterious,0.997,deleterious,1.17279,1.11,1.141395,0.222826087,5.240022204,22.97435273,1,0,0,0,1,0,1,1,0
Y,H,180,0.488348,0.933,deleterious,1.0,deleterious,1.34755,0.669,1.008275,0.222826087,5.240022204,22.97435273,1,0,0,0,1,0,1,1,0
E,D,179,0.2959205,0.531,neutral,0.205,neutral,0.212753,-0.888,-0.3376235,0.466257669,5.315686942,24.34250408,1,0,0,0,1,0,1,1,0
A,D,179,0.588086,0.858,deleterious,0.996,deleterious,0.263019,-0.092,0.0855095,0.466257669,5.315686942,24.34250408,1,0,0,0,1,0,1,1,0
G,D,179,0.59033,0.864,deleterious,0.997,deleterious,1.15302,1.733,1.44301,0.466257669,5.315686942,24.34250408,1,0,0,0,1,0,1,1,0
V,D,179,0.596817,0.869,deleterious,0.988,deleterious,0.769582,-1.025,-0.127709,0.466257669,5.315686942,24.34250408,1,0,0,0,1,0,1,1,0
H,D,179,0.599587,0.791,deleterious,1.0,deleterious,0.880128,-0.796,0.042064,0.466257669,5.315686942,24.34250408,1,0,0,0,1,0,1,1,0
N,D,179,0.0410718,0.858,deleterious,0.999,deleterious,0.751752,-0.907,-0.077624,0.466257669,5.315686942,24.34250408,0,0,0,0,1,0,1,1,0
Y,D,179,0.600061,0.819,deleterious,1.0,deleterious,0.517481,-0.559,-0.0207595,0.466257669,5.315686942,24.34250408,1,0,0,0,1,0,1,1,0
K,N,178,0.0880027999999999,0.906,deleterious,1.0,deleterious,-0.210206,-1.513,-0.861603,0.579617834,4.728069018,22.3149205,0,0,0,0,1,0,1,1,0
I,N,178,0.389632,0.862,deleterious,0.984,deleterious,-0.372896,-3.564,-1.968448,0.579617834,4.728069018,22.3149205,1,0,0,0,1,0,1,1,0
S,N,178,0.153041,0.843,deleterious,1.0,deleterious,1.24715,1.166,1.206575,0.579617834,4.728069018,22.3149205,1,0,0,0,1,0,1,1,0
T,N,178,0.205465,0.904,deleterious,1.0,deleterious,1.10816,-1.808,-0.34992,0.579617834,4.728069018,22.3149205,1,0,0,0,1,0,1,1,0
D,N,178,0.226204,0.895,deleterious,1.0,deleterious,1.0549,-0.776,0.13945,0.579617834,4.728069018,22.3149205,1,0,0,0,1,0,1,1,0
H,N,178,0.219909,0.83,deleterious,1.0,deleterious,0.373736,-3.466,-1.546132,0.579617834,4.728069018,22.3149205,1,0,0,0,1,0,1,1,0
Y,N,178,0.578336,0.887,deleterious,1.0,deleterious,0.290805,-4.653,-2.1810975,0.579617834,4.728069018,22.3149205,1,0,0,0,1,0,1,1,0
H,P,177,0.615412,0.898,deleterious,1.0,deleterious,5.88322,-4.379,0.75211,0.058823529,3.846166215,22.09536973,1,1,0,0,1,1,1,1,0
L,P,177,0.617222,0.895,deleterious,1.0,deleterious,2.62448,-0.947,0.83874,0.058823529,3.846166215,22.09536973,1,1,0,0,1,1,1,1,0
R,P,177,0.617226,0.916,deleterious,1.0,deleterious,4.98971,2.347,3.668355,0.058823529,3.846166215,22.09536973,1,1,0,1,1,1,1,1,0
A,P,177,0.473298,0.901,deleterious,1.0,deleterious,3.05911,-1.579,0.740055,0.058823529,3.846166215,22.09536973,1,1,0,0,1,1,1,1,0
S,P,177,0.572981,0.905,deleterious,1.0,deleterious,4.66403,0.569,2.616515,0.058823529,3.846166215,22.09536973,1,1,0,1,1,1,1,1,0
T,P,177,0.617226,0.905,deleterious,1.0,deleterious,5.07228,0.128,2.60014,0.058823529,3.846166215,22.09536973,1,1,0,1,1,1,1,1,0
Q,H,176,0.538602,0.827,deleterious,0.999,deleterious,0.539456,6.369,3.454228,0.266304348,0.0,25.37174703,1,0,1,1,1,0,1,1,0
L,H,176,0.594607,0.877,deleterious,1.0,deleterious,-0.29524,3.524,1.61438,0.266304348,0.0,25.37174703,1,0,0,0,1,0,1,1,0
P,H,176,0.599654,0.857,deleterious,1.0,deleterious,2.22964,12.732,7.48082,0.266304348,0.0,25.37174703,1,1,1,1,1,0,1,1,0
R,H,176,0.598793,0.836,deleterious,1.0,deleterious,0.398882,2.928,1.663441,0.266304348,0.0,25.37174703,1,0,0,0,1,0,1,1,0
D,H,176,0.59266,0.581,neutral,0.347,neutral,1.40029,2.299,1.849645,0.266304348,0.0,25.37174703,1,0,0,0,1,0,1,1,0
N,H,176,0.323149,0.785,deleterious,0.994,deleterious,0.502771,1.038,0.7703855,0.266304348,0.0,25.37174703,1,0,0,0,1,0,1,1,0
Y,H,176,0.594629,0.821,deleterious,1.0,deleterious,0.00423577,2.689,1.346617885,0.266304348,0.0,25.37174703,1,0,0,0,1,0,1,1,0
A,V,175,0.441432,0.875,deleterious,0.996,deleterious,3.18269,9.697,6.439845,0.0,3.835305254,25.75897418,1,1,1,1,1,1,1,1,0
E,V,175,0.612322,0.896,deleterious,1.0,deleterious,8.47592,17.706,13.09096,0.0,3.835305254,25.75897418,1,1,1,1,1,1,1,1,0
G,V,175,0.61529,0.894,deleterious,1.0,deleterious,4.869,18.06,11.4645,0.0,3.835305254,25.75897418,1,1,1,1,1,1,1,1,0
L,V,175,0.310267,0.819,deleterious,0.954,deleterious,1.22056,8.105,4.66278,0.0,3.835305254,25.75897418,1,0,1,1,1,1,1,1,0
M,V,175,0.379739,0.871,deleterious,1.0,deleterious,2.77207,8.841,5.806535,0.0,3.835305254,25.75897418,1,1,1,1,1,1,1,1,0
H,P,174,0.53409,0.755,deleterious,1.0,deleterious,3.81836,0.155,1.98668,0.316176471,6.519320476,29.45208486,1,1,0,0,1,0,0,0,0
L,P,174,0.51836,0.708,prob.delet.,0.873,deleterious,3.56798,0.82,2.19399,0.316176471,6.519320476,29.45208486,1,1,0,0,1,0,0,0,0
R,P,174,0.566685,0.763,deleterious,0.999,deleterious,3.2314,1.483,2.3572,0.316176471,6.519320476,29.45208486,1,1,0,0,1,0,0,0,0
A,P,174,0.32145,0.551,neutral,0.706,deleterious,3.75234,2.36,3.05617,0.316176471,6.519320476,29.45208486,1,1,0,1,1,0,1,0,0
S,P,174,0.358186,0.735,prob.delet.,0.995,deleterious,3.87186,3.184,3.52793,0.316176471,6.519320476,29.45208486,1,1,0,1,1,0,1,0,0
T,P,174,0.536709,0.741,deleterious,0.995,deleterious,4.56222,1.785,3.17361,0.316176471,6.519320476,29.45208486,1,1,0,1,1,0,1,0,0
M,I,173,-0.17496,0.405,neutral,0.335,neutral,-0.130886,2.067,0.968057,0.615384615,6.101703201,30.00704432,0,0,0,0,1,0,0,0,0
K,I,173,-0.179085,0.337,neutral,0.0,neutral,-0.20505,2.121,0.957975,0.615384615,6.101703201,30.00704432,0,0,0,0,1,0,0,0,0
R,I,173,-0.0652769,0.441,neutral,0.016,neutral,-0.0976773,0.374,0.13816135,0.615384615,6.101703201,30.00704432,0,0,0,0,1,0,0,0,0
T,I,173,-0.174287,0.315,neutral,0.0,neutral,0.0303665,2.047,1.03868325,0.615384615,6.101703201,30.00704432,0,0,0,0,1,0,0,0,0
L,I,173,-0.1146435,0.306,neutral,0.0,neutral,0.00810623,0.616,0.312053115,0.615384615,6.101703201,30.00704432,0,0,0,0,1,0,0,0,0
V,I,173,-0.116416,0.289,neutral,0.0,neutral,0.114516,0.135,0.124758,0.615384615,6.101703201,30.00704432,0,0,0,0,1,0,0,0,0
N,K,172,0.0808475499999999,0.513,neutral,0.528,deleterious,0.93532,-1.793,-0.42884,0.404878049,4.42555685,27.9492879,0,0,0,0,1,0,1,1,0
M,K,172,0.455127,0.725,prob.delet.,0.999,deleterious,0.196538,0.03,0.113269,0.404878049,4.42555685,27.9492879,1,0,0,0,1,0,1,1,0
R,K,172,0.171637,0.718,prob.delet.,0.99,deleterious,0.703709,-0.484,0.1098545,0.404878049,4.42555685,27.9492879,1,0,0,0,1,0,1,1,0
T,K,172,0.419907,0.8,deleterious,0.994,deleterious,2.55189,3.493,3.022445,0.404878049,4.42555685,27.9492879,1,1,0,1,1,0,1,1,0
E,K,172,0.411742,0.691,prob.neutral,0.979,deleterious,1.3095,0.493,0.90125,0.404878049,4.42555685,27.9492879,1,0,0,0,1,0,1,1,0
Q,K,172,0.262321,0.7,prob.neutral,0.993,deleterious,1.27396,0.531,0.90248,0.404878049,4.42555685,27.9492879,1,0,0,0,1,0,1,1,0
R,S,171,0.340238,0.757,deleterious,0.999,deleterious,0.708431,-0.797,-0.0442845,0.346153846,8.252763213,30.53461392,1,0,0,0,1,0,0,0,0
I,S,171,0.481342,0.803,deleterious,0.998,deleterious,1.58721,1.239,1.413105,0.346153846,8.252763213,30.53461392,1,1,0,0,1,0,0,0,0
N,S,171,0.0626425,0.747,deleterious,0.941,deleterious,0.896114,1.076,0.986057,0.346153846,8.252763213,30.53461392,0,0,0,0,1,0,0,0,0
T,S,171,0.181532,0.407,neutral,0.124,neutral,1.50202,0.068,0.78501,0.346153846,8.252763213,30.53461392,1,1,0,0,1,0,0,0,0
C,S,171,0.293508,0.745,deleterious,1.0,deleterious,0.730954,2.357,1.543977,0.346153846,8.252763213,30.53461392,1,0,0,0,1,0,0,0,0
G,S,171,0.223689,0.427,neutral,0.343,neutral,1.04235,2.656,1.849175,0.346153846,8.252763213,30.53461392,1,0,0,0,1,0,0,0,0
R,S,171,0.354208,0.757,deleterious,0.999,deleterious,0.708431,-0.797,-0.0442845,0.346153846,8.252763213,30.53461392,1,0,0,0,1,0,0,0,0
A,G,170,0.520836,0.803,deleterious,1.0,deleterious,2.68356,7.381,5.03228,0.297619048,9.497511873,28.39627904,1,1,1,1,1,0,1,0,0
D,G,170,0.565281,0.854,deleterious,1.0,deleterious,7.30167,9.574,8.437835,0.297619048,9.497511873,28.39627904,1,1,1,1,1,0,1,0,0
V,G,170,0.59942,0.883,deleterious,1.0,deleterious,8.37408,14.861,11.61754,0.297619048,9.497511873,28.39627904,1,1,1,1,1,0,1,0,0
C,G,170,0.600536,0.846,deleterious,1.0,deleterious,3.75134,9.616,6.68367,0.297619048,9.497511873,28.39627904,1,1,1,1,1,0,1,0,0
R,G,170,0.600537,0.892,deleterious,1.0,deleterious,8.80453,12.833,10.818765,0.297619048,9.497511873,28.39627904,1,1,1,1,1,0,1,0,0
S,G,170,0.517142,0.805,deleterious,1.0,deleterious,5.40752,8.689,7.04826,0.297619048,9.497511873,28.39627904,1,1,1,1,1,0,1,0,0
H,L,169,0.560417,0.735,prob.delet.,0.995,deleterious,2.14079,1.751,1.945895,0.298780488,10.94691323,28.66215849,1,1,0,0,1,0,0,0,0
P,L,169,0.529494,0.711,prob.delet.,0.998,deleterious,0.568491,2.675,1.6217455,0.298780488,10.94691323,28.66215849,1,0,0,0,1,0,0,0,0
R,L,169,0.495586,0.683,prob.neutral,0.933,deleterious,1.06807,1.069,1.068535,0.298780488,10.94691323,28.66215849,1,0,0,0,1,0,0,0,0
F,L,169,0.342587,0.593,neutral,0.116,neutral,1.792,0.604,1.198,0.298780488,10.94691323,28.66215849,1,1,0,0,1,0,0,0,0
I,L,169,0.214672,0.271,neutral,0.018,neutral,0.413684,-1.548,-0.567158,0.298780488,10.94691323,28.66215849,1,0,0,0,1,0,0,0,0
V,L,169,0.259911,0.344,neutral,0.01,neutral,0.996069,1.171,1.0835345,0.298780488,10.94691323,28.66215849,1,0,0,0,1,0,0,0,0
D,E,168,-0.0881211,0.349,neutral,0.072,neutral,0.253377,0.114,0.1836885,0.701030928,11.90712185,31.6852385,0,0,0,0,1,0,0,0,0
A,E,168,0.030197,0.349,neutral,0.111,neutral,0.879818,1.402,1.140909,0.701030928,11.90712185,31.6852385,0,0,0,0,1,0,0,0,0
G,E,168,0.0500312,0.437,neutral,0.668,deleterious,0.889315,4.672,2.7806575,0.701030928,11.90712185,31.6852385,0,0,0,1,1,0,1,0,0
V,E,168,0.0219472,0.346,neutral,0.003,neutral,0.319605,-1.186,-0.4331975,0.701030928,11.90712185,31.6852385,0,0,0,0,1,0,0,0,0
K,E,168,-0.0949269,0.147,neutral,0.001,neutral,0.401051,-0.093,0.1540255,0.701030928,11.90712185,31.6852385,0,0,0,0,1,0,0,0,0
Q,E,168,-0.113911,0.114,neutral,0.004,neutral,0.221084,-1.084,-0.431458,0.701030928,11.90712185,31.6852385,0,0,0,0,1,0,0,0,0
A,G,167,0.484518,0.682,prob.neutral,0.999,deleterious,1.37048,10.299,5.83474,0.25,11.97096966,31.50372555,1,0,1,1,1,0,1,0,0
D,G,167,0.542008,0.679,prob.neutral,0.999,deleterious,0.907811,3.573,2.2404055,0.25,11.97096966,31.50372555,1,0,0,0,1,0,0,0,0
V,G,167,0.58783,0.791,deleterious,1.0,deleterious,4.20867,3.159,3.683835,0.25,11.97096966,31.50372555,1,1,0,1,1,0,1,0,0
C,G,167,0.507824,0.815,deleterious,1.0,deleterious,0.958351,11.419,6.1886755,0.25,11.97096966,31.50372555,1,0,1,1,1,0,1,0,0
R,G,167,0.483539,0.792,deleterious,1.0,deleterious,1.2275,0.55,0.88875,0.25,11.97096966,31.50372555,1,0,0,0,1,0,0,0,0
S,G,167,0.43954,0.743,deleterious,0.999,deleterious,0.925034,1.703,1.314017,0.25,11.97096966,31.50372555,1,0,0,0,1,0,0,0,0
A,G,166,0.226429,0.865,deleterious,0.999,deleterious,2.49079,3.601,3.045895,0.785714286,14.57034277,31.55500799,1,1,0,1,0,0,1,0,0
E,G,166,0.597773,0.861,deleterious,1.0,deleterious,2.58812,2.589,2.58856,0.785714286,14.57034277,31.55500799,1,1,0,1,0,0,1,0,0
V,G,166,0.600466,0.869,deleterious,1.0,deleterious,4.84239,6.418,5.630195,0.785714286,14.57034277,31.55500799,1,1,1,1,0,0,1,0,0
R,G,166,0.588139,0.893,deleterious,1.0,deleterious,1.48522,0.748,1.11661,0.785714286,14.57034277,31.55500799,1,1,0,0,0,0,0,0,0
F,L,165,0.246363,0.538,neutral,0.066,neutral,1.97803,8.85,5.414015,0.329268293,12.78113351,29.08636389,1,1,1,1,1,0,1,0,0
S,L,165,0.48358,0.513,neutral,0.431,neutral,3.05567,8.258,5.656835,0.329268293,12.78113351,29.08636389,1,1,1,1,1,0,1,0,0
I,L,165,0.101953,0.589,neutral,0.136,neutral,1.36179,11.688,6.524895,0.329268293,12.78113351,29.08636389,0,0,1,1,1,0,1,0,0
V,L,165,0.230625,0.543,neutral,0.171,neutral,2.60499,5.495,4.049995,0.329268293,12.78113351,29.08636389,1,1,1,1,1,0,1,0,0
I,M,164,-0.1414853333333333,0.061,neutral,0.0,neutral,0.66721,-0.139,0.264105,0.276595745,13.80891578,26.50018817,0,0,0,0,0,0,0,0,0
K,M,164,0.155941,0.414,neutral,0.053,neutral,2.01892,2.937,2.47796,0.276595745,13.80891578,26.50018817,1,1,0,1,0,0,1,0,0
R,M,164,0.121157,0.461,neutral,0.371,neutral,2.45236,3.104,2.77818,0.276595745,13.80891578,26.50018817,0,1,0,1,0,0,1,0,0
T,M,164,0.114391,0.392,neutral,0.083,neutral,2.61729,5.861,4.239145,0.276595745,13.80891578,26.50018817,0,1,1,1,0,0,1,0,0
L,M,164,0.0163393999999999,0.057,neutral,0.0,neutral,0.427711,-1.614,-0.5931445,0.276595745,13.80891578,26.50018817,0,0,0,0,0,0,0,0,0
V,M,164,0.0422158,0.191,neutral,0.004,neutral,1.52701,2.94,2.233505,0.276595745,13.80891578,26.50018817,0,1,0,0,0,0,0,0,0
D,E,163,0.3158115,0.658,neutral,0.434,neutral,1.74783,3.771,2.759415,0.402061856,12.60116596,27.15777712,1,1,0,1,1,0,1,0,0
A,E,163,0.575887,0.645,neutral,0.856,deleterious,1.21992,1.145,1.18246,0.402061856,12.60116596,27.15777712,1,0,0,0,1,0,0,0,0
G,E,163,0.595391,0.715,prob.delet.,0.986,deleterious,2.58343,5.327,3.955215,0.402061856,12.60116596,27.15777712,1,1,1,1,1,0,1,0,0
V,E,163,0.551278,0.707,prob.delet.,0.866,deleterious,1.58821,3.633,2.610605,0.402061856,12.60116596,27.15777712,1,1,0,1,1,0,1,0,0
K,E,163,0.518707,0.371,neutral,0.129,neutral,1.00473,3.673,2.338865,0.402061856,12.60116596,27.15777712,1,0,0,0,1,0,0,0,0
Q,E,163,0.279776,0.326,neutral,0.096,neutral,0.61607,2.072,1.344035,0.402061856,12.60116596,27.15777712,1,0,0,0,1,0,0,0,0
M,I,162,0.395391,0.436,neutral,0.735,deleterious,1.19457,6.975,4.084785,0.0,8.97069421,26.50172377,1,0,1,1,1,1,1,0,0
N,I,162,0.351563,0.698,prob.neutral,0.962,deleterious,1.35895,5.558,3.458475,0.0,8.97069421,26.50172377,1,0,1,1,1,1,1,0,0
S,I,162,0.51949,0.857,deleterious,1.0,deleterious,1.93361,11.476,6.704805,0.0,8.97069421,26.50172377,1,1,1,1,1,1,1,0,0
T,I,162,0.541926,0.814,deleterious,1.0,deleterious,2.13149,6.513,4.322245,0.0,8.97069421,26.50172377,1,1,1,1,1,1,1,0,0
F,I,162,0.494732,0.72,prob.delet.,0.994,deleterious,20.2025,13.47,16.83625,0.0,8.97069421,26.50172377,1,1,1,1,1,1,1,0,0
L,I,162,0.277312,0.635,neutral,0.405,neutral,3.16395,6.076,4.619975,0.0,8.97069421,26.50172377,1,1,1,1,1,1,1,0,0
V,I,162,0.169543,0.569,neutral,0.473,neutral,0.296622,2.629,1.462811,0.0,8.97069421,26.50172377,1,0,0,0,1,1,1,0,0
E,A,161,0.615388,0.911,deleterious,1.0,deleterious,13.9842,21.303,17.6436,0.0,9.697876249,23.19198454,1,1,1,1,1,1,1,0,0
G,A,161,0.428038,0.549,neutral,0.286,neutral,1.75979,7.93,4.844895,0.0,9.697876249,23.19198454,1,1,1,1,1,1,1,0,0
V,A,161,0.604596,0.875,deleterious,1.0,deleterious,4.44249,10.993,7.717745,0.0,9.697876249,23.19198454,1,1,1,1,1,1,1,0,0
P,A,161,0.590736,0.906,deleterious,1.0,deleterious,6.42698,30.974,18.70049,0.0,9.697876249,23.19198454,1,1,1,1,1,1,1,0,0
S,A,161,0.360696,0.809,deleterious,1.0,deleterious,1.29499,6.373,3.833995,0.0,9.697876249,23.19198454,1,0,1,1,1,1,1,0,0
T,A,161,0.587022,0.871,deleterious,1.0,deleterious,2.67503,7.998,5.336515,0.0,9.697876249,23.19198454,1,1,1,1,1,1,1,0,0
S,R,160,0.522761,0.826,deleterious,0.998,deleterious,2.59342,8.711,5.65221,0.205645161,11.33485429,22.33513691,1,1,1,1,1,0,1,0,0
I,R,160,0.561761,0.905,deleterious,0.998,deleterious,1.06342,1.232,1.14771,0.205645161,11.33485429,22.33513691,1,0,0,0,1,0,0,0,0
K,R,160,0.574495,0.763,deleterious,0.972,deleterious,0.514934,6.97,3.742467,0.205645161,11.33485429,22.33513691,1,0,1,1,1,0,1,0,0
T,R,160,0.586782,0.829,deleterious,0.999,deleterious,1.28317,5.339,3.311085,0.205645161,11.33485429,22.33513691,1,0,1,1,1,0,1,0,0
G,R,160,0.553435,0.867,deleterious,0.998,deleterious,3.80229,11.475,7.638645,0.205645161,11.33485429,22.33513691,1,1,1,1,1,0,1,0,0
K,N,159,0.1033885,0.867,deleterious,1.0,deleterious,2.04293,12.142,7.092465,0.038216561,8.658723727,23.5671591,0,1,1,1,1,1,1,0,0
I,N,159,0.463884,0.955,deleterious,1.0,deleterious,0.802361,6.438,3.6201805,0.038216561,8.658723727,23.5671591,1,0,1,1,1,1,1,0,0
S,N,159,0.0967818,0.841,deleterious,1.0,deleterious,1.88332,7.057,4.47016,0.038216561,8.658723727,23.5671591,0,1,1,1,1,1,1,0,0
T,N,159,0.197565,0.867,deleterious,1.0,deleterious,2.50298,6.727,4.61499,0.038216561,8.658723727,23.5671591,1,1,1,1,1,1,1,0,0
D,N,159,0.21606,0.872,deleterious,1.0,deleterious,1.8249,5.125,3.47495,0.038216561,8.658723727,23.5671591,1,1,1,1,1,1,1,0,0
H,N,159,0.234811,0.839,deleterious,1.0,deleterious,2.14761,1.809,1.978305,0.038216561,8.658723727,23.5671591,1,1,0,0,1,1,1,0,0
Y,N,159,0.4992,0.948,deleterious,1.0,deleterious,-0.707329,0.325,-0.1911645,0.038216561,8.658723727,23.5671591,1,0,0,0,1,1,1,0,0
R,S,158,0.564449,0.931,deleterious,1.0,deleterious,2.28403,1.8,2.042015,0.007692308,6.073362531,21.74771564,1,1,0,0,1,1,1,0,0
I,S,158,0.599242,0.958,deleterious,1.0,deleterious,4.47096,10.952,7.71148,0.007692308,6.073362531,21.74771564,1,1,1,1,1,1,1,0,0
N,S,158,0.198977,0.879,deleterious,0.971,deleterious,4.73439,2.238,3.486195,0.007692308,6.073362531,21.74771564,1,1,0,1,1,1,1,0,0
T,S,158,0.347623,0.856,deleterious,0.434,neutral,2.40525,0.658,1.531625,0.007692308,6.073362531,21.74771564,1,1,0,0,1,1,1,0,0
C,S,158,0.534747,0.841,deleterious,0.879,deleterious,0.956797,-0.341,0.3078985,0.007692308,6.073362531,21.74771564,1,0,0,0,1,1,1,0,0
G,S,158,0.349745,0.487,neutral,0.19,neutral,0.657693,1.007,0.8323465,0.007692308,6.073362531,21.74771564,1,0,0,0,1,1,1,0,0
R,S,158,0.600342,0.931,deleterious,1.0,deleterious,2.28403,1.8,2.042015,0.007692308,6.073362531,21.74771564,1,1,0,0,1,1,1,0,0
M,I,157,0.482837,0.85,deleterious,0.995,deleterious,1.59235,6.151,3.871675,0.0,9.448455878,18.34344338,1,1,1,1,1,1,1,0,0
N,I,157,0.427402,0.871,deleterious,1.0,deleterious,3.63661,8.445,6.040805,0.0,9.448455878,18.34344338,1,1,1,1,1,1,1,0,0
S,I,157,0.613693,0.806,deleterious,1.0,deleterious,4.34665,13.661,9.003825,0.0,9.448455878,18.34344338,1,1,1,1,1,1,1,0,0
T,I,157,0.611694,0.707,prob.delet.,1.0,deleterious,3.24285,7.841,5.541925,0.0,9.448455878,18.34344338,1,1,1,1,1,1,1,0,0
F,I,157,0.582295,0.81,deleterious,0.999,deleterious,8.78758,10.238,9.51279,0.0,9.448455878,18.34344338,1,1,1,1,1,1,1,0,0
L,I,157,0.280349,0.409,neutral,0.044,neutral,1.30619,2.681,1.993595,0.0,9.448455878,18.34344338,1,0,0,0,1,1,1,0,0
V,I,157,0.146845,0.605,neutral,0.8,deleterious,1.13528,2.62,1.87764,0.0,9.448455878,18.34344338,1,0,0,0,1,1,1,0,0
A,V,156,0.614662,0.879,deleterious,1.0,deleterious,2.1562,8.03,5.0931,0.0,10.77371656,18.83916212,1,1,1,1,1,1,1,0,0
D,V,156,0.616218,0.955,deleterious,1.0,deleterious,4.3517,13.826,9.08885,0.0,10.77371656,18.83916212,1,1,1,1,1,1,1,0,0
G,V,156,0.61622,0.929,deleterious,1.0,deleterious,3.9677,14.292,9.12985,0.0,10.77371656,18.83916212,1,1,1,1,1,1,1,0,0
F,V,156,0.599421,0.943,deleterious,1.0,deleterious,14.8377,12.547,13.69235,0.0,10.77371656,18.83916212,1,1,1,1,1,1,1,0,0
I,V,156,0.261404,0.779,deleterious,1.0,deleterious,2.3175,3.872,3.09475,0.0,10.77371656,18.83916212,1,1,0,1,1,1,1,0,0
L,V,156,0.59651,0.871,deleterious,1.0,deleterious,0.440177,9.64,5.0400885,0.0,10.77371656,18.83916212,1,0,1,1,1,1,1,0,0
D,E,155,0.5551280000000001,0.775,deleterious,0.996,deleterious,3.17555,5.016,4.095775,0.036082474,8.24877317,20.19287577,1,1,1,1,1,1,1,0,0
A,E,155,0.599845,0.821,deleterious,1.0,deleterious,2.46463,5.824,4.144315,0.036082474,8.24877317,20.19287577,1,1,1,1,1,1,1,0,0
G,E,155,0.60122,0.853,deleterious,1.0,deleterious,3.58569,10.016,6.800845,0.036082474,8.24877317,20.19287577,1,1,1,1,1,1,1,0,0
V,E,155,0.600753,0.877,deleterious,1.0,deleterious,3.20325,2.636,2.919625,0.036082474,8.24877317,20.19287577,1,1,0,1,1,1,1,0,0
K,E,155,0.596363,0.797,deleterious,1.0,deleterious,3.99244,11.427,7.70972,0.036082474,8.24877317,20.19287577,1,1,1,1,1,1,1,0,0
Q,E,155,0.553336,0.782,deleterious,0.995,deleterious,2.17787,2.672,2.424935,0.036082474,8.24877317,20.19287577,1,1,0,1,1,1,1,0,0
K,N,154,0.159966,0.929,deleterious,1.0,deleterious,2.35924,6.676,4.51762,0.044585987,6.478360462,17.55692586,1,1,1,1,1,1,1,0,0
I,N,154,0.4028,0.927,deleterious,1.0,deleterious,1.91107,2.397,2.154035,0.044585987,6.478360462,17.55692586,1,1,0,0,1,1,1,0,0
S,N,154,0.161387,0.849,deleterious,0.999,deleterious,1.31091,5.192,3.251455,0.044585987,6.478360462,17.55692586,1,0,1,1,1,1,1,0,0
T,N,154,0.195858,0.679,prob.neutral,0.996,deleterious,1.39548,3.908,2.65174,0.044585987,6.478360462,17.55692586,1,0,0,1,1,1,1,0,0
D,N,154,0.325226,0.891,deleterious,1.0,deleterious,2.25196,4.193,3.22248,0.044585987,6.478360462,17.55692586,1,1,0,1,1,1,1,0,0
H,N,154,0.22306,0.914,deleterious,1.0,deleterious,8.8528,6.069,7.4609,0.044585987,6.478360462,17.55692586,1,1,1,1,1,1,1,0,0
Y,N,154,0.600956,0.927,deleterious,1.0,deleterious,13.1221,8.155,10.63855,0.044585987,6.478360462,17.55692586,1,1,1,1,1,1,1,0,0
A,V,153,0.477793,0.597,neutral,0.161,neutral,2.31806,4.246,3.28203,0.0,9.335226698,14.73459513,1,1,0,1,1,1,1,0,0
E,V,153,0.592923,0.889,deleterious,0.998,deleterious,3.47822,8.57,6.02411,0.0,9.335226698,14.73459513,1,1,1,1,1,1,1,0,0
G,V,153,0.607346,0.875,deleterious,0.96,deleterious,4.46328,11.141,7.80214,0.0,9.335226698,14.73459513,1,1,1,1,1,1,1,0,0
I,V,153,0.154478,0.459,neutral,0.04,neutral,0.633593,-1.136,-0.2512035,0.0,9.335226698,14.73459513,1,0,0,0,1,1,1,0,0
L,V,153,0.496405,0.537,neutral,0.016,neutral,-0.0977692,0.672,0.2871154,0.0,9.335226698,14.73459513,1,0,0,0,1,1,1,0,0
K,N,152,0.1524205,0.921,deleterious,1.0,deleterious,5.20955,14.404,9.806775,0.006369427,11.14334808,16.94796512,1,1,1,1,1,1,1,0,0
I,N,152,0.435894,0.959,deleterious,1.0,deleterious,1.0548,1.281,1.1679,0.006369427,11.14334808,16.94796512,1,0,0,0,1,1,1,0,0
S,N,152,0.174457,0.842,deleterious,1.0,deleterious,0.733856,4.128,2.430928,0.006369427,11.14334808,16.94796512,1,0,0,1,1,1,1,0,0
T,N,152,0.22522,0.92,deleterious,1.0,deleterious,0.126976,-1.651,-0.762012,0.006369427,11.14334808,16.94796512,1,0,0,0,1,1,1,0,0
D,N,152,0.298458,0.882,deleterious,1.0,deleterious,2.76601,5.574,4.170005,0.006369427,11.14334808,16.94796512,1,1,1,1,1,1,1,0,0
H,N,152,0.219212,0.907,deleterious,1.0,deleterious,9.48159,11.936,10.708795,0.006369427,11.14334808,16.94796512,1,1,1,1,1,1,1,0,0
Y,N,152,0.600956,0.951,deleterious,1.0,deleterious,24.4949,12.915,18.70495,0.006369427,11.14334808,16.94796512,1,1,1,1,1,1,1,0,0
I,M,151,0.5898996666666666,0.838,deleterious,0.905,deleterious,-0.185562,-0.366,-0.275781,0.218085106,8.169357742,17.70505786,1,0,0,0,1,0,0,0,0
K,M,151,0.609382,0.919,deleterious,0.985,deleterious,0.263284,0.513,0.388142,0.218085106,8.169357742,17.70505786,1,0,0,0,1,0,0,0,0
R,M,151,0.609977,0.917,deleterious,0.993,deleterious,-0.433057,1.095,0.3309715,0.218085106,8.169357742,17.70505786,1,0,0,0,1,0,0,0,0
T,M,151,0.610312,0.92,deleterious,0.995,deleterious,1.00094,2.961,1.98097,0.218085106,8.169357742,17.70505786,1,0,0,0,1,0,0,0,0
L,M,151,0.5793945,0.707,prob.delet.,0.798,deleterious,0.0789416,-2.064,-0.9925292,0.218085106,8.169357742,17.70505786,1,0,0,0,1,0,0,0,0
V,M,151,0.569277,0.466,neutral,0.571,deleterious,0.944764,0.917,0.930882,0.218085106,8.169357742,17.70505786,1,0,0,0,1,0,0,0,0
K,N,150,0.1291189999999999,0.823,deleterious,1.0,deleterious,3.03849,8.646,5.842245,0.01910828,7.082169518,14.16599627,1,1,1,1,1,1,1,0,0
I,N,150,0.375471,0.884,deleterious,1.0,deleterious,0.878112,-0.538,0.170056,0.01910828,7.082169518,14.16599627,1,0,0,0,1,1,1,0,0
S,N,150,0.179679,0.82,deleterious,1.0,deleterious,2.56224,4.011,3.28662,0.01910828,7.082169518,14.16599627,1,1,0,1,1,1,1,0,0
T,N,150,0.264884,0.822,deleterious,1.0,deleterious,1.20199,0.939,1.070495,0.01910828,7.082169518,14.16599627,1,0,0,0,1,1,1,0,0
D,N,150,0.202839,0.825,deleterious,1.0,deleterious,1.82253,1.999,1.910765,0.01910828,7.082169518,14.16599627,1,1,0,0,1,1,1,0,0
H,N,150,0.230591,0.796,deleterious,0.994,deleterious,8.24913,4.467,6.358065,0.01910828,7.082169518,14.16599627,1,1,0,1,1,1,1,0,0
Y,N,150,0.600956,0.871,deleterious,1.0,deleterious,15.0865,13.001,14.04375,0.01910828,7.082169518,14.16599627,1,1,1,1,1,1,1,0,0
I,T,149,0.319912,0.934,deleterious,1.0,deleterious,-0.241234,-4.582,-2.411617,0.007042254,9.749012716,12.96242883,1,0,0,0,1,1,1,0,0
K,T,149,0.469434,0.92,deleterious,1.0,deleterious,1.45716,7.191,4.32408,0.007042254,9.749012716,12.96242883,1,0,1,1,1,1,1,0,0
R,T,149,0.435718,0.938,deleterious,1.0,deleterious,6.9437,7.328,7.13585,0.007042254,9.749012716,12.96242883,1,1,1,1,1,1,1,0,0
A,T,149,0.287753,0.741,deleterious,0.961,deleterious,1.12206,0.519,0.82053,0.007042254,9.749012716,12.96242883,1,0,0,0,1,1,1,0,0
P,T,149,0.556585,0.934,deleterious,0.998,deleterious,7.39933,17.056,12.227665,0.007042254,9.749012716,12.96242883,1,1,1,1,1,1,1,0,0
S,T,149,0.0261424,0.327,neutral,0.098,neutral,1.66997,5.969,3.819485,0.007042254,9.749012716,12.96242883,0,1,1,1,1,1,1,0,0
H,Q,148,0.3584724999999999,0.74,deleterious,0.928,deleterious,1.24538,3.727,2.48619,0.03030303,8.450609962,13.82897177,1,0,0,1,1,1,1,0,0
L,Q,148,0.577776,0.835,deleterious,0.997,deleterious,-0.668428,1.513,0.422286,0.03030303,8.450609962,13.82897177,1,0,0,0,1,1,1,0,0
P,Q,148,0.590533,0.875,deleterious,1.0,deleterious,1.46321,4.415,2.939105,0.03030303,8.450609962,13.82897177,1,0,0,1,1,1,1,0,0
R,Q,148,0.583966,0.824,deleterious,0.997,deleterious,1.30015,6.621,3.960575,0.03030303,8.450609962,13.82897177,1,0,1,1,1,1,1,0,0
E,Q,148,0.398957,0.751,deleterious,0.987,deleterious,0.373878,1.686,1.029939,0.03030303,8.450609962,13.82897177,1,0,0,0,1,1,1,0,0
K,Q,148,0.550679,0.8,deleterious,1.0,deleterious,-0.165516,10.242,5.038242,0.03030303,8.450609962,13.82897177,1,0,1,1,1,1,1,0,0
I,T,147,0.613889,0.865,deleterious,0.999,deleterious,0.264704,-3.341,-1.538148,0.147887324,5.180450275,13.43498469,1,0,0,0,1,1,1,1,0
N,T,147,0.269603,0.695,prob.neutral,0.571,deleterious,0.811809,-2.023,-0.6055955,0.147887324,5.180450275,13.43498469,1,0,0,0,1,1,1,1,0
S,T,147,0.484518,0.821,deleterious,0.859,deleterious,-0.683686,-0.869,-0.776343,0.147887324,5.180450275,13.43498469,1,0,0,0,1,1,1,1,0
A,T,147,0.590539,0.819,deleterious,0.859,deleterious,-0.292597,-2.88,-1.5862985,0.147887324,5.180450275,13.43498469,1,0,0,0,1,1,1,1,0
P,T,147,0.597179,0.864,deleterious,0.998,deleterious,2.73933,8.832,5.785665,0.147887324,5.180450275,13.43498469,1,1,1,1,1,1,1,1,0
S,T,147,0.468383,0.821,deleterious,0.859,deleterious,-0.683686,-0.869,-0.776343,0.147887324,5.180450275,13.43498469,1,0,0,0,1,1,1,1,0
A,G,146,0.560146,0.797,deleterious,1.0,deleterious,10.7111,6.383,8.54705,0.0,7.572419114,9.701843218,1,1,1,1,1,1,1,0,0
E,G,146,0.598251,0.936,deleterious,1.0,deleterious,28.6739,22.846,25.75995,0.0,7.572419114,9.701843218,1,1,1,1,1,1,1,0,0
V,G,146,0.598261,0.934,deleterious,1.0,deleterious,29.3407,9.802,19.57135,0.0,7.572419114,9.701843218,1,1,1,1,1,1,1,0,0
R,G,146,0.5979034999999999,0.929,deleterious,1.0,deleterious,38.341,28.894,33.6175,0.0,7.572419114,9.701843218,1,1,1,1,1,1,1,0,0
L,S,145,0.594241,0.881,deleterious,1.0,deleterious,6.26045,2.789,4.524725,0.0,5.998516829,10.23301782,1,1,0,1,1,1,1,1,0
A,S,145,0.264572,0.463,neutral,0.966,deleterious,-0.600383,-1.262,-0.9311915,0.0,5.998516829,10.23301782,1,0,0,0,1,1,1,1,0
P,S,145,0.613187,0.933,deleterious,1.0,deleterious,0.193219,11.925,6.0591095,0.0,5.998516829,10.23301782,1,0,1,1,1,1,1,1,0
T,S,145,0.372256,0.866,deleterious,0.996,deleterious,2.83745,-0.969,0.934225,0.0,5.998516829,10.23301782,1,1,0,0,1,1,1,1,0
A,G,144,0.492951,0.857,deleterious,1.0,deleterious,4.74505,8.302,6.523525,0.0,5.34484575,8.134386439,1,1,1,1,1,1,1,1,0
E,G,144,0.580284,0.914,deleterious,1.0,deleterious,15.3943,37.78,26.58715,0.0,5.34484575,8.134386439,1,1,1,1,1,1,1,1,0
V,G,144,0.59985,0.911,deleterious,1.0,deleterious,18.4794,29.863,24.1712,0.0,5.34484575,8.134386439,1,1,1,1,1,1,1,1,0
R,G,144,0.591025,0.909,deleterious,1.0,deleterious,26.6034,44.831,35.7172,0.0,5.34484575,8.134386439,1,1,1,1,1,1,1,1,0
I,T,143,0.41474,0.887,deleterious,1.0,deleterious,-0.99521,-4.139,-2.567105,0.035211268,6.006514492,10.35604997,1,0,0,0,1,1,1,0,0
N,T,143,0.238767,0.905,deleterious,1.0,deleterious,2.88921,1.132,2.010605,0.035211268,6.006514492,10.35604997,1,1,0,0,1,1,1,0,0
S,T,143,0.330297,0.881,deleterious,0.989,deleterious,0.632326,0.799,0.715663,0.035211268,6.006514492,10.35604997,1,0,0,0,1,1,1,0,0
A,T,143,0.171376,0.559,neutral,0.959,deleterious,0.324505,-1.666,-0.6707475,0.035211268,6.006514492,10.35604997,1,0,0,0,1,1,1,0,0
P,T,143,0.42696,0.884,deleterious,1.0,deleterious,0.297654,0.633,0.465327,0.035211268,6.006514492,10.35604997,1,0,0,0,1,1,1,0,0
S,T,143,0.314127,0.881,deleterious,0.989,deleterious,0.632326,0.799,0.715663,0.035211268,6.006514492,10.35604997,1,0,0,0,1,1,1,0,0
H,Q,142,0.490781,0.899,deleterious,1.0,deleterious,32.9892,6.959,19.9741,0.015151515,7.401352783,9.228974936,1,1,1,1,1,1,1,0,0
L,Q,142,0.455503,0.903,deleterious,1.0,deleterious,1.60303,-0.407,0.598015,0.015151515,7.401352783,9.228974936,1,1,0,0,1,1,1,0,0
P,Q,142,0.600399,0.924,deleterious,1.0,deleterious,6.29186,21.791,14.04143,0.015151515,7.401352783,9.228974936,1,1,1,1,1,1,1,0,0
R,Q,142,0.586137,0.945,deleterious,1.0,deleterious,10.3579,16.653,13.50545,0.015151515,7.401352783,9.228974936,1,1,1,1,1,1,1,0,0
E,Q,142,0.381294,0.863,deleterious,1.0,deleterious,3.14449,4.069,3.606745,0.015151515,7.401352783,9.228974936,1,1,0,1,1,1,1,0,0
K,Q,142,0.615371,0.956,deleterious,1.0,deleterious,4.36767,12.487,8.427335,0.015151515,7.401352783,9.228974936,1,1,1,1,1,1,1,0,0
C,W,141,0.598607,0.868,deleterious,1.0,deleterious,5.47848,16.7,11.08924,0.008810573,8.076621459,7.231436792,1,1,1,1,1,1,1,0,0
L,W,141,0.480103,0.839,deleterious,1.0,deleterious,2.5991,11.194,6.89655,0.008810573,8.076621459,7.231436792,1,1,1,1,1,1,1,0,0
S,W,141,0.597493,0.866,deleterious,1.0,deleterious,7.11418,17.125,12.11959,0.008810573,8.076621459,7.231436792,1,1,1,1,1,1,1,0,0
G,W,141,0.59776,0.865,deleterious,1.0,deleterious,7.42618,21.0,14.21309,0.008810573,8.076621459,7.231436792,1,1,1,1,1,1,1,0,0
R,W,141,0.598628,0.861,deleterious,1.0,deleterious,4.70629,15.012,9.859145,0.008810573,8.076621459,7.231436792,1,1,1,1,1,1,1,0,0
A,V,140,0.273914,0.626,neutral,0.747,deleterious,1.90832,2.798,2.35316,0.0,10.95893264,6.201183642,1,1,0,0,1,1,1,0,0
E,V,140,0.590652,0.829,deleterious,0.998,deleterious,3.88045,8.324,6.102225,0.0,10.95893264,6.201183642,1,1,1,1,1,1,1,0,0
G,V,140,0.595247,0.821,deleterious,0.994,deleterious,2.97548,9.33,6.15274,0.0,10.95893264,6.201183642,1,1,1,1,1,1,1,0,0
I,V,140,-0.0814176,0.116,neutral,0.0,neutral,-0.206252,-0.002,-0.104126,0.0,10.95893264,6.201183642,0,0,0,0,1,1,1,0,0
L,V,140,0.2658855,0.405,neutral,0.339,neutral,-0.859543,1.237,0.1887285,0.0,10.95893264,6.201183642,1,0,0,0,1,1,1,0,0
A,V,139,0.10006,0.409,neutral,0.062,neutral,1.39434,3.317,2.35567,0.070422535,12.99736087,9.996182055,0,0,0,0,1,1,1,0,0
E,V,139,0.512542,0.922,deleterious,0.928,deleterious,3.23375,8.295,5.764375,0.070422535,12.99736087,9.996182055,1,1,1,1,1,1,1,0,0
G,V,139,0.499561,0.912,deleterious,0.982,deleterious,2.01362,7.667,4.84031,0.070422535,12.99736087,9.996182055,1,1,1,1,1,1,1,0,0
L,V,139,0.25682,0.726,prob.delet.,0.645,deleterious,-0.0124327,-2.273,-1.14271635,0.070422535,12.99736087,9.996182055,1,0,0,0,1,1,1,0,0
M,V,139,0.302631,0.77,deleterious,0.999,deleterious,0.284786,3.811,2.047893,0.070422535,12.99736087,9.996182055,1,0,0,0,1,1,1,0,0
H,L,138,0.597794,0.915,deleterious,1.0,deleterious,2.49529,7.333,4.914145,0.048780488,14.92142233,12.99549336,1,1,1,1,0,1,1,0,0
P,L,138,0.597794,0.953,deleterious,1.0,deleterious,2.56979,13.917,8.243395,0.048780488,14.92142233,12.99549336,1,1,1,1,0,1,1,0,0
R,L,138,0.597415,0.957,deleterious,1.0,deleterious,4.26078,10.085,7.17289,0.048780488,14.92142233,12.99549336,1,1,1,1,0,1,1,0,0
F,L,138,0.474854,0.922,deleterious,1.0,deleterious,3.95058,7.958,5.95429,0.048780488,14.92142233,12.99549336,1,1,1,1,0,1,1,0,0
I,L,138,0.222442,0.866,deleterious,0.999,deleterious,0.891664,3.892,2.391832,0.048780488,14.92142233,12.99549336,1,0,0,0,0,1,1,0,0
V,L,138,0.274216,0.871,deleterious,0.999,deleterious,1.5188,4.646,3.0824,0.048780488,14.92142233,12.99549336,1,1,0,1,0,1,1,0,0
H,P,137,0.600251,0.863,deleterious,1.0,deleterious,3.12052,1.131,2.12576,0.308823529,18.62429531,16.07949255,1,1,0,0,0,0,0,0,0
L,P,137,0.598665,0.903,deleterious,1.0,deleterious,1.82377,-2.424,-0.300115,0.308823529,18.62429531,16.07949255,1,1,0,0,0,0,0,0,0
R,P,137,0.600251,0.904,deleterious,1.0,deleterious,2.29696,1.623,1.95998,0.308823529,18.62429531,16.07949255,1,1,0,0,0,0,0,0,0
A,P,137,0.401771,0.863,deleterious,1.0,deleterious,2.37148,2.928,2.64974,0.308823529,18.62429531,16.07949255,1,1,0,1,0,0,1,0,0
S,P,137,0.394413,0.864,deleterious,1.0,deleterious,2.66336,3.389,3.02618,0.308823529,18.62429531,16.07949255,1,1,0,1,0,0,1,0,0
T,P,137,0.601396,0.869,deleterious,1.0,deleterious,3.56735,1.151,2.359175,0.308823529,18.62429531,16.07949255,1,1,0,0,0,0,0,0,0
L,F,136,0.5189215,0.897,deleterious,1.0,deleterious,3.79573,8.237,6.016365,0.040609137,17.07182137,16.07452835,1,1,1,1,0,1,1,0,0
C,F,136,0.600476,0.911,deleterious,1.0,deleterious,3.49101,13.207,8.349005,0.040609137,17.07182137,16.07452835,1,1,1,1,0,1,1,0,0
S,F,136,0.600476,0.939,deleterious,1.0,deleterious,5.02975,16.456,10.742875,0.040609137,17.07182137,16.07452835,1,1,1,1,0,1,1,0,0
Y,F,136,0.550927,0.793,deleterious,1.0,deleterious,1.04512,1.587,1.31606,0.040609137,17.07182137,16.07452835,1,0,0,0,0,1,1,0,0
I,F,136,0.546346,0.931,deleterious,1.0,deleterious,2.08235,11.018,6.550175,0.040609137,17.07182137,16.07452835,1,1,1,1,0,1,1,0,0
L,F,136,0.569868,0.897,deleterious,1.0,deleterious,3.79573,8.237,6.016365,0.040609137,17.07182137,16.07452835,1,1,1,1,0,1,1,0,0
V,F,136,0.60036,0.929,deleterious,1.0,deleterious,3.07884,11.885,7.48192,0.040609137,17.07182137,16.07452835,1,1,1,1,0,1,1,0,0
Q,H,135,0.2848125,0.783,deleterious,0.977,deleterious,1.52504,2.604,2.06452,0.10326087,17.58800465,18.4482639,1,1,0,0,0,1,1,0,0
L,H,135,0.582117,0.921,deleterious,0.999,deleterious,0.139803,5.125,2.6324015,0.10326087,17.58800465,18.4482639,1,0,1,1,0,1,1,0,0
P,H,135,0.577344,0.913,deleterious,1.0,deleterious,4.6083,16.248,10.42815,0.10326087,17.58800465,18.4482639,1,1,1,1,0,1,1,0,0
R,H,135,0.559405,0.935,deleterious,0.999,deleterious,2.04153,7.901,4.971265,0.10326087,17.58800465,18.4482639,1,1,1,1,0,1,1,0,0
D,H,135,0.539411,0.907,deleterious,0.999,deleterious,1.09661,4.859,2.977805,0.10326087,17.58800465,18.4482639,1,0,1,1,0,1,1,0,0
N,H,135,0.174413,0.897,deleterious,0.999,deleterious,-0.0774843,1.625,0.77375785,0.10326087,17.58800465,18.4482639,1,0,0,0,0,1,1,0,0
Y,H,135,0.398925,0.893,deleterious,1.0,deleterious,0.555417,0.939,0.7472085,0.10326087,17.58800465,18.4482639,1,0,0,0,0,1,1,0,0
E,D,134,-0.1897785,0.175,neutral,0.0,neutral,-0.718289,0.832,0.0568555,0.668711656,21.12742835,18.44654643,0,0,0,0,0,0,0,0,0
A,D,134,0.112017,0.568,neutral,0.155,neutral,0.100254,1.006,0.553127,0.668711656,21.12742835,18.44654643,0,0,0,0,0,0,0,0,0
G,D,134,0.0773105,0.573,neutral,0.117,neutral,0.170825,2.163,1.1669125,0.668711656,21.12742835,18.44654643,0,0,0,0,0,0,0,0,0
V,D,134,0.367765,0.606,neutral,0.447,neutral,0.543634,1.177,0.860317,0.668711656,21.12742835,18.44654643,1,0,0,0,0,0,0,0,0
H,D,134,0.286113,0.59,neutral,0.778,deleterious,0.386316,-0.015,0.185658,0.668711656,21.12742835,18.44654643,1,0,0,0,0,0,0,0,0
N,D,134,-0.0515484,0.349,neutral,0.001,neutral,0.302619,1.042,0.6723095,0.668711656,21.12742835,18.44654643,0,0,0,0,0,0,0,0,0
Y,D,134,0.364259,0.591,neutral,0.966,deleterious,0.290964,2.51,1.400482,0.668711656,21.12742835,18.44654643,1,0,0,0,0,0,0,0,0
K,N,133,-0.113044,0.189,neutral,0.005,neutral,0.121941,-1.661,-0.7695295,0.222929936,19.55354175,14.99670353,0,0,0,0,0,0,0,0,0
I,N,133,0.0537593,0.601,neutral,0.573,deleterious,-0.0927123,-1.273,-0.68285615,0.222929936,19.55354175,14.99670353,0,0,0,0,0,0,0,0,0
S,N,133,-0.0838246,0.251,neutral,0.002,neutral,1.14363,1.122,1.132815,0.222929936,19.55354175,14.99670353,0,0,0,0,0,0,0,0,0
T,N,133,-0.0763296,0.259,neutral,0.006,neutral,1.05188,-0.599,0.22644,0.222929936,19.55354175,14.99670353,0,0,0,0,0,0,0,0,0
D,N,133,-0.213305,0.067,neutral,0.0,neutral,0.179986,0.945,0.562493,0.222929936,19.55354175,14.99670353,0,0,0,0,0,0,0,0,0
H,N,133,-0.119905,0.288,neutral,0.01,neutral,1.10735,0.794,0.950675,0.222929936,19.55354175,14.99670353,0,0,0,0,0,0,0,0,0
Y,N,133,0.030819,0.659,neutral,0.926,deleterious,0.854894,-2.469,-0.807053,0.222929936,19.55354175,14.99670353,0,0,0,0,0,0,0,0,0
F,L,132,0.209271,0.703,prob.neutral,0.768,deleterious,3.24086,2.369,2.80493,0.067073171,18.44068784,16.65767853,1,1,0,1,0,1,1,0,0
S,L,132,0.598256,0.963,deleterious,1.0,deleterious,3.67436,10.421,7.04768,0.067073171,18.44068784,16.65767853,1,1,1,1,0,1,1,0,0
I,L,132,0.200615,0.794,deleterious,0.981,deleterious,2.19381,7.731,4.962405,0.067073171,18.44068784,16.65767853,1,1,1,1,0,1,1,0,0
V,L,132,0.31429,0.791,deleterious,0.951,deleterious,1.25619,8.278,4.767095,0.067073171,18.44068784,16.65767853,1,0,1,1,0,1,1,0,0
N,K,131,-0.00426775,0.539,neutral,0.917,deleterious,0.920604,1.119,1.019802,0.648780488,20.60094307,16.62043456,0,0,0,0,0,0,0,0,0
I,K,131,0.329959,0.696,prob.neutral,0.392,neutral,0.881067,0.456,0.6685335,0.648780488,20.60094307,16.62043456,1,0,0,0,0,0,0,0,0
R,K,131,0.163171,0.35,neutral,0.019,neutral,0.117974,-0.814,-0.348013,0.648780488,20.60094307,16.62043456,1,0,0,0,0,0,0,0,0
T,K,131,0.292736,0.382,neutral,0.118,neutral,1.81623,1.78,1.798115,0.648780488,20.60094307,16.62043456,1,1,0,0,0,0,0,0,0
E,K,131,0.289843,0.335,neutral,0.013,neutral,1.28155,1.93,1.605775,0.648780488,20.60094307,16.62043456,1,0,0,0,0,0,0,0,0
Q,K,131,0.166028,0.553,neutral,0.571,deleterious,0.368346,0.361,0.364673,0.648780488,20.60094307,16.62043456,1,0,0,0,0,0,0,0,0
A,G,130,0.39585,0.838,deleterious,0.999,deleterious,3.02061,3.449,3.234805,0.30952381,20.18782372,13.06859932,1,1,0,1,0,0,1,0,0
D,G,130,0.459946,0.873,deleterious,0.999,deleterious,3.65746,2.773,3.21523,0.30952381,20.18782372,13.06859932,1,1,0,1,0,0,1,0,0
V,G,130,0.534834,0.875,deleterious,1.0,deleterious,5.54895,10.753,8.150975,0.30952381,20.18782372,13.06859932,1,1,1,1,0,0,1,0,0
C,G,130,0.349113,0.821,deleterious,1.0,deleterious,3.66474,7.741,5.70287,0.30952381,20.18782372,13.06859932,1,1,1,1,0,0,1,0,0
R,G,130,0.519961,0.881,deleterious,1.0,deleterious,4.22339,3.287,3.755195,0.30952381,20.18782372,13.06859932,1,1,0,1,0,0,1,0,0
S,G,130,0.399791,0.864,deleterious,0.998,deleterious,2.9177,7.153,5.03535,0.30952381,20.18782372,13.06859932,1,1,1,1,0,0,1,0,0
D,E,129,-0.1635215,0.115,neutral,0.0,neutral,0.231858,0.904,0.567929,0.577319588,19.68282211,12.92282949,0,0,0,0,0,0,0,0,0
A,E,129,-0.181283,0.114,neutral,0.0,neutral,-0.6835,0.395,-0.14425,0.577319588,19.68282211,12.92282949,0,0,0,0,0,0,0,0,0
G,E,129,-0.131864,0.119,neutral,0.0,neutral,-0.991082,2.559,0.783959,0.577319588,19.68282211,12.92282949,0,0,0,0,0,0,0,0,0
V,E,129,-0.0247642,0.369,neutral,0.005,neutral,0.0645269,2.549,1.30676345,0.577319588,19.68282211,12.92282949,0,0,0,0,0,0,0,0,0
K,E,129,-0.0576489,0.136,neutral,0.0,neutral,-1.34804,-1.973,-1.66052,0.577319588,19.68282211,12.92282949,0,0,0,0,0,0,0,0,0
Q,E,129,-0.13341,0.102,neutral,0.001,neutral,-0.405207,0.049,-0.1781035,0.577319588,19.68282211,12.92282949,0,0,0,0,0,0,0,0,0
D,A,128,0.130327,0.655,neutral,0.16,neutral,3.58896,7.626,5.60748,0.179245283,16.18839033,10.64883098,1,1,1,1,0,0,1,0,0
G,A,128,0.0781725,0.367,neutral,0.008,neutral,1.45825,5.507,3.482625,0.179245283,16.18839033,10.64883098,0,0,1,1,0,0,1,0,0
V,A,128,0.0214985,0.223,neutral,0.003,neutral,1.64269,4.563,3.102845,0.179245283,16.18839033,10.64883098,0,1,0,1,0,0,1,0,0
P,A,128,0.0728224,0.689,prob.neutral,0.436,neutral,8.63449,25.045,16.839745,0.179245283,16.18839033,10.64883098,0,1,1,1,0,0,1,0,0
S,A,128,-0.134007,0.267,neutral,0.0,neutral,0.534248,4.24,2.387124,0.179245283,16.18839033,10.64883098,0,0,0,0,0,0,0,0,0
T,A,128,-0.114825,0.373,neutral,0.049,neutral,1.69785,4.693,3.195425,0.179245283,16.18839033,10.64883098,0,1,0,1,0,0,1,0,0
A,V,127,0.333121,0.773,deleterious,0.987,deleterious,2.57307,7.953,5.263035,0.014084507,15.08636254,13.19713927,1,1,1,1,0,1,1,0,0
E,V,127,0.503066,0.907,deleterious,1.0,deleterious,4.46136,8.766,6.61368,0.014084507,15.08636254,13.19713927,1,1,1,1,0,1,1,0,0
G,V,127,0.562307,0.908,deleterious,0.999,deleterious,4.25138,13.798,9.02469,0.014084507,15.08636254,13.19713927,1,1,1,1,0,1,1,0,0
I,V,127,0.0483245,0.264,neutral,0.303,neutral,-0.157408,-0.305,-0.231204,0.014084507,15.08636254,13.19713927,0,0,0,0,0,1,1,0,0
L,V,127,0.214497,0.349,neutral,0.145,neutral,0.351194,0.199,0.275097,0.014084507,15.08636254,13.19713927,1,0,0,0,0,1,1,0,0
D,E,126,0.221527,0.329,neutral,0.006,neutral,2.67103,4.995,3.833015,0.25257732,16.98594195,16.00015912,1,1,1,1,0,0,1,0,0
A,E,126,0.486175,0.771,deleterious,0.971,deleterious,1.25614,3.972,2.61407,0.25257732,16.98594195,16.00015912,1,0,0,1,0,0,1,0,0
G,E,126,0.527192,0.826,deleterious,0.997,deleterious,2.67395,9.303,5.988475,0.25257732,16.98594195,16.00015912,1,1,1,1,0,0,1,0,0
V,E,126,0.560708,0.847,deleterious,0.993,deleterious,1.05918,4.84,2.94959,0.25257732,16.98594195,16.00015912,1,0,1,1,0,0,1,0,0
K,E,126,0.556184,0.754,deleterious,0.969,deleterious,0.880917,7.559,4.2199585,0.25257732,16.98594195,16.00015912,1,0,1,1,0,0,1,0,0
Q,E,126,0.294102,0.58,neutral,0.76,deleterious,-0.683467,3.406,1.3612665,0.25257732,16.98594195,16.00015912,1,0,0,0,0,0,0,0,0
E,D,125,0.0926581,0.72,prob.delet.,0.307,neutral,-0.698923,-0.213,-0.4559615,0.392638037,15.53915062,14.90461,0,0,0,0,0,0,0,0,0
A,D,125,0.291499,0.746,deleterious,0.798,deleterious,-1.1847,-2.011,-1.59785,0.392638037,15.53915062,14.90461,1,0,0,0,0,0,0,0,0
G,D,125,0.368096,0.752,deleterious,0.741,deleterious,-0.0230267,2.028,1.00248665,0.392638037,15.53915062,14.90461,1,0,0,0,0,0,0,0,0
V,D,125,0.485887,0.806,deleterious,0.897,deleterious,-0.832669,-2.918,-1.8753345,0.392638037,15.53915062,14.90461,1,0,0,0,0,0,0,0,0
H,D,125,0.321702,0.723,prob.delet.,0.996,deleterious,-0.755531,-0.759,-0.7572655,0.392638037,15.53915062,14.90461,1,0,0,0,0,0,0,0,0
N,D,125,0.0276937,0.523,neutral,0.055,neutral,-0.608434,-0.632,-0.620217,0.392638037,15.53915062,14.90461,0,0,0,0,0,0,0,0,0
Y,D,125,0.484193,0.793,deleterious,1.0,deleterious,-0.644842,-1.115,-0.879921,0.392638037,15.53915062,14.90461,1,0,0,0,0,0,0,0,0
E,A,124,0.593787,0.933,deleterious,1.0,deleterious,10.559,18.858,14.7085,0.0,11.97585887,15.0367591,1,1,1,1,1,1,1,0,0
G,A,124,0.341207,0.816,deleterious,0.975,deleterious,1.84875,6.785,4.316875,0.0,11.97585887,15.0367591,1,1,1,1,1,1,1,0,0
V,A,124,0.512783,0.818,deleterious,1.0,deleterious,4.36135,10.074,7.217675,0.0,11.97585887,15.0367591,1,1,1,1,1,1,1,0,0
P,A,124,0.585932,0.929,deleterious,1.0,deleterious,5.98044,33.505,19.74272,0.0,11.97585887,15.0367591,1,1,1,1,1,1,1,0,0
S,A,124,0.307535,0.81,deleterious,0.996,deleterious,1.15285,5.845,3.498925,0.0,11.97585887,15.0367591,1,0,1,1,1,1,1,0,0
T,A,124,0.49366,0.627,neutral,0.999,deleterious,3.00553,8.029,5.517265,0.0,11.97585887,15.0367591,1,1,1,1,1,1,1,0,0
E,A,123,0.494594,0.919,deleterious,1.0,deleterious,13.1452,22.247,17.6961,0.0,13.1772739,18.55130292,1,1,1,1,1,1,1,0,0
G,A,123,0.229552,0.913,deleterious,0.999,deleterious,2.06281,6.67,4.366405,0.0,13.1772739,18.55130292,1,1,1,1,1,1,1,0,0
V,A,123,0.147152,0.765,deleterious,0.998,deleterious,4.16043,3.055,3.607715,0.0,13.1772739,18.55130292,1,1,0,1,1,1,1,0,0
P,A,123,0.446108,0.925,deleterious,1.0,deleterious,6.06896,21.226,13.64748,0.0,13.1772739,18.55130292,1,1,1,1,1,1,1,0,0
S,A,123,0.183132,0.898,deleterious,1.0,deleterious,1.5215,5.436,3.47875,0.0,13.1772739,18.55130292,1,1,1,1,1,1,1,0,0
T,A,123,0.211202,0.928,deleterious,1.0,deleterious,3.75852,4.806,4.28226,0.0,13.1772739,18.55130292,1,1,1,1,1,1,1,0,0
N,K,122,-0.0771098,0.333,neutral,0.009,neutral,0.364493,1.504,0.9342465,0.624390244,15.19079153,19.58886283,0,0,0,0,0,0,0,0,0
M,K,122,0.11142,0.482,neutral,0.029,neutral,-0.672274,-0.787,-0.729637,0.624390244,15.19079153,19.58886283,0,0,0,0,0,0,0,0,0
R,K,122,-0.0539095,0.296,neutral,0.002,neutral,-0.58033,-1.71,-1.145165,0.624390244,15.19079153,19.58886283,0,0,0,0,0,0,0,0,0
T,K,122,0.0698071,0.389,neutral,0.005,neutral,1.01511,2.525,1.770055,0.624390244,15.19079153,19.58886283,0,0,0,0,0,0,0,0,0
E,K,122,0.047059,0.368,neutral,0.005,neutral,0.531642,1.136,0.833821,0.624390244,15.19079153,19.58886283,0,0,0,0,0,0,0,0,0
Q,K,122,-0.0842245,0.335,neutral,0.001,neutral,0.285949,1.445,0.8654745,0.624390244,15.19079153,19.58886283,0,0,0,0,0,0,0,0,0
I,M,121,-0.1385676666666666,0.196,neutral,0.0,neutral,0.557416,-1.167,-0.304792,0.10106383,12.49685997,18.48045172,0,0,0,0,1,1,1,0,0
K,M,121,0.160437,0.423,neutral,0.01,neutral,1.27115,2.903,2.087075,0.10106383,12.49685997,18.48045172,1,0,0,0,1,1,1,0,0
R,M,121,0.177416,0.57,neutral,0.047,neutral,2.28877,0.682,1.485385,0.10106383,12.49685997,18.48045172,1,1,0,0,1,1,1,0,0
T,M,121,0.00445155,0.385,neutral,0.001,neutral,2.22658,4.205,3.21579,0.10106383,12.49685997,18.48045172,0,1,0,1,1,1,1,0,0
L,M,121,-0.06470695,0.203,neutral,0.0,neutral,1.98976,-1.365,0.31238,0.10106383,12.49685997,18.48045172,0,1,0,0,1,1,1,0,0
V,M,121,-0.135498,0.195,neutral,0.0,neutral,2.4817,3.29,2.88585,0.10106383,12.49685997,18.48045172,0,1,0,1,1,1,1,0,0
M,I,120,0.163031,0.871,deleterious,0.994,deleterious,0.237902,3.896,2.066951,0.0,10.10428666,20.09096314,1,0,0,0,1,1,1,0,0
K,I,120,0.379845,0.891,deleterious,1.0,deleterious,2.11013,14.568,8.339065,0.0,10.10428666,20.09096314,1,1,1,1,1,1,1,0,0
R,I,120,0.208407,0.913,deleterious,1.0,deleterious,6.64161,11.389,9.015305,0.0,10.10428666,20.09096314,1,1,1,1,1,1,1,0,0
T,I,120,0.35672,0.846,deleterious,0.997,deleterious,3.39329,8.492,5.942645,0.0,10.10428666,20.09096314,1,1,1,1,1,1,1,0,0
L,I,120,0.182962,0.773,deleterious,0.234,neutral,1.62317,4.834,3.228585,0.0,10.10428666,20.09096314,1,1,1,1,1,1,1,0,0
V,I,120,0.0955485,0.319,neutral,0.139,neutral,1.12778,3.422,2.27489,0.0,10.10428666,20.09096314,0,0,0,0,1,1,1,0,0
E,A,119,0.358906,0.831,deleterious,0.999,deleterious,3.12029,6.778,4.949145,0.028301887,11.67877086,23.23177363,1,1,1,1,1,1,1,0,0
G,A,119,0.234042,0.755,deleterious,0.228,neutral,1.82869,5.993,3.910845,0.028301887,11.67877086,23.23177363,1,1,1,1,1,1,1,0,0
V,A,119,0.154957,0.742,deleterious,0.916,deleterious,2.61331,2.043,2.328155,0.028301887,11.67877086,23.23177363,1,1,0,0,1,1,1,0,0
P,A,119,0.309515,0.802,deleterious,0.977,deleterious,2.02895,16.498,9.263475,0.028301887,11.67877086,23.23177363,1,1,1,1,1,1,1,0,0
S,A,119,0.185323,0.331,neutral,0.014,neutral,0.725752,4.551,2.638376,0.028301887,11.67877086,23.23177363,1,0,0,1,1,1,1,0,0
T,A,119,0.14781,0.746,deleterious,0.874,deleterious,1.19018,5.604,3.39709,0.028301887,11.67877086,23.23177363,1,0,1,1,1,1,1,0,0
K,N,118,-0.193408,0.128,neutral,0.0,neutral,-0.33099,-0.227,-0.278995,0.49044586,13.68126114,23.25700202,0,0,0,0,0,0,0,0,0
I,N,118,-0.0633902,0.601,neutral,0.05,neutral,-0.568641,-1.988,-1.2783205,0.49044586,13.68126114,23.25700202,0,0,0,0,0,0,0,0,0
S,N,118,-0.242543,0.115,neutral,0.0,neutral,0.554862,1.084,0.819431,0.49044586,13.68126114,23.25700202,0,0,0,0,0,0,0,0,0
T,N,118,-0.210173,0.128,neutral,0.0,neutral,0.162185,-0.496,-0.1669075,0.49044586,13.68126114,23.25700202,0,0,0,0,0,0,0,0,0
D,N,118,-0.269993,0.107,neutral,0.0,neutral,0.49466,-0.359,0.06783,0.49044586,13.68126114,23.25700202,0,0,0,0,0,0,0,0,0
H,N,118,-0.127234,0.475,neutral,0.428,neutral,0.201597,-0.979,-0.3887015,0.49044586,13.68126114,23.25700202,0,0,0,0,0,0,0,0,0
Y,N,118,-0.0382526,0.606,neutral,0.363,neutral,-0.163266,-1.478,-0.820633,0.49044586,13.68126114,23.25700202,0,0,0,0,0,0,0,0,0
D,A,117,0.583226,0.914,deleterious,0.995,deleterious,6.62145,11.486,9.053725,0.0,11.121245,23.09350929,1,1,1,1,1,1,1,0,0
G,A,117,0.226898,0.246,neutral,0.001,neutral,1.9948,5.762,3.8784,0.0,11.121245,23.09350929,1,1,1,1,1,1,1,0,0
V,A,117,0.409413,0.368,neutral,0.049,neutral,0.311975,6.167,3.2394875,0.0,11.121245,23.09350929,1,0,1,1,1,1,1,0,0
P,A,117,0.553121,0.94,deleterious,0.998,deleterious,3.89425,23.358,13.626125,0.0,11.121245,23.09350929,1,1,1,1,1,1,1,0,0
S,A,117,0.247737,0.226,neutral,0.025,neutral,1.88855,2.998,2.443275,0.0,11.121245,23.09350929,1,1,0,1,1,1,1,0,0
T,A,117,0.333984,0.785,deleterious,0.952,deleterious,1.23387,3.768,2.500935,0.0,11.121245,23.09350929,1,0,0,1,1,1,1,0,0
M,I,116,0.0590888,0.599,neutral,0.803,deleterious,0.339788,5.111,2.725394,0.118343195,9.488889738,25.94284217,0,0,1,1,1,1,1,0,0
N,I,116,0.225381,0.747,deleterious,0.971,deleterious,2.47976,5.932,4.20588,0.118343195,9.488889738,25.94284217,1,1,1,1,1,1,1,0,0
S,I,116,0.273312,0.769,deleterious,0.971,deleterious,2.76245,9.07,5.916225,0.118343195,9.488889738,25.94284217,1,1,1,1,1,1,1,0,0
T,I,116,0.167712,0.702,prob.neutral,0.745,deleterious,1.96636,5.235,3.60068,0.118343195,9.488889738,25.94284217,1,1,1,1,1,1,1,0,0
F,I,116,0.0792991,0.609,neutral,0.931,deleterious,0.637936,3.913,2.275468,0.118343195,9.488889738,25.94284217,0,0,0,0,1,1,1,0,0
L,I,116,-0.0776306,0.195,neutral,0.0,neutral,0.541224,1.072,0.806612,0.118343195,9.488889738,25.94284217,0,0,0,0,1,1,1,0,0
V,I,116,-0.108038,0.184,neutral,0.002,neutral,0.848611,1.087,0.9678055,0.118343195,9.488889738,25.94284217,0,0,0,0,1,1,1,0,0
N,K,115,-0.06510175,0.326,neutral,0.004,neutral,0.731317,-0.334,0.1986585,0.653658537,13.16595947,28.14013218,0,0,0,0,1,0,0,0,0
M,K,115,0.309035,0.513,neutral,0.814,deleterious,-0.925015,-0.733,-0.8290075,0.653658537,13.16595947,28.14013218,1,0,0,0,1,0,0,0,0
R,K,115,0.0996854,0.322,neutral,0.002,neutral,0.278803,-0.228,0.0254015,0.653658537,13.16595947,28.14013218,0,0,0,0,1,0,0,0,0
T,K,115,0.255373,0.387,neutral,0.013,neutral,0.800827,-0.11,0.3454135,0.653658537,13.16595947,28.14013218,1,0,0,0,1,0,0,0,0
E,K,115,0.187777,0.332,neutral,0.001,neutral,0.15532,0.638,0.39666,0.653658537,13.16595947,28.14013218,1,0,0,0,1,0,0,0,0
Q,K,115,0.144105,0.455,neutral,0.225,neutral,-0.0904356,0.43,0.1697822,0.653658537,13.16595947,28.14013218,1,0,0,0,1,0,0,0,0
L,P,114,0.301457,0.349,neutral,0.197,neutral,1.54993,0.715,1.132465,0.522058824,14.12666694,27.30310012,1,1,0,0,0,0,0,0,0
Q,P,114,0.252169,0.221,neutral,0.006,neutral,1.40202,-1.237,0.08251,0.522058824,14.12666694,27.30310012,1,0,0,0,0,0,0,0,0
R,P,114,0.318121,0.461,neutral,0.373,neutral,0.787404,-2.129,-0.670798,0.522058824,14.12666694,27.30310012,1,0,0,0,0,0,0,0,0
A,P,114,0.136622,0.139,neutral,0.0,neutral,1.52875,-1.532,-0.001625,0.522058824,14.12666694,27.30310012,1,1,0,0,0,0,0,0,0
S,P,114,0.0271295,0.14,neutral,0.001,neutral,1.8379,-1.355,0.24145,0.522058824,14.12666694,27.30310012,0,1,0,0,0,0,0,0,0
T,P,114,0.190533,0.219,neutral,0.002,neutral,2.04424,-0.254,0.89512,0.522058824,14.12666694,27.30310012,1,1,0,0,0,0,0,0,0
E,D,113,0.213596,0.358,neutral,0.002,neutral,1.85551,1.783,1.819255,0.472392638,12.0516317,28.43779226,1,1,0,0,1,0,0,0,0
A,D,113,0.514145,0.699,prob.neutral,0.707,deleterious,5.4627,3.325,4.39385,0.472392638,12.0516317,28.43779226,1,1,0,1,1,0,1,0,0
G,D,113,0.560935,0.687,prob.neutral,0.636,deleterious,5.89928,6.795,6.34714,0.472392638,12.0516317,28.43779226,1,1,1,1,1,0,1,0,0
V,D,113,0.589968,0.714,prob.delet.,0.914,deleterious,5.44071,2.057,3.748855,0.472392638,12.0516317,28.43779226,1,1,0,1,1,0,1,0,0
H,D,113,0.58789,0.658,neutral,0.994,deleterious,4.95321,-1.173,1.890105,0.472392638,12.0516317,28.43779226,1,1,0,0,1,0,0,0,0
N,D,113,0.0620033,0.729,prob.delet.,0.883,deleterious,3.41066,0.819,2.11483,0.472392638,12.0516317,28.43779226,0,1,0,0,1,0,0,0,0
Y,D,113,0.595279,0.703,prob.neutral,0.999,deleterious,4.65476,3.659,4.15688,0.472392638,12.0516317,28.43779226,1,1,0,1,1,0,1,0,0
H,L,112,0.611175,0.897,deleterious,1.0,deleterious,3.24021,9.104,6.172105,0.036585366,11.2090429,25.82275372,1,1,1,1,1,1,1,0,0
P,L,112,0.612209,0.909,deleterious,1.0,deleterious,7.45827,21.466,14.462135,0.036585366,11.2090429,25.82275372,1,1,1,1,1,1,1,0,0
R,L,112,0.582229,0.896,deleterious,0.997,deleterious,2.45618,13.159,7.80759,0.036585366,11.2090429,25.82275372,1,1,1,1,1,1,1,0,0
F,L,112,0.400029,0.817,deleterious,0.993,deleterious,5.04817,5.569,5.308585,0.036585366,11.2090429,25.82275372,1,1,1,1,1,1,1,0,0
I,L,112,0.134429,0.749,deleterious,0.601,deleterious,2.65644,3.138,2.89722,0.036585366,11.2090429,25.82275372,1,1,0,1,1,1,1,0,0
V,L,112,0.318806,0.786,deleterious,0.665,deleterious,2.16005,6.457,4.308525,0.036585366,11.2090429,25.82275372,1,1,1,1,1,1,1,0,0
A,G,111,0.215738,0.483,neutral,0.416,neutral,3.67577,5.889,4.782385,0.833333333,13.295998,27.37635278,1,1,1,1,1,0,1,0,0
D,G,111,0.320209,0.75,deleterious,0.449,neutral,4.15175,3.687,3.919375,0.833333333,13.295998,27.37635278,1,1,0,1,1,0,1,0,0
V,G,111,0.481254,0.85,deleterious,0.998,deleterious,5.50905,9.849,7.679025,0.833333333,13.295998,27.37635278,1,1,1,1,1,0,1,0,0
C,G,111,0.384731,0.856,deleterious,0.664,deleterious,3.84443,6.7,5.272215,0.833333333,13.295998,27.37635278,1,1,1,1,1,0,1,0,0
R,G,111,0.33952,0.847,deleterious,0.998,deleterious,3.67043,4.28,3.975215,0.833333333,13.295998,27.37635278,1,1,0,1,1,0,1,0,0
S,G,111,0.341993,0.799,deleterious,0.92,deleterious,3.91987,5.777,4.848435,0.833333333,13.295998,27.37635278,1,1,1,1,1,0,1,0,0
C,Y,110,0.403769,0.406,neutral,0.136,neutral,2.75119,9.477,6.114095,0.184684685,12.7688461,24.70047761,1,1,1,1,1,0,1,0,0
F,Y,110,0.0321182,0.096,neutral,0.001,neutral,0.356049,0.124,0.2400245,0.184684685,12.7688461,24.70047761,0,0,0,0,1,0,0,0,0
S,Y,110,0.370966,0.546,neutral,0.905,deleterious,4.01952,11.2,7.60976,0.184684685,12.7688461,24.70047761,1,1,1,1,1,0,1,0,0
D,Y,110,0.495083,0.513,neutral,0.985,deleterious,4.98876,9.616,7.30238,0.184684685,12.7688461,24.70047761,1,1,1,1,1,0,1,0,0
H,Y,110,0.28351,0.349,neutral,0.169,neutral,2.33441,3.588,2.961205,0.184684685,12.7688461,24.70047761,1,1,0,1,1,0,1,0,0
N,Y,110,0.417281,0.526,neutral,0.971,deleterious,2.86885,5.304,4.086425,0.184684685,12.7688461,24.70047761,1,1,1,1,1,0,1,0,0
E,D,109,-0.2122835,0.072,neutral,0.0,neutral,-0.184022,0.734,0.274989,0.601226994,14.81194474,23.90996041,0,0,0,0,0,0,0,0,0
A,D,109,0.050212,0.227,neutral,0.002,neutral,-0.53864,2.558,1.00968,0.601226994,14.81194474,23.90996041,0,0,0,0,0,0,0,0,0
G,D,109,0.113784,0.331,neutral,0.075,neutral,0.459571,3.993,2.2262855,0.601226994,14.81194474,23.90996041,0,0,0,0,0,0,0,0,0
V,D,109,0.227856,0.414,neutral,0.145,neutral,-0.0201123,3.509,1.74444385,0.601226994,14.81194474,23.90996041,1,0,0,0,0,0,0,0,0
H,D,109,0.157301,0.275,neutral,0.012,neutral,0.207613,1.796,1.0018065,0.601226994,14.81194474,23.90996041,1,0,0,0,0,0,0,0,0
N,D,109,-0.0696694,0.285,neutral,0.194,neutral,-1.01623,2.542,0.762885,0.601226994,14.81194474,23.90996041,0,0,0,0,0,0,0,0,0
Y,D,109,0.281785,0.454,neutral,0.872,deleterious,-0.0471117,2.017,0.98494415,0.601226994,14.81194474,23.90996041,1,0,0,0,0,0,0,0,0
H,Q,108,0.023726,0.301,neutral,0.777,deleterious,1.36512,0.02,0.69256,0.343434343,13.06411713,24.32212286,0,0,0,0,1,0,0,0,0
L,Q,108,0.103535,0.125,neutral,0.001,neutral,-0.480518,-3.708,-2.094259,0.343434343,13.06411713,24.32212286,0,0,0,0,1,0,0,0,0
P,Q,108,0.270505,0.408,neutral,0.428,neutral,-0.447425,11.919,5.7357875,0.343434343,13.06411713,24.32212286,1,0,1,1,1,0,1,0,0
R,Q,108,0.0318601,0.154,neutral,0.0,neutral,-0.558961,-0.742,-0.6504805,0.343434343,13.06411713,24.32212286,0,0,0,0,1,0,0,0,0
E,Q,108,-0.0329937,0.189,neutral,0.095,neutral,1.14166,0.87,1.00583,0.343434343,13.06411713,24.32212286,0,0,0,0,1,0,0,0,0
K,Q,108,-0.110505,0.045,neutral,0.0,neutral,-0.774433,-2.169,-1.4717165,0.343434343,13.06411713,24.32212286,0,0,0,0,1,0,0,0,0
K,N,107,0.1459369999999999,0.945,deleterious,1.0,deleterious,4.18632,10.875,7.53066,0.006369427,10.01304116,21.18362947,1,1,1,1,1,1,1,0,0
I,N,107,0.384328,0.927,deleterious,1.0,deleterious,0.962734,3.903,2.432867,0.006369427,10.01304116,21.18362947,1,0,0,1,1,1,1,0,0
S,N,107,0.145721,0.861,deleterious,1.0,deleterious,1.16773,3.473,2.320365,0.006369427,10.01304116,21.18362947,1,0,0,0,1,1,1,0,0
T,N,107,0.2219,0.951,deleterious,1.0,deleterious,1.46338,2.68,2.07169,0.006369427,10.01304116,21.18362947,1,0,0,0,1,1,1,0,0
D,N,107,0.160278,0.93,deleterious,1.0,deleterious,1.56683,6.738,4.152415,0.006369427,10.01304116,21.18362947,1,1,1,1,1,1,1,0,0
H,N,107,0.18229,0.909,deleterious,1.0,deleterious,14.7767,3.679,9.22785,0.006369427,10.01304116,21.18362947,1,1,0,1,1,1,1,0,0
Y,N,107,0.464027,0.914,deleterious,1.0,deleterious,7.32042,8.156,7.73821,0.006369427,10.01304116,21.18362947,1,1,1,1,1,1,1,0,0
A,V,106,0.270834,0.373,neutral,0.143,neutral,2.11905,4.864,3.491525,0.035211268,12.0530832,18.97835525,1,1,1,1,1,1,1,0,0
E,V,106,0.577854,0.853,deleterious,0.987,deleterious,3.78804,8.369,6.07852,0.035211268,12.0530832,18.97835525,1,1,1,1,1,1,1,0,0
G,V,106,0.599634,0.857,deleterious,0.997,deleterious,3.75645,11.159,7.457725,0.035211268,12.0530832,18.97835525,1,1,1,1,1,1,1,0,0
I,V,106,0.110773,0.636,neutral,0.805,deleterious,-0.329214,0.941,0.305893,0.035211268,12.0530832,18.97835525,0,0,0,0,1,1,1,0,0
L,V,106,0.340452,0.721,prob.delet.,0.805,deleterious,1.90547,3.03,2.467735,0.035211268,12.0530832,18.97835525,1,1,0,1,1,1,1,0,0
D,E,105,0.07231745,0.312,neutral,0.001,neutral,0.861848,2.565,1.713424,0.25257732,12.20439989,19.85695471,0,0,0,0,1,0,0,0,0
A,E,105,0.238809,0.339,neutral,0.012,neutral,0.126363,0.641,0.3836815,0.25257732,12.20439989,19.85695471,1,0,0,0,1,0,0,0,0
G,E,105,0.333589,0.737,prob.delet.,0.74,deleterious,1.50303,4.041,2.772015,0.25257732,12.20439989,19.85695471,1,1,0,1,1,0,1,0,0
V,E,105,0.298324,0.74,deleterious,0.344,neutral,1.17353,0.908,1.040765,0.25257732,12.20439989,19.85695471,1,0,0,0,1,0,0,0,0
K,E,105,0.237375,0.361,neutral,0.041,neutral,0.686618,3.153,1.919809,0.25257732,12.20439989,19.85695471,1,0,0,0,1,0,0,0,0
Q,E,105,0.189599,0.419,neutral,0.138,neutral,0.674171,2.397,1.5355855,0.25257732,12.20439989,19.85695471,1,0,0,0,1,0,0,0,0
D,A,104,0.608992,0.837,deleterious,0.999,deleterious,8.02388,14.492,11.25794,0.028301887,8.584943451,18.90850368,1,1,1,1,1,1,1,0,0
G,A,104,0.36374,0.792,deleterious,0.943,deleterious,1.78067,6.333,4.056835,0.028301887,8.584943451,18.90850368,1,1,1,1,1,1,1,0,0
V,A,104,0.400141,0.821,deleterious,1.0,deleterious,3.76654,2.554,3.16027,0.028301887,8.584943451,18.90850368,1,1,0,1,1,1,1,0,0
P,A,104,0.594971,0.829,deleterious,1.0,deleterious,5.12058,19.813,12.46679,0.028301887,8.584943451,18.90850368,1,1,1,1,1,1,1,0,0
S,A,104,0.290845,0.648,neutral,0.819,deleterious,1.21817,4.651,2.934585,0.028301887,8.584943451,18.90850368,1,0,0,1,1,1,1,0,0
T,A,104,0.348352,0.821,deleterious,1.0,deleterious,3.49413,3.136,3.315065,0.028301887,8.584943451,18.90850368,1,1,0,1,1,1,1,0,0
D,A,103,0.594369,0.915,deleterious,0.999,deleterious,3.22997,5.17,4.199985,0.009433962,8.110608867,15.76697545,1,1,1,1,1,1,1,0,0
G,A,103,0.33395,0.557,neutral,0.08,neutral,1.59773,5.333,3.465365,0.009433962,8.110608867,15.76697545,1,1,1,1,1,1,1,0,0
V,A,103,0.365689,0.904,deleterious,0.999,deleterious,0.062707,-3.602,-1.7696465,0.009433962,8.110608867,15.76697545,1,0,0,0,1,1,1,0,0
P,A,103,0.568385,0.926,deleterious,1.0,deleterious,4.14181,21.584,12.862905,0.009433962,8.110608867,15.76697545,1,1,1,1,1,1,1,0,0
S,A,103,0.261163,0.852,deleterious,0.901,deleterious,0.735738,4.174,2.454869,0.009433962,8.110608867,15.76697545,1,0,0,1,1,1,1,0,0
T,A,103,0.322857,0.917,deleterious,0.998,deleterious,0.289674,2.176,1.232837,0.009433962,8.110608867,15.76697545,1,0,0,0,1,1,1,0,0
E,A,102,0.605841,0.878,deleterious,1.0,deleterious,10.1059,11.317,10.71145,0.0,11.30055698,14.60960218,1,1,1,1,1,1,1,0,0
G,A,102,0.3619,0.757,deleterious,0.989,deleterious,2.1019,7.421,4.76145,0.0,11.30055698,14.60960218,1,1,1,1,1,1,1,0,0
V,A,102,0.410099,0.851,deleterious,1.0,deleterious,0.851835,1.237,1.0444175,0.0,11.30055698,14.60960218,1,0,0,0,1,1,1,0,0
P,A,102,0.5837,0.887,deleterious,1.0,deleterious,4.70763,22.417,13.562315,0.0,11.30055698,14.60960218,1,1,1,1,1,1,1,0,0
S,A,102,0.228935,0.415,neutral,0.961,deleterious,0.701146,5.543,3.122073,0.0,11.30055698,14.60960218,1,0,1,1,1,1,1,0,0
T,A,102,0.388293,0.835,deleterious,1.0,deleterious,1.55559,5.508,3.531795,0.0,11.30055698,14.60960218,1,1,1,1,1,1,1,0,0
L,R,101,0.229519,0.598,neutral,0.629,deleterious,-1.18821,-1.085,-1.136605,0.157258065,10.74265901,14.66028709,1,0,0,0,1,0,0,0,0
P,R,101,0.48925,0.727,prob.delet.,0.953,deleterious,6.02692,25.068,15.54746,0.157258065,10.74265901,14.66028709,1,1,1,1,1,0,1,0,0
Q,R,101,0.0824115,0.485,neutral,0.942,deleterious,0.341079,4.293,2.3170395,0.157258065,10.74265901,14.66028709,0,0,0,0,1,0,0,0,0
G,R,101,0.258118,0.603,neutral,0.804,deleterious,1.65582,6.711,4.18341,0.157258065,10.74265901,14.66028709,1,1,1,1,1,0,1,0,0
N,K,100,0.169183,0.909,deleterious,1.0,deleterious,3.72244,6.62,5.17122,0.004878049,7.699679499,13.49937777,1,1,1,1,1,1,1,0,0
M,K,100,0.561064,0.856,deleterious,1.0,deleterious,0.856338,-0.309,0.273669,0.004878049,7.699679499,13.49937777,1,0,0,0,1,1,1,0,0
R,K,100,0.510739,0.851,deleterious,1.0,deleterious,5.58903,5.342,5.465515,0.004878049,7.699679499,13.49937777,1,1,1,1,1,1,1,0,0
T,K,100,0.590872,0.891,deleterious,1.0,deleterious,4.43444,3.201,3.81772,0.004878049,7.699679499,13.49937777,1,1,0,1,1,1,1,0,0
E,K,100,0.597678,0.855,deleterious,1.0,deleterious,5.90026,9.875,7.88763,0.004878049,7.699679499,13.49937777,1,1,1,1,1,1,1,0,0
Q,K,100,0.491264,0.905,deleterious,1.0,deleterious,3.53471,5.515,4.524855,0.004878049,7.699679499,13.49937777,1,1,1,1,1,1,1,0,0
F,L,99,0.08021285,0.765,deleterious,0.382,neutral,-0.809443,-0.649,-0.7292215,0.018292683,10.298877,10.38445338,0,0,0,0,1,1,1,0,0
S,L,99,0.460179,0.917,deleterious,1.0,deleterious,3.61374,14.392,9.00287,0.018292683,10.298877,10.38445338,1,1,1,1,1,1,1,0,0
W,L,99,0.386326,0.891,deleterious,1.0,deleterious,1.01691,-0.6,0.208455,0.018292683,10.298877,10.38445338,1,0,0,0,1,1,1,0,0
M,L,99,0.143694,0.861,deleterious,0.988,deleterious,0.0974385,4.017,2.05721925,0.018292683,10.298877,10.38445338,1,0,0,0,1,1,1,0,0
V,L,99,0.0289439,0.433,neutral,0.101,neutral,3.45724,4.044,3.75062,0.018292683,10.298877,10.38445338,0,1,0,1,1,1,1,0,0
M,I,98,0.0976503,0.766,deleterious,0.892,deleterious,0.0836149,5.446,2.76480745,0.171597633,13.17449202,9.639976733,0,0,1,1,1,0,1,0,0
N,I,98,0.313758,0.839,deleterious,0.998,deleterious,2.09833,7.61,4.854165,0.171597633,13.17449202,9.639976733,1,1,1,1,1,0,1,0,0
S,I,98,0.381568,0.855,deleterious,0.986,deleterious,2.62037,10.539,6.579685,0.171597633,13.17449202,9.639976733,1,1,1,1,1,0,1,0,0
T,I,98,0.10391,0.789,deleterious,0.954,deleterious,1.22905,7.747,4.488025,0.171597633,13.17449202,9.639976733,0,0,1,1,1,0,1,0,0
F,I,98,0.157459,0.742,deleterious,0.932,deleterious,0.339071,1.938,1.1385355,0.171597633,13.17449202,9.639976733,1,0,0,0,1,0,0,0,0
L,I,98,0.0329384,0.666,neutral,0.107,neutral,-0.73995,1.957,0.608525,0.171597633,13.17449202,9.639976733,0,0,0,0,1,0,0,0,0
V,I,98,-0.0823463,0.289,neutral,0.002,neutral,0.634482,1.965,1.299741,0.171597633,13.17449202,9.639976733,0,0,0,0,1,0,0,0,0
A,G,97,0.259553,0.608,neutral,0.923,deleterious,5.48396,2.709,4.09648,0.0,11.95351626,10.56642437,1,1,0,1,1,1,1,0,0
D,G,97,0.363873,0.916,deleterious,1.0,deleterious,26.6835,18.395,22.53925,0.0,11.95351626,10.56642437,1,1,1,1,1,1,1,0,0
V,G,97,0.547653,0.928,deleterious,1.0,deleterious,18.3224,24.646,21.4842,0.0,11.95351626,10.56642437,1,1,1,1,1,1,1,0,0
C,G,97,0.520129,0.89,deleterious,1.0,deleterious,12.3954,11.722,12.0587,0.0,11.95351626,10.56642437,1,1,1,1,1,1,1,0,0
R,G,97,0.543325,0.927,deleterious,1.0,deleterious,29.0849,43.44,36.26245,0.0,11.95351626,10.56642437,1,1,1,1,1,1,1,0,0
S,G,97,0.394466,0.904,deleterious,0.999,deleterious,9.89958,10.834,10.36679,0.0,11.95351626,10.56642437,1,1,1,1,1,1,1,0,0
L,F,96,0.3596675,0.389,neutral,0.063,neutral,0.933213,6.043,3.4881065,0.0,11.21916887,8.487954607,1,0,1,1,1,1,1,0,0
C,F,96,0.588845,0.72,prob.delet.,1.0,deleterious,4.22782,14.437,9.33241,0.0,11.21916887,8.487954607,1,1,1,1,1,1,1,0,0
S,F,96,0.598414,0.835,deleterious,0.99,deleterious,4.61829,17.288,10.953145,0.0,11.21916887,8.487954607,1,1,1,1,1,1,1,0,0
Y,F,96,0.259456,0.436,neutral,0.894,deleterious,0.622013,3.815,2.2185065,0.0,11.21916887,8.487954607,1,0,0,0,1,1,1,0,0
I,F,96,0.406375,0.759,deleterious,0.962,deleterious,4.42148,8.815,6.61824,0.0,11.21916887,8.487954607,1,1,1,1,1,1,1,0,0
L,F,96,0.426407,0.389,neutral,0.063,neutral,0.933213,6.043,3.4881065,0.0,11.21916887,8.487954607,1,0,1,1,1,1,1,0,0
V,F,96,0.528331,0.797,deleterious,0.883,deleterious,4.25363,16.859,10.556315,0.0,11.21916887,8.487954607,1,1,1,1,1,1,1,0,0
D,A,95,0.600641,0.942,deleterious,1.0,deleterious,11.2517,16.308,13.77985,0.009433962,14.76189066,5.293779986,1,1,1,1,0,1,1,0,1
G,A,95,0.300053,0.852,deleterious,0.996,deleterious,1.59335,6.943,4.268175,0.009433962,14.76189066,5.293779986,1,1,1,1,0,1,1,0,1
V,A,95,0.596223,0.909,deleterious,1.0,deleterious,7.40078,8.983,8.19189,0.009433962,14.76189066,5.293779986,1,1,1,1,0,1,1,0,1
P,A,95,0.59095,0.935,deleterious,1.0,deleterious,6.2242,28.361,17.2926,0.009433962,14.76189066,5.293779986,1,1,1,1,0,1,1,0,1
S,A,95,0.290683,0.755,deleterious,0.977,deleterious,1.84067,8.216,5.028335,0.009433962,14.76189066,5.293779986,1,1,1,1,0,1,1,0,1
T,A,95,0.44654,0.909,deleterious,1.0,deleterious,5.58077,11.613,8.596885,0.009433962,14.76189066,5.293779986,1,1,1,1,0,1,1,0,1
N,K,94,-0.0171899,0.407,neutral,0.668,deleterious,2.43432,1.506,1.97016,0.356097561,16.1345302,7.555449486,0,1,0,0,0,0,0,0,0
I,K,94,0.1066,0.45,neutral,0.001,neutral,1.08182,-2.771,-0.84459,0.356097561,16.1345302,7.555449486,0,0,0,0,0,0,0,0,0
R,K,94,-0.123924,0.275,neutral,0.0,neutral,-0.792744,-2.337,-1.564872,0.356097561,16.1345302,7.555449486,0,0,0,0,0,0,0,0,0
T,K,94,0.139648,0.431,neutral,0.008,neutral,0.892213,1.921,1.4066065,0.356097561,16.1345302,7.555449486,1,0,0,0,0,0,0,0,0
E,K,94,0.107095,0.394,neutral,0.111,neutral,1.99748,0.783,1.39024,0.356097561,16.1345302,7.555449486,0,1,0,0,0,0,0,0,0
Q,K,94,-0.076444,0.369,neutral,0.001,neutral,0.603485,-0.011,0.2962425,0.356097561,16.1345302,7.555449486,0,0,0,0,0,0,0,0,0
M,I,93,0.464566,0.85,deleterious,0.996,deleterious,-0.187789,7.054,3.4331055,0.023668639,15.08367332,8.412845495,1,0,1,1,0,1,1,0,0
N,I,93,0.471141,0.941,deleterious,1.0,deleterious,2.40373,8.094,5.248865,0.023668639,15.08367332,8.412845495,1,1,1,1,0,1,1,0,0
S,I,93,0.616074,0.941,deleterious,1.0,deleterious,2.86331,11.788,7.325655,0.023668639,15.08367332,8.412845495,1,1,1,1,0,1,1,0,0
T,I,93,0.614189,0.906,deleterious,0.998,deleterious,2.14457,7.79,4.967285,0.023668639,15.08367332,8.412845495,1,1,1,1,0,1,1,0,0
F,I,93,0.477851,0.869,deleterious,1.0,deleterious,0.673127,2.256,1.4645635,0.023668639,15.08367332,8.412845495,1,0,0,0,0,1,1,0,0
L,I,93,0.305956,0.781,deleterious,0.33,neutral,0.199175,0.958,0.5785875,0.023668639,15.08367332,8.412845495,1,0,0,0,0,1,1,0,0
V,I,93,0.0593861,0.329,neutral,0.206,neutral,0.923446,3.151,2.037223,0.023668639,15.08367332,8.412845495,0,0,0,0,0,1,1,0,0
A,V,92,0.14802,0.699,prob.neutral,0.968,deleterious,1.47578,7.542,4.50889,0.0,15.15071873,5.433246857,1,1,1,1,0,1,1,0,1
D,V,92,0.587644,0.917,deleterious,1.0,deleterious,2.50502,9.243,5.87401,0.0,15.15071873,5.433246857,1,1,1,1,0,1,1,0,1
G,V,92,0.588347,0.927,deleterious,1.0,deleterious,3.57743,13.397,8.487215,0.0,15.15071873,5.433246857,1,1,1,1,0,1,1,0,1
F,V,92,0.0949166,0.893,deleterious,0.995,deleterious,11.0347,0.322,5.67835,0.0,15.15071873,5.433246857,0,1,0,1,0,1,1,0,1
I,V,92,0.00464111,0.141,neutral,0.016,neutral,-0.801868,-1.635,-1.218434,0.0,15.15071873,5.433246857,0,0,0,0,0,1,1,0,1
L,V,92,0.158513,0.295,neutral,0.006,neutral,-0.632952,0.159,-0.236976,0.0,15.15071873,5.433246857,1,0,0,0,0,1,1,0,1
L,P,91,0.188501,0.705,prob.neutral,0.978,deleterious,1.0264,-5.647,-2.3103,0.139705882,18.88152136,5.321431908,1,0,0,0,0,1,1,0,1
Q,P,91,-0.0136158,0.508,neutral,0.059,neutral,2.21184,-3.915,-0.85158,0.139705882,18.88152136,5.321431908,0,1,0,0,0,1,1,0,1
R,P,91,0.203939,0.569,neutral,0.172,neutral,1.79017,-4.606,-1.407915,0.139705882,18.88152136,5.321431908,1,1,0,0,0,1,1,0,1
A,P,91,0.085741,0.633,neutral,0.173,neutral,2.19868,-2.802,-0.30166,0.139705882,18.88152136,5.321431908,0,1,0,0,0,1,1,0,1
S,P,91,0.0885537,0.502,neutral,0.045,neutral,3.40261,-0.703,1.349805,0.139705882,18.88152136,5.321431908,0,1,0,0,0,1,1,0,1
T,P,91,0.175494,0.716,prob.delet.,0.437,neutral,1.88563,-1.474,0.205815,0.139705882,18.88152136,5.321431908,1,1,0,0,0,1,1,0,1
I,T,90,-0.151501,0.285,neutral,0.0,neutral,0.856062,-3.574,-1.358969,0.429577465,19.81836791,9.013184164,0,0,0,0,0,0,0,0,0
N,T,90,-0.127318,0.379,neutral,0.017,neutral,0.726159,1.837,1.2815795,0.429577465,19.81836791,9.013184164,0,0,0,0,0,0,0,0,0
S,T,90,-0.14471,0.338,neutral,0.001,neutral,0.510599,2.761,1.6357995,0.429577465,19.81836791,9.013184164,0,0,0,0,0,0,0,0,0
A,T,90,-0.13239,0.32,neutral,0.001,neutral,1.33896,0.834,1.08648,0.429577465,19.81836791,9.013184164,0,0,0,0,0,0,0,0,0
P,T,90,-0.0265142,0.541,neutral,0.033,neutral,-0.44707,4.489,2.020965,0.429577465,19.81836791,9.013184164,0,0,0,0,0,0,0,0,0
S,T,90,-0.136593,0.338,neutral,0.001,neutral,0.510599,2.761,1.6357995,0.429577465,19.81836791,9.013184164,0,0,0,0,0,0,0,0,0
L,P,89,0.579984,0.921,deleterious,1.0,deleterious,1.87673,1.419,1.647865,0.058823529,18.53332498,9.481276473,1,1,0,0,0,1,1,0,0
Q,P,89,0.587599,0.887,deleterious,1.0,deleterious,3.61317,5.819,4.716085,0.058823529,18.53332498,9.481276473,1,1,1,1,0,1,1,0,0
R,P,89,0.599546,0.903,deleterious,1.0,deleterious,3.48108,2.159,2.82004,0.058823529,18.53332498,9.481276473,1,1,0,1,0,1,1,0,0
A,P,89,0.494243,0.871,deleterious,1.0,deleterious,2.98215,0.15,1.566075,0.058823529,18.53332498,9.481276473,1,1,0,0,0,1,1,0,0
S,P,89,0.443637,0.883,deleterious,1.0,deleterious,4.28843,0.129,2.208715,0.058823529,18.53332498,9.481276473,1,1,0,0,0,1,1,0,0
T,P,89,0.589826,0.887,deleterious,1.0,deleterious,4.54896,0.699,2.62398,0.058823529,18.53332498,9.481276473,1,1,0,1,0,1,1,0,0
I,M,88,0.373162,0.461,neutral,0.788,deleterious,0.516376,-0.558,-0.020812,0.074468085,15.69994026,9.434517953,1,0,0,0,0,1,1,0,0
K,M,88,0.598846,0.889,deleterious,1.0,deleterious,3.5847,14.28,8.93235,0.074468085,15.69994026,9.434517953,1,1,1,1,0,1,1,0,0
R,M,88,0.599386,0.897,deleterious,1.0,deleterious,4.21089,12.813,8.511945,0.074468085,15.69994026,9.434517953,1,1,1,1,0,1,1,0,0
T,M,88,0.582376,0.877,deleterious,0.999,deleterious,3.0679,5.755,4.41145,0.074468085,15.69994026,9.434517953,1,1,1,1,0,1,1,0,0
L,M,88,0.268311,0.518,neutral,0.961,deleterious,-0.240824,0.338,0.048588,0.074468085,15.69994026,9.434517953,1,0,0,0,0,1,1,0,0
V,M,88,0.401956,0.66,neutral,0.982,deleterious,1.41623,0.483,0.949615,0.074468085,15.69994026,9.434517953,1,0,0,0,0,1,1,0,0
H,R,87,0.157762,0.643,neutral,0.999,deleterious,0.655306,0.408,0.531653,0.379032258,16.55632278,11.26358294,1,0,0,0,0,0,0,0,0
L,R,87,0.509639,0.543,neutral,0.077,neutral,-0.0402774,1.046,0.5028613,0.379032258,16.55632278,11.26358294,1,0,0,0,0,0,0,0,0
P,R,87,0.509196,0.873,deleterious,0.995,deleterious,3.1102,23.49,13.3001,0.379032258,16.55632278,11.26358294,1,1,1,1,0,0,1,0,0
C,R,87,0.514608,0.809,deleterious,1.0,deleterious,0.420804,4.344,2.382402,0.379032258,16.55632278,11.26358294,1,0,0,0,0,0,0,0,0
G,R,87,0.491671,0.833,deleterious,0.99,deleterious,1.10996,5.508,3.30898,0.379032258,16.55632278,11.26358294,1,0,1,1,0,0,1,0,0
S,R,87,0.464058,0.762,deleterious,0.965,deleterious,0.621117,6.017,3.3190585,0.379032258,16.55632278,11.26358294,1,0,1,1,0,0,1,0,0
D,E,86,0.175591,0.351,neutral,0.036,neutral,1.15982,1.434,1.29691,0.046391753,15.69806836,10.26846683,1,0,0,0,0,1,1,0,0
A,E,86,0.453909,0.812,deleterious,0.997,deleterious,2.55269,0.732,1.642345,0.046391753,15.69806836,10.26846683,1,1,0,0,0,1,1,0,0
G,E,86,0.545281,0.789,deleterious,0.999,deleterious,3.40313,4.552,3.977565,0.046391753,15.69806836,10.26846683,1,1,0,1,0,1,1,0,0
V,E,86,0.475867,0.787,deleterious,0.998,deleterious,3.60074,-0.792,1.40437,0.046391753,15.69806836,10.26846683,1,1,0,0,0,1,1,0,0
K,E,86,0.51224,0.849,deleterious,0.998,deleterious,3.42349,4.871,4.147245,0.046391753,15.69806836,10.26846683,1,1,1,1,0,1,1,0,0
Q,E,86,0.356042,0.84,deleterious,0.999,deleterious,1.56077,-4.794,-1.616615,0.046391753,15.69806836,10.26846683,1,1,0,0,0,1,1,0,0
I,T,85,0.0964389,0.453,neutral,0.101,neutral,0.503365,1.404,0.9536825,0.584507042,19.37623052,13.75685804,0,0,0,0,0,0,0,0,0
K,T,85,0.0733897,0.245,neutral,0.001,neutral,0.389877,3.028,1.7089385,0.584507042,19.37623052,13.75685804,0,0,0,0,0,0,0,0,0
R,T,85,0.112855,0.457,neutral,0.231,neutral,0.58681,-1.488,-0.450595,0.584507042,19.37623052,13.75685804,0,0,0,0,0,0,0,0,0
A,T,85,-0.156624,0.112,neutral,0.0,neutral,0.220446,0.797,0.508723,0.584507042,19.37623052,13.75685804,0,0,0,0,0,0,0,0,0
P,T,85,0.137316,0.489,neutral,0.089,neutral,-0.38661,1.889,0.751195,0.584507042,19.37623052,13.75685804,1,0,0,0,0,0,0,0,0
S,T,85,-0.201915,0.079,neutral,0.0,neutral,-0.506566,0.771,0.132217,0.584507042,19.37623052,13.75685804,0,0,0,0,0,0,0,0,0
A,V,84,-0.200192,0.045,neutral,0.0,neutral,-0.687228,-1.907,-1.297114,0.830985915,19.2817224,15.39434286,0,0,0,0,0,0,0,0,0
E,V,84,-0.103804,0.047,neutral,0.0,neutral,-1.22952,-3.818,-2.52376,0.830985915,19.2817224,15.39434286,0,0,0,0,0,0,0,0,0
G,V,84,-0.0343028,0.211,neutral,0.028,neutral,-0.139153,1.06,0.4604235,0.830985915,19.2817224,15.39434286,0,0,0,0,0,0,0,0,0
L,V,84,-0.1425489999999999,0.205,neutral,0.001,neutral,-0.79273,-0.942,-0.867365,0.830985915,19.2817224,15.39434286,0,0,0,0,0,0,0,0,0
M,V,84,-0.178181,0.196,neutral,0.002,neutral,-1.00571,-2.217,-1.611355,0.830985915,19.2817224,15.39434286,0,0,0,0,0,0,0,0,0
A,G,83,0.519279,0.282,neutral,0.323,neutral,3.69076,6.05,4.87038,0.238095238,17.52849601,15.11299336,1,1,1,1,0,0,1,0,0
D,G,83,0.461702,0.163,neutral,0.006,neutral,3.03487,0.873,1.953935,0.238095238,17.52849601,15.11299336,1,1,0,0,0,0,0,0,0
V,G,83,0.563396,0.566,neutral,0.905,deleterious,5.04075,11.596,8.318375,0.238095238,17.52849601,15.11299336,1,1,1,1,0,0,1,0,0
C,G,83,0.555862,0.648,neutral,0.994,deleterious,4.09365,9.278,6.685825,0.238095238,17.52849601,15.11299336,1,1,1,1,0,0,1,0,0
R,G,83,0.500358,0.401,neutral,0.083,neutral,3.76789,6.303,5.035445,0.238095238,17.52849601,15.11299336,1,1,1,1,0,0,1,0,0
S,G,83,0.453586,0.254,neutral,0.029,neutral,3.91224,2.44,3.17612,0.238095238,17.52849601,15.11299336,1,1,0,1,0,0,1,0,0
A,G,82,0.475371,0.607,neutral,0.999,deleterious,5.1036,9.188,7.1458,0.011904762,14.93679105,12.82368237,1,1,1,1,0,1,1,0,0
E,G,82,0.580045,0.753,deleterious,1.0,deleterious,15.2121,27.159,21.18555,0.011904762,14.93679105,12.82368237,1,1,1,1,0,1,1,0,0
V,G,82,0.587498,0.744,deleterious,1.0,deleterious,14.264,7.125,10.6945,0.011904762,14.93679105,12.82368237,1,1,1,1,0,1,1,0,0
R,G,82,0.569774,0.757,deleterious,1.0,deleterious,14.4881,20.455,17.47155,0.011904762,14.93679105,12.82368237,1,1,1,1,0,1,1,0,0
M,I,81,0.428823,0.817,deleterious,0.999,deleterious,0.533889,6.02,3.2769445,0.00591716,12.17133833,12.58792136,1,0,1,1,1,1,1,0,0
N,I,81,0.541747,0.788,deleterious,1.0,deleterious,3.46547,8.254,5.859735,0.00591716,12.17133833,12.58792136,1,1,1,1,1,1,1,0,0
S,I,81,0.581577,0.786,deleterious,1.0,deleterious,4.57433,11.118,7.846165,0.00591716,12.17133833,12.58792136,1,1,1,1,1,1,1,0,0
T,I,81,0.581069,0.808,deleterious,1.0,deleterious,2.867,7.337,5.102,0.00591716,12.17133833,12.58792136,1,1,1,1,1,1,1,0,0
F,I,81,0.51259,0.61,neutral,0.893,deleterious,5.30976,4.079,4.69438,0.00591716,12.17133833,12.58792136,1,1,0,1,1,1,1,0,0
L,I,81,0.342501,0.641,neutral,0.326,neutral,0.888223,5.335,3.1116115,0.00591716,12.17133833,12.58792136,1,0,1,1,1,1,1,0,0
V,I,81,0.201445,0.627,neutral,0.887,deleterious,0.755674,1.983,1.369337,0.00591716,12.17133833,12.58792136,1,0,0,0,1,1,1,0,0
N,K,80,0.001357865,0.163,neutral,0.004,neutral,-0.102489,-4.543,-2.3227445,0.6,13.77548873,15.05100661,0,0,0,0,0,0,0,0,0
M,K,80,0.445008,0.357,neutral,0.761,deleterious,-0.531851,-1.925,-1.2284255,0.6,13.77548873,15.05100661,1,0,0,0,0,0,0,0,0
R,K,80,-0.0172694,0.104,neutral,0.0,neutral,-0.571407,-3.959,-2.2652035,0.6,13.77548873,15.05100661,0,0,0,0,0,0,0,0,0
T,K,80,0.347894,0.267,neutral,0.132,neutral,0.925316,-3.557,-1.315842,0.6,13.77548873,15.05100661,1,0,0,0,0,0,0,0,0
E,K,80,0.353734,0.095,neutral,0.002,neutral,0.89773,-0.871,0.013365,0.6,13.77548873,15.05100661,1,0,0,0,0,0,0,0,0
Q,K,80,0.221092,0.321,neutral,0.13,neutral,0.072234,0.601,0.336617,0.6,13.77548873,15.05100661,1,0,0,0,0,0,0,0,0
L,F,79,0.5141089999999999,0.667,neutral,0.995,deleterious,1.41269,5.573,3.492845,0.045685279,10.94694653,13.99184906,1,0,1,1,1,1,1,0,0
C,F,79,0.601139,0.821,deleterious,1.0,deleterious,2.55482,9.853,6.20391,0.045685279,10.94694653,13.99184906,1,1,1,1,1,1,1,0,0
S,F,79,0.601137,0.827,deleterious,1.0,deleterious,2.89493,10.926,6.910465,0.045685279,10.94694653,13.99184906,1,1,1,1,1,1,1,0,0
Y,F,79,0.407201,0.786,deleterious,1.0,deleterious,1.7763,1.492,1.63415,0.045685279,10.94694653,13.99184906,1,1,0,0,1,1,1,0,0
I,F,79,0.582345,0.599,neutral,0.967,deleterious,2.94922,6.787,4.86811,0.045685279,10.94694653,13.99184906,1,1,1,1,1,1,1,0,0
L,F,79,0.595682,0.667,neutral,0.995,deleterious,1.41269,5.573,3.492845,0.045685279,10.94694653,13.99184906,1,0,1,1,1,1,1,0,0
V,F,79,0.596911,0.808,deleterious,0.993,deleterious,3.38023,9.906,6.643115,0.045685279,10.94694653,13.99184906,1,1,1,1,1,1,1,0,0
K,N,78,0.118334,0.646,neutral,0.998,deleterious,-1.32345,3.624,1.150275,0.114649682,12.58814391,17.40788405,0,0,0,0,1,1,1,0,0
I,N,78,0.425397,0.756,deleterious,1.0,deleterious,-1.0914,-2.039,-1.5652,0.114649682,12.58814391,17.40788405,1,0,0,0,1,1,1,0,0
S,N,78,0.145523,0.857,deleterious,0.998,deleterious,1.11005,3.491,2.300525,0.114649682,12.58814391,17.40788405,1,0,0,0,1,1,1,0,0
T,N,78,0.19589,0.894,deleterious,1.0,deleterious,0.626147,2.136,1.3810735,0.114649682,12.58814391,17.40788405,1,0,0,0,1,1,1,0,0
D,N,78,0.21598,0.897,deleterious,1.0,deleterious,2.03915,4.222,3.130575,0.114649682,12.58814391,17.40788405,1,1,0,1,1,1,1,0,0
H,N,78,0.155168,0.847,deleterious,1.0,deleterious,-0.216887,1.057,0.4200565,0.114649682,12.58814391,17.40788405,1,0,0,0,1,1,1,0,0
Y,N,78,0.54839,0.78,deleterious,1.0,deleterious,-0.245483,0.285,0.0197585,0.114649682,12.58814391,17.40788405,1,0,0,0,1,1,1,0,0
I,M,77,0.151172,0.095,neutral,0.0,neutral,0.794899,-1.534,-0.3695505,0.5,16.05039454,19.46922273,1,0,0,0,0,0,0,0,0
K,M,77,0.428211,0.239,neutral,0.001,neutral,0.321531,2.518,1.4197655,0.5,16.05039454,19.46922273,1,0,0,0,0,0,0,0,0
R,M,77,0.450607,0.402,neutral,0.045,neutral,0.203225,0.554,0.3786125,0.5,16.05039454,19.46922273,1,0,0,0,0,0,0,0,0
T,M,77,0.358356,0.305,neutral,0.028,neutral,1.7906,2.146,1.9683,0.5,16.05039454,19.46922273,1,1,0,0,0,0,0,0,0
L,M,77,-0.0130123499999999,0.062,neutral,0.0,neutral,0.120179,-2.517,-1.1984105,0.5,16.05039454,19.46922273,0,0,0,0,0,0,0,0,0
V,M,77,0.160156,0.182,neutral,0.001,neutral,1.80336,0.778,1.29068,0.5,16.05039454,19.46922273,1,1,0,0,0,0,0,0,0
K,T,76,0.0293676,0.168,neutral,0.001,neutral,0.699742,-2.211,-0.755629,0.352112676,15.49489932,17.14057746,0,0,0,0,0,0,0,0,0
M,T,76,0.180292,0.217,neutral,0.039,neutral,-0.752822,-5.05,-2.901411,0.352112676,15.49489932,17.14057746,1,0,0,0,0,0,0,0,0
R,T,76,0.226671,0.292,neutral,0.009,neutral,1.22116,-2.58,-0.67942,0.352112676,15.49489932,17.14057746,1,0,0,0,0,0,0,0,0
A,T,76,0.210812,0.181,neutral,0.0,neutral,1.14979,-2.659,-0.754605,0.352112676,15.49489932,17.14057746,1,0,0,0,0,0,0,0,0
P,T,76,0.373133,0.619,neutral,0.162,neutral,4.69806,11.745,8.22153,0.352112676,15.49489932,17.14057746,1,1,1,1,0,0,1,0,0
S,T,76,0.0650882,0.337,neutral,0.006,neutral,0.923459,-0.215,0.3542295,0.352112676,15.49489932,17.14057746,0,0,0,0,0,0,0,0,0
C,S,75,0.528346,0.628,neutral,0.338,neutral,0.164451,-1.031,-0.4332745,0.038461538,13.69910848,16.87274617,1,0,0,0,0,1,1,0,0
F,S,75,0.599232,0.851,deleterious,1.0,deleterious,-1.7298,-4.449,-3.0894,0.038461538,13.69910848,16.87274617,1,0,0,0,0,1,1,0,0
Y,S,75,0.599235,0.842,deleterious,1.0,deleterious,-1.75948,-3.497,-2.62824,0.038461538,13.69910848,16.87274617,1,0,0,0,0,1,1,0,0
A,S,75,0.30673,0.342,neutral,0.065,neutral,-0.564529,-3.149,-1.8567645,0.038461538,13.69910848,16.87274617,1,0,0,0,0,1,1,0,0
P,S,75,0.587274,0.821,deleterious,0.998,deleterious,3.79055,17.385,10.587775,0.038461538,13.69910848,16.87274617,1,1,1,1,0,1,1,0,0
T,S,75,0.379382,0.757,deleterious,0.892,deleterious,-0.364561,-2.98,-1.6722805,0.038461538,13.69910848,16.87274617,1,0,0,0,0,1,1,0,0
S,R,74,0.5381655,0.831,deleterious,1.0,deleterious,3.09309,8.683,5.888045,0.129032258,15.25082486,20.68953417,1,1,1,1,0,1,1,0,0
I,R,74,0.559699,0.836,deleterious,1.0,deleterious,0.791997,5.941,3.3664985,0.129032258,15.25082486,20.68953417,1,0,1,1,0,1,1,0,0
K,R,74,0.48652,0.778,deleterious,0.999,deleterious,1.21554,7.194,4.20477,0.129032258,15.25082486,20.68953417,1,0,1,1,0,1,1,0,0
T,R,74,0.521891,0.823,deleterious,1.0,deleterious,2.72079,7.747,5.233895,0.129032258,15.25082486,20.68953417,1,1,1,1,0,1,1,0,0
G,R,74,0.546495,0.845,deleterious,1.0,deleterious,4.3716,10.823,7.5973,0.129032258,15.25082486,20.68953417,1,1,1,1,0,1,1,0,0
A,V,73,0.232839,0.087,neutral,0.003,neutral,1.18467,2.063,1.623835,0.11971831,17.23412674,21.1361169,1,0,0,0,0,1,1,0,0
E,V,73,0.42293,0.35,neutral,0.008,neutral,1.06917,3.338,2.203585,0.11971831,17.23412674,21.1361169,1,0,0,0,0,1,1,0,0
G,V,73,0.450582,0.553,neutral,0.914,deleterious,3.06237,7.325,5.193685,0.11971831,17.23412674,21.1361169,1,1,1,1,0,1,1,0,0
L,V,73,0.212235,0.1,neutral,0.003,neutral,0.172755,4.985,2.5788775,0.11971831,17.23412674,21.1361169,1,0,1,1,0,1,1,0,0
M,V,73,0.216886,0.085,neutral,0.205,neutral,0.212433,2.994,1.6032165,0.11971831,17.23412674,21.1361169,1,0,0,0,0,1,1,0,0
I,T,72,0.598195,0.875,deleterious,1.0,deleterious,5.38257,2.195,3.788785,0.0,14.186768,19.07294139,1,1,0,1,0,1,1,0,0
N,T,72,0.221171,0.878,deleterious,1.0,deleterious,2.89713,6.241,4.569065,0.0,14.186768,19.07294139,1,1,1,1,0,1,1,0,0
S,T,72,0.527232,0.86,deleterious,1.0,deleterious,1.42636,6.715,4.07068,0.0,14.186768,19.07294139,1,0,1,1,0,1,1,0,0
A,T,72,0.545381,0.832,deleterious,1.0,deleterious,0.43914,3.171,1.80507,0.0,14.186768,19.07294139,1,0,0,0,0,1,1,0,0
P,T,72,0.586514,0.869,deleterious,1.0,deleterious,2.00076,16.158,9.07938,0.0,14.186768,19.07294139,1,1,1,1,0,1,1,0,0
S,T,72,0.515544,0.86,deleterious,1.0,deleterious,1.42636,6.715,4.07068,0.0,14.186768,19.07294139,1,0,1,1,0,1,1,0,0
H,Q,71,0.4626915,0.78,deleterious,0.998,deleterious,0.530815,-4.874,-2.1715925,0.353535354,13.06523514,21.12445016,1,0,0,0,1,0,0,0,0
L,Q,71,0.578193,0.834,deleterious,0.809,deleterious,-1.3912,-3.755,-2.5731,0.353535354,13.06523514,21.12445016,1,0,0,0,1,0,0,0,0
P,Q,71,0.582258,0.828,deleterious,0.998,deleterious,1.2377,10.254,5.74585,0.353535354,13.06523514,21.12445016,1,0,1,1,1,0,1,0,0
R,Q,71,0.57172,0.809,deleterious,0.983,deleterious,-1.21187,-2.739,-1.975435,0.353535354,13.06523514,21.12445016,1,0,0,0,1,0,0,0,0
E,Q,71,0.588269,0.779,deleterious,0.963,deleterious,0.388939,0.341,0.3649695,0.353535354,13.06523514,21.12445016,1,0,0,0,1,0,0,0,0
K,Q,71,0.581649,0.805,deleterious,0.961,deleterious,-1.02657,0.631,-0.197785,0.353535354,13.06523514,21.12445016,1,0,0,0,1,0,0,0,0
D,A,70,0.597553,0.894,deleterious,1.0,deleterious,4.31851,7.48,5.899255,0.028301887,13.11271657,24.26526543,1,1,1,1,1,1,1,0,0
G,A,70,0.378908,0.822,deleterious,0.986,deleterious,1.19575,4.204,2.699875,0.028301887,13.11271657,24.26526543,1,0,0,1,1,1,1,0,0
V,A,70,0.513096,0.861,deleterious,1.0,deleterious,0.39398,4.942,2.66799,0.028301887,13.11271657,24.26526543,1,0,1,1,1,1,1,0,0
P,A,70,0.546564,0.576,neutral,0.867,deleterious,-0.111465,12.111,5.9997675,0.028301887,13.11271657,24.26526543,1,0,1,1,1,1,1,0,0
S,A,70,0.317948,0.807,deleterious,0.985,deleterious,1.73525,3.218,2.476625,0.028301887,13.11271657,24.26526543,1,1,0,1,1,1,1,0,0
T,A,70,0.24852,0.866,deleterious,1.0,deleterious,2.97113,6.438,4.704565,0.028301887,13.11271657,24.26526543,1,1,1,1,1,1,1,0,0
A,G,69,0.570932,0.823,deleterious,1.0,deleterious,2.53386,6.613,4.57343,0.0,11.56671388,24.07416542,1,1,1,1,1,1,1,0,0
D,G,69,0.585215,0.896,deleterious,1.0,deleterious,0.670141,11.565,6.1175705,0.0,11.56671388,24.07416542,1,0,1,1,1,1,1,0,0
V,G,69,0.585361,0.893,deleterious,1.0,deleterious,6.47124,9.536,8.00362,0.0,11.56671388,24.07416542,1,1,1,1,1,1,1,0,0
C,G,69,0.585688,0.74,deleterious,1.0,deleterious,4.15832,9.593,6.87566,0.0,11.56671388,24.07416542,1,1,1,1,1,1,1,0,0
R,G,69,0.579139,0.888,deleterious,1.0,deleterious,3.15747,10.89,7.023735,0.0,11.56671388,24.07416542,1,1,1,1,1,1,1,0,0
S,G,69,0.556976,0.847,deleterious,1.0,deleterious,0.664014,8.62,4.642007,0.0,11.56671388,24.07416542,1,0,1,1,1,1,1,0,0
C,Y,68,0.568002,0.857,deleterious,1.0,deleterious,2.65901,7.027,4.843005,0.121621622,12.61350933,21.45677277,1,1,1,1,1,1,1,0,0
F,Y,68,0.259023,0.412,neutral,0.107,neutral,0.138862,-1.008,-0.434569,0.121621622,12.61350933,21.45677277,1,0,0,0,1,1,1,0,0
S,Y,68,0.566569,0.887,deleterious,1.0,deleterious,3.45592,7.823,5.63946,0.121621622,12.61350933,21.45677277,1,1,1,1,1,1,1,0,0
D,Y,68,0.596891,0.875,deleterious,1.0,deleterious,4.52786,8.958,6.74293,0.121621622,12.61350933,21.45677277,1,1,1,1,1,1,1,0,0
H,Y,68,0.596175,0.819,deleterious,1.0,deleterious,2.06249,3.352,2.707245,0.121621622,12.61350933,21.45677277,1,1,0,1,1,1,1,0,0
N,Y,68,0.581189,0.877,deleterious,1.0,deleterious,2.486,6.449,4.4675,0.121621622,12.61350933,21.45677277,1,1,1,1,1,1,1,0,0
C,Y,67,0.585483,0.75,deleterious,1.0,deleterious,3.33189,10.248,6.789945,0.162162162,13.22264019,22.38366768,1,1,1,1,1,0,1,0,0
F,Y,67,0.222116,0.699,prob.neutral,0.779,deleterious,0.749911,1.047,0.8984555,0.162162162,13.22264019,22.38366768,1,0,0,0,1,0,0,0,0
S,Y,67,0.573272,0.788,deleterious,0.995,deleterious,4.35828,11.547,7.95264,0.162162162,13.22264019,22.38366768,1,1,1,1,1,0,1,0,0
D,Y,67,0.59517,0.788,deleterious,0.998,deleterious,4.9103,10.591,7.75065,0.162162162,13.22264019,22.38366768,1,1,1,1,1,0,1,0,0
H,Y,67,0.208099,0.7,prob.neutral,0.995,deleterious,2.91704,4.335,3.62602,0.162162162,13.22264019,22.38366768,1,1,0,1,1,0,1,0,0
N,Y,67,0.490963,0.788,deleterious,0.998,deleterious,4.06877,7.169,5.618885,0.162162162,13.22264019,22.38366768,1,1,1,1,1,0,1,0,0
N,K,66,0.08360215,0.633,neutral,0.971,deleterious,2.07802,2.882,2.48001,0.287804878,16.71555177,24.07864432,0,1,0,1,0,0,1,0,0
M,K,66,0.462952,0.604,neutral,0.19,neutral,0.0438821,-0.236,-0.09605895,0.287804878,16.71555177,24.07864432,1,0,0,0,0,0,0,0,0
R,K,66,0.00405901,0.163,neutral,0.002,neutral,0.295899,-0.945,-0.3245505,0.287804878,16.71555177,24.07864432,0,0,0,0,0,0,0,0,0
T,K,66,0.407243,0.685,prob.neutral,0.589,deleterious,0.307512,-0.508,-0.100244,0.287804878,16.71555177,24.07864432,1,0,0,0,0,0,0,0,0
E,K,66,0.481022,0.659,neutral,0.741,deleterious,0.746392,5.543,3.144696,0.287804878,16.71555177,24.07864432,1,0,1,1,0,0,1,0,0
Q,K,66,0.304642,0.66,neutral,0.802,deleterious,0.749822,0.754,0.751911,0.287804878,16.71555177,24.07864432,1,0,0,0,0,0,0,0,0
E,D,65,0.158746,0.346,neutral,0.002,neutral,-0.421581,0.902,0.2402095,0.846625767,19.2697178,27.1718653,1,0,0,0,0,0,0,0,0
A,D,65,0.490821,0.643,neutral,0.58,deleterious,-0.0820888,2.0,0.9589556,0.846625767,19.2697178,27.1718653,1,0,0,0,0,0,0,0,0
G,D,65,0.458078,0.657,neutral,0.5,neutral,0.0303979,2.913,1.47169895,0.846625767,19.2697178,27.1718653,1,0,0,0,0,0,0,0,0
V,D,65,0.563387,0.671,neutral,0.859,deleterious,-0.139504,0.934,0.397248,0.846625767,19.2697178,27.1718653,1,0,0,0,0,0,0,0,0
H,D,65,0.509181,0.575,neutral,0.99,deleterious,0.0454926,0.533,0.2892463,0.846625767,19.2697178,27.1718653,1,0,0,0,0,0,0,0,0
N,D,65,-0.063956,0.363,neutral,0.009,neutral,0.27021,0.303,0.286605,0.846625767,19.2697178,27.1718653,0,0,0,0,0,0,0,0,0
Y,D,65,0.582777,0.663,neutral,0.999,deleterious,-0.925832,2.084,0.579084,0.846625767,19.2697178,27.1718653,1,0,0,0,0,0,0,0,0
K,N,64,-0.1929285,0.073,neutral,0.0,neutral,-0.715229,0.604,-0.0556145,0.579617834,18.37886909,29.61079045,0,0,0,0,0,0,0,0,0
I,N,64,-0.0464318,0.331,neutral,0.016,neutral,-0.620001,0.261,-0.1795005,0.579617834,18.37886909,29.61079045,0,0,0,0,0,0,0,0,0
S,N,64,-0.258326,0.053,neutral,0.0,neutral,0.189103,0.401,0.2950515,0.579617834,18.37886909,29.61079045,0,0,0,0,0,0,0,0,0
T,N,64,-0.196125,0.14,neutral,0.0,neutral,0.163139,-0.571,-0.2039305,0.579617834,18.37886909,29.61079045,0,0,0,0,0,0,0,0,0
D,N,64,-0.172764,0.201,neutral,0.0,neutral,-0.20257,-2.363,-1.282785,0.579617834,18.37886909,29.61079045,0,0,0,0,0,0,0,0,0
H,N,64,-0.0975434,0.259,neutral,0.352,neutral,0.214261,-2.299,-1.0423695,0.579617834,18.37886909,29.61079045,0,0,0,0,0,0,0,0,0
Y,N,64,0.0227575,0.508,neutral,0.816,deleterious,-0.727038,2.164,0.718481,0.579617834,18.37886909,29.61079045,0,0,0,0,0,0,0,0,0
L,P,63,0.579879,0.863,deleterious,1.0,deleterious,1.71049,1.737,1.723745,0.220588235,19.14490533,28.15605827,1,1,0,0,0,0,0,0,0
Q,P,63,0.546995,0.884,deleterious,1.0,deleterious,2.50738,1.987,2.24719,0.220588235,19.14490533,28.15605827,1,1,0,0,0,0,0,0,0
R,P,63,0.578962,0.869,deleterious,1.0,deleterious,2.74369,-0.225,1.259345,0.220588235,19.14490533,28.15605827,1,1,0,0,0,0,0,0,0
A,P,63,0.529163,0.879,deleterious,0.998,deleterious,2.5143,1.583,2.04865,0.220588235,19.14490533,28.15605827,1,1,0,0,0,0,0,0,0
S,P,63,0.516448,0.872,deleterious,1.0,deleterious,2.45611,3.176,2.816055,0.220588235,19.14490533,28.15605827,1,1,0,1,0,0,1,0,0
T,P,63,0.588872,0.877,deleterious,0.999,deleterious,3.18863,5.171,4.179815,0.220588235,19.14490533,28.15605827,1,1,1,1,0,0,1,0,0
A,V,62,0.398507,0.771,deleterious,0.998,deleterious,3.10375,9.314,6.208875,0.0,17.03784001,27.21327326,1,1,1,1,0,1,1,0,0
E,V,62,0.568838,0.884,deleterious,1.0,deleterious,8.15077,18.812,13.481385,0.0,17.03784001,27.21327326,1,1,1,1,0,1,1,0,0
G,V,62,0.592594,0.875,deleterious,1.0,deleterious,4.53448,16.629,10.58174,0.0,17.03784001,27.21327326,1,1,1,1,0,1,1,0,0
L,V,62,0.151441,0.685,prob.neutral,0.959,deleterious,1.18141,4.067,2.624205,0.0,17.03784001,27.21327326,1,0,0,1,0,1,1,0,0
M,V,62,0.372675,0.823,deleterious,1.0,deleterious,4.31276,14.769,9.54088,0.0,17.03784001,27.21327326,1,1,1,1,0,1,1,0,0
N,K,61,-0.05566795,0.155,neutral,0.001,neutral,0.96098,0.115,0.53799,0.653658537,19.17789597,28.76436193,0,0,0,0,0,0,0,0,0
M,K,61,0.135661,0.372,neutral,0.429,neutral,-0.101747,-0.339,-0.2203735,0.653658537,19.17789597,28.76436193,1,0,0,0,0,0,0,0,0
R,K,61,-0.0922368,0.292,neutral,0.0,neutral,-0.050273,-0.112,-0.0811365,0.653658537,19.17789597,28.76436193,0,0,0,0,0,0,0,0,0
T,K,61,0.14124,0.426,neutral,0.066,neutral,1.11384,2.159,1.63642,0.653658537,19.17789597,28.76436193,1,0,0,0,0,0,0,0,0
E,K,61,0.0987131,0.12,neutral,0.0,neutral,0.241786,0.721,0.481393,0.653658537,19.17789597,28.76436193,0,0,0,0,0,0,0,0,0
Q,K,61,-0.0798084,0.223,neutral,0.0,neutral,-0.358426,2.414,1.027787,0.653658537,19.17789597,28.76436193,0,0,0,0,0,0,0,0,0
P,L,60,0.574989,0.758,deleterious,0.998,deleterious,5.13643,18.82,11.978215,0.073170732,18.1379804,27.80241114,1,1,1,1,0,1,1,0,0
Q,L,60,0.564837,0.743,deleterious,0.984,deleterious,2.72837,5.656,4.192185,0.073170732,18.1379804,27.80241114,1,1,1,1,0,1,1,0,0
R,L,60,0.512504,0.738,deleterious,0.983,deleterious,2.33154,8.414,5.37277,0.073170732,18.1379804,27.80241114,1,1,1,1,0,1,1,0,0
I,L,60,0.11849,0.207,neutral,0.001,neutral,1.68006,1.174,1.42703,0.073170732,18.1379804,27.80241114,0,1,0,0,0,1,1,0,0
V,L,60,0.208813,0.226,neutral,0.005,neutral,1.49958,1.944,1.72179,0.073170732,18.1379804,27.80241114,1,1,0,0,0,1,1,0,0
D,E,59,0.212013,0.555,neutral,0.026,neutral,0.626273,0.923,0.7746365,0.675257732,18.63893668,30.32895293,1,0,0,0,0,0,0,0,0
A,E,59,0.26136,0.225,neutral,0.005,neutral,0.445337,-0.128,0.1586685,0.675257732,18.63893668,30.32895293,1,0,0,0,0,0,0,0,0
G,E,59,0.34238,0.631,neutral,0.405,neutral,1.14618,2.931,2.03859,0.675257732,18.63893668,30.32895293,1,0,0,0,0,0,0,0,0
V,E,59,0.329209,0.713,prob.delet.,0.112,neutral,0.213999,2.712,1.4629995,0.675257732,18.63893668,30.32895293,1,0,0,0,0,0,0,0,0
K,E,59,0.110922,0.231,neutral,0.023,neutral,0.0978737,1.209,0.65343685,0.675257732,18.63893668,30.32895293,0,0,0,0,0,0,0,0,0
Q,E,59,0.226544,0.254,neutral,0.007,neutral,0.242452,1.143,0.692726,0.675257732,18.63893668,30.32895293,1,0,0,0,0,0,0,0,0
A,G,58,0.535454,0.94,deleterious,1.0,deleterious,2.29535,11.957,7.126175,0.345238095,18.04114809,30.06978859,1,1,1,1,0,0,1,0,0
D,G,58,0.561372,0.927,deleterious,1.0,deleterious,1.95306,8.595,5.27403,0.345238095,18.04114809,30.06978859,1,1,1,1,0,0,1,0,0
V,G,58,0.568971,0.925,deleterious,1.0,deleterious,5.13854,15.592,10.36527,0.345238095,18.04114809,30.06978859,1,1,1,1,0,0,1,0,0
C,G,58,0.586794,0.925,deleterious,1.0,deleterious,2.68418,13.644,8.16409,0.345238095,18.04114809,30.06978859,1,1,1,1,0,0,1,0,0
R,G,58,0.571643,0.93,deleterious,1.0,deleterious,1.84118,5.209,3.52509,0.345238095,18.04114809,30.06978859,1,1,1,1,0,0,1,0,0
S,G,58,0.57881,0.945,deleterious,1.0,deleterious,2.62461,8.065,5.344805,0.345238095,18.04114809,30.06978859,1,1,1,1,0,0,1,0,0
L,F,57,0.2901479999999999,0.151,neutral,0.004,neutral,0.167601,-15.164,-7.4981995,0.456852792,14.2667386,27.85771723,1,0,0,0,0,0,0,0,0
C,F,57,0.51289,0.713,deleterious,0.996,deleterious,1.50508,1.218,1.36154,0.456852792,14.2667386,27.85771723,1,1,0,0,0,0,0,0,0
S,F,57,0.510908,0.681,prob.delet.,0.956,deleterious,2.28735,-7.94,-2.826325,0.456852792,14.2667386,27.85771723,1,1,0,0,0,0,0,0,0
Y,F,57,0.297501,0.571,neutral,0.799,deleterious,0.653879,-4.266,-1.8060605,0.456852792,14.2667386,27.85771723,1,0,0,0,0,0,0,0,0
I,F,57,0.274726,0.357,neutral,0.017,neutral,1.70545,-4.563,-1.428775,0.456852792,14.2667386,27.85771723,1,1,0,0,0,0,0,0,0
L,F,57,0.346835,0.151,neutral,0.004,neutral,0.167601,-15.164,-7.4981995,0.456852792,14.2667386,27.85771723,1,0,0,0,0,0,0,0,0
V,F,57,0.454035,0.585,neutral,0.158,neutral,2.43487,8.221,5.327935,0.456852792,14.2667386,27.85771723,1,1,1,1,0,0,1,0,0
I,T,56,0.44562,0.631,neutral,0.924,deleterious,-0.332366,-0.007,-0.169683,0.774647887,14.45566609,28.66051646,1,0,0,0,0,0,0,0,0
N,T,56,0.0745936,0.682,prob.delet.,0.563,deleterious,0.00659589,-1.686,-0.839702055,0.774647887,14.45566609,28.66051646,0,0,0,0,0,0,0,0,0
S,T,56,0.156603,0.241,neutral,0.002,neutral,-0.100124,6.924,3.411938,0.774647887,14.45566609,28.66051646,1,0,1,1,0,0,1,0,0
A,T,56,0.210988,0.395,neutral,0.004,neutral,-0.144921,11.106,5.4805395,0.774647887,14.45566609,28.66051646,1,0,1,1,0,0,1,0,0
P,T,56,0.413881,0.631,neutral,0.723,deleterious,-1.19838,3.133,0.96731,0.774647887,14.45566609,28.66051646,1,0,0,0,0,0,0,0,0
S,T,56,0.144847,0.241,neutral,0.002,neutral,-0.100124,6.924,3.411938,0.774647887,14.45566609,28.66051646,1,0,1,1,0,0,1,0,0
E,D,55,0.4296275,0.753,deleterious,0.995,deleterious,1.25785,6.61,3.933925,0.165644172,14.32055634,27.31529653,1,0,1,1,0,0,1,0,0
A,D,55,0.480126,0.839,deleterious,1.0,deleterious,1.13286,4.573,2.85293,0.165644172,14.32055634,27.31529653,1,0,0,1,0,0,1,0,0
G,D,55,0.499867,0.855,deleterious,1.0,deleterious,1.74504,7.368,4.55652,0.165644172,14.32055634,27.31529653,1,1,1,1,0,0,1,0,0
V,D,55,0.507472,0.842,deleterious,1.0,deleterious,-0.424226,0.707,0.141387,0.165644172,14.32055634,27.31529653,1,0,0,0,0,0,0,0,0
H,D,55,0.505398,0.802,deleterious,1.0,deleterious,7.8121,7.8,7.80605,0.165644172,14.32055634,27.31529653,1,1,1,1,0,0,1,0,0
N,D,55,0.0695538,0.865,deleterious,1.0,deleterious,0.852877,2.557,1.7049385,0.165644172,14.32055634,27.31529653,0,0,0,0,0,0,0,0,0
Y,D,55,0.505549,0.875,deleterious,1.0,deleterious,7.03603,5.192,6.114015,0.165644172,14.32055634,27.31529653,1,1,1,1,0,0,1,0,0
C,Y,54,-0.00927238,0.298,neutral,0.001,neutral,0.756095,2.022,1.3890475,0.671171171,14.31850919,29.35392624,0,0,0,0,0,0,0,0,0
F,Y,54,-0.161424,0.289,neutral,0.0,neutral,-0.145588,-2.891,-1.518294,0.671171171,14.31850919,29.35392624,0,0,0,0,0,0,0,0,0
S,Y,54,-0.138315,0.131,neutral,0.0,neutral,0.71771,1.952,1.334855,0.671171171,14.31850919,29.35392624,0,0,0,0,0,0,0,0,0
D,Y,54,-0.000392379,0.519,neutral,0.102,neutral,1.87225,-1.373,0.249625,0.671171171,14.31850919,29.35392624,0,1,0,0,0,0,0,0,0
H,Y,54,-0.0938574,0.253,neutral,0.0,neutral,1.01435,0.764,0.889175,0.671171171,14.31850919,29.35392624,0,0,0,0,0,0,0,0,0
N,Y,54,-0.00808527,0.499,neutral,0.102,neutral,1.50278,-1.977,-0.23711,0.671171171,14.31850919,29.35392624,0,1,0,0,0,0,0,0,0
D,E,53,0.2310415,0.731,deleterious,0.994,deleterious,0.235738,1.074,0.654869,0.103092784,13.86694199,29.80562733,1,0,0,0,0,1,1,0,0
A,E,53,0.485864,0.809,deleterious,1.0,deleterious,1.19116,3.836,2.51358,0.103092784,13.86694199,29.80562733,1,0,0,1,0,1,1,0,0
G,E,53,0.505129,0.768,deleterious,1.0,deleterious,1.84827,6.925,4.386635,0.103092784,13.86694199,29.80562733,1,1,1,1,0,1,1,0,0
V,E,53,0.506868,0.759,deleterious,1.0,deleterious,1.32149,0.539,0.930245,0.103092784,13.86694199,29.80562733,1,0,0,0,0,1,1,0,0
K,E,53,0.338658,0.881,deleterious,1.0,deleterious,1.29327,9.128,5.210635,0.103092784,13.86694199,29.80562733,1,0,1,1,0,1,1,0,0
Q,E,53,0.433006,0.839,deleterious,1.0,deleterious,1.16021,4.258,2.709105,0.103092784,13.86694199,29.80562733,1,0,0,1,0,1,1,0,0
M,I,52,-0.109381,0.197,neutral,0.004,neutral,-0.308357,1.394,0.5428215,0.431952663,16.93435629,32.03280212,0,0,0,0,0,0,0,0,0
K,I,52,-0.010368,0.322,neutral,0.0,neutral,0.787199,4.602,2.6945995,0.431952663,16.93435629,32.03280212,0,0,0,1,0,0,1,0,0
R,I,52,0.0242636,0.539,neutral,0.035,neutral,1.13564,2.128,1.63182,0.431952663,16.93435629,32.03280212,0,0,0,0,0,0,0,0,0
T,I,52,-0.145372,0.184,neutral,0.0,neutral,0.963061,2.215,1.5890305,0.431952663,16.93435629,32.03280212,0,0,0,0,0,0,0,0,0
L,I,52,-0.1844609999999999,0.097,neutral,0.0,neutral,0.0392425,-1.436,-0.69837875,0.431952663,16.93435629,32.03280212,0,0,0,0,0,0,0,0,0
V,I,52,-0.265314,0.11,neutral,0.0,neutral,0.916174,0.615,0.765587,0.431952663,16.93435629,32.03280212,0,0,0,0,0,0,0,0,0
L,R,51,0.50467,0.839,deleterious,1.0,deleterious,2.05588,2.022,2.03894,0.14516129,17.42033636,32.27567249,1,1,0,0,0,1,1,0,0
P,R,51,0.497248,0.9,deleterious,1.0,deleterious,3.97582,17.75,10.86291,0.14516129,17.42033636,32.27567249,1,1,1,1,0,1,1,0,0
Q,R,51,0.503181,0.852,deleterious,1.0,deleterious,2.40467,7.509,4.956835,0.14516129,17.42033636,32.27567249,1,1,1,1,0,1,1,0,0
G,R,51,0.438676,0.839,deleterious,1.0,deleterious,3.0131,9.092,6.05255,0.14516129,17.42033636,32.27567249,1,1,1,1,0,1,1,0,0
W,R,51,0.446505,0.863,deleterious,1.0,deleterious,2.569,2.542,2.5555,0.14516129,17.42033636,32.27567249,1,1,0,1,0,1,1,0,0
L,F,50,0.00168344,0.235,neutral,0.03,neutral,0.990414,2.156,1.573207,0.538071066,20.36104043,31.8387706,0,0,0,0,0,0,0,0,0
C,F,50,0.193726,0.618,neutral,0.967,deleterious,1.57527,3.674,2.624635,0.538071066,20.36104043,31.8387706,1,1,0,1,0,0,1,0,0
S,F,50,0.1371,0.323,neutral,0.031,neutral,2.94173,5.015,3.978365,0.538071066,20.36104043,31.8387706,1,1,1,1,0,0,1,0,0
Y,F,50,-0.0707298,0.109,neutral,0.0,neutral,0.240906,0.486,0.363453,0.538071066,20.36104043,31.8387706,0,0,0,0,0,0,0,0,0
I,F,50,0.0595479,0.171,neutral,0.001,neutral,2.2606,1.613,1.9368,0.538071066,20.36104043,31.8387706,0,1,0,0,0,0,0,0,0
L,F,50,0.0713952,0.235,neutral,0.03,neutral,0.990414,2.156,1.573207,0.538071066,20.36104043,31.8387706,0,0,0,0,0,0,0,0,0
V,F,50,0.151609,0.167,neutral,0.001,neutral,1.96484,0.9,1.43242,0.538071066,20.36104043,31.8387706,1,1,0,0,0,0,0,0,0
C,S,49,0.0420892,0.535,neutral,0.86,deleterious,0.0673518,7.99,4.0286759,0.992307692,23.46114822,33.71310025,0,0,1,1,0,0,1,0,0
F,S,49,0.0587329,0.529,neutral,0.62,deleterious,0.18208,4.837,2.50954,0.992307692,23.46114822,33.71310025,0,0,1,1,0,0,1,0,0
Y,S,49,0.0666251,0.546,neutral,0.833,deleterious,0.474099,4.829,2.6515495,0.992307692,23.46114822,33.71310025,0,0,1,1,0,0,1,0,0
A,S,49,-0.213453,0.086,neutral,0.0,neutral,0.0613632,3.265,1.6631816,0.992307692,23.46114822,33.71310025,0,0,0,0,0,0,0,0,0
P,S,49,0.111589,0.461,neutral,0.318,neutral,0.239468,-0.563,-0.161766,0.992307692,23.46114822,33.71310025,0,0,0,0,0,0,0,0,0
T,S,49,-0.161261,0.155,neutral,0.003,neutral,0.688941,1.594,1.1414705,0.992307692,23.46114822,33.71310025,0,0,0,0,0,0,0,0,0
